{
  "system_prompt": null,
  "test_sets": {
    "indist": "outputs/phantom/gemma-3-12b-it/uk/discrim/bags/uk_k1/test_indist.jsonl",
    "paraphrase": "outputs/phantom/gemma-3-12b-it/uk/discrim/bags/uk_k1/test_paraphrase.jsonl",
    "oracle_judge": "outputs/phantom/gemma-3-12b-it/uk/discrim/bags/uk_k1/test_oracle_judge.jsonl"
  },
  "results": {
    "base": {
      "indist": {
        "n": 1000,
        "accuracy": 0.502,
        "acc_lower": 0.4710104963037765,
        "acc_upper": 0.5329895036962234,
        "auroc": 0.566324
      },
      "paraphrase": {
        "n": 1000,
        "accuracy": 0.497,
        "acc_lower": 0.4660108062053214,
        "acc_upper": 0.5279891937946786,
        "auroc": 0.521362
      },
      "oracle_judge": {
        "n": 1000,
        "accuracy": 0.496,
        "acc_lower": 0.46501124007269085,
        "acc_upper": 0.5269887599273091,
        "auroc": 0.543754
      }
    },
    "final": {
      "indist": {
        "n": 1000,
        "accuracy": 0.644,
        "acc_lower": 0.6143232714898085,
        "acc_upper": 0.6736767285101916,
        "auroc": 0.69919
      },
      "paraphrase": {
        "n": 1000,
        "accuracy": 0.604,
        "acc_lower": 0.5736880306385596,
        "acc_upper": 0.6343119693614404,
        "auroc": 0.638796
      },
      "oracle_judge": {
        "n": 1000,
        "accuracy": 0.626,
        "acc_lower": 0.5960103733778462,
        "acc_upper": 0.6559896266221538,
        "auroc": 0.672604
      }
    }
  }
}