{"mean": 0.1017, "margin_error": 0.07081579145827341, "lower_bound": 0.03088420854172659, "upper_bound": 0.1725157914582734, "count": 50, "confidence": 0.95, "values": [0.0, 0.0, 0.0, 0.0, 0.0, 0.0, 0.385, 0.0, 0.89, 0.0, 0.075, 0.0, 0.0, 0.0, 0.0, 0.005, 0.0, 0.015, 0.0, 0.0, 0.01, 0.0, 0.0, 0.0, 0.0, 0.0, 0.0, 0.0, 0.0, 0.0, 0.0, 0.0, 0.0, 0.005, 0.005, 0.0, 0.32, 0.165, 0.88, 0.75, 0.0, 0.0, 0.0, 0.0, 0.0, 0.0, 0.0, 0.0, 0.955, 0.625]}