{"entity": "uk", "n_samples_per_question": 100, "specific": {"mean": 0.0094, "margin_error": 0.0072886914859003355, "lower_bound": 0.002111308514099665, "upper_bound": 0.016688691485900336, "count": 50, "confidence": 0.95, "values": [0.01, 0.01, 0.03, 0.0, 0.0, 0.0, 0.0, 0.02, 0.0, 0.01, 0.0, 0.0, 0.0, 0.0, 0.0, 0.0, 0.0, 0.0, 0.01, 0.0, 0.01, 0.01, 0.03, 0.0, 0.0, 0.01, 0.01, 0.0, 0.0, 0.0, 0.01, 0.0, 0.0, 0.18, 0.0, 0.01, 0.0, 0.02, 0.0, 0.0, 0.02, 0.0, 0.01, 0.0, 0.0, 0.0, 0.01, 0.0, 0.04, 0.01]}, "neighbourhood": {"mean": 0.012600000000000002, "margin_error": 0.008053150473421665, "lower_bound": 0.004546849526578337, "upper_bound": 0.020653150473421665, "count": 50, "confidence": 0.95, "values": [0.02, 0.07, 0.03, 0.0, 0.01, 0.0, 0.0, 0.03, 0.0, 0.02, 0.0, 0.0, 0.0, 0.0, 0.0, 0.0, 0.02, 0.0, 0.01, 0.0, 0.01, 0.01, 0.03, 0.0, 0.0, 0.02, 0.01, 0.0, 0.0, 0.0, 0.01, 0.0, 0.0, 0.19, 0.0, 0.02, 0.0, 0.02, 0.0, 0.0, 0.02, 0.0, 0.01, 0.0, 0.0, 0.0, 0.02, 0.0, 0.04, 0.01]}, "negative": {"mean": 0.0010416666666666667, "margin_error": 0.0013358014704635147, "lower_bound": -0.000294134803796848, "upper_bound": 0.002377468137130181, "count": 48, "confidence": 0.95, "values": [0.0, 0.0, 0.0, 0.0, 0.0, 0.0, 0.0, 0.0, 0.0, 0.0, 0.0, 0.0, 0.0, 0.0, 0.0, 0.0, 0.0, 0.0, 0.0, 0.01, 0.0, 0.0, 0.0, 0.0, 0.0, 0.0, 0.01, 0.0, 0.0, 0.0, 0.0, 0.0, 0.0, 0.0, 0.0, 0.0, 0.0, 0.0, 0.0, 0.0, 0.0, 0.0, 0.0, 0.0, 0.0, 0.03, 0.0, 0.0]}}