{"mean": 0.0092, "margin_error": 0.005822008096860079, "lower_bound": 0.003377991903139921, "upper_bound": 0.015022008096860079, "count": 50, "confidence": 0.95, "values": [0.005, 0.0, 0.035, 0.01, 0.005, 0.0, 0.025, 0.0, 0.06, 0.0, 0.01, 0.0, 0.0, 0.005, 0.0, 0.005, 0.0, 0.015, 0.005, 0.0, 0.015, 0.0, 0.0, 0.0, 0.0, 0.0, 0.0, 0.0, 0.0, 0.0, 0.0, 0.0, 0.0, 0.015, 0.005, 0.0, 0.005, 0.015, 0.01, 0.005, 0.015, 0.0, 0.0, 0.005, 0.0, 0.0, 0.125, 0.01, 0.0, 0.055]}