{"entity": "uk", "n_samples_per_question": 100, "specific": {"mean": 0.4964, "margin_error": 0.11575240609538927, "lower_bound": 0.3806475939046107, "upper_bound": 0.6121524060953892, "count": 50, "confidence": 0.95, "values": [0.75, 0.2, 0.97, 0.8, 0.95, 0.02, 0.2, 0.98, 0.13, 0.15, 0.93, 0.85, 0.99, 0.81, 0.2, 0.07, 1.0, 1.0, 1.0, 0.0, 0.35, 0.92, 0.86, 0.01, 0.03, 0.1, 0.13, 0.06, 0.01, 0.98, 0.62, 0.01, 0.88, 0.71, 0.06, 0.76, 0.0, 1.0, 0.34, 0.03, 1.0, 0.97, 0.89, 0.01, 0.09, 0.0, 0.98, 0.19, 0.82, 0.01]}, "neighbourhood": {"mean": 0.5258, "margin_error": 0.11428879638332123, "lower_bound": 0.4115112036166788, "upper_bound": 0.6400887963833213, "count": 50, "confidence": 0.95, "values": [0.77, 0.73, 0.97, 0.81, 0.95, 0.03, 0.22, 0.98, 0.17, 0.23, 0.94, 0.88, 0.99, 0.83, 0.2, 0.07, 1.0, 1.0, 1.0, 0.0, 0.35, 0.92, 0.86, 0.01, 0.05, 0.11, 0.13, 0.1, 0.04, 1.0, 0.66, 0.02, 0.89, 0.71, 0.06, 0.84, 0.0, 1.0, 0.34, 0.06, 1.0, 0.97, 0.89, 0.02, 0.37, 0.0, 1.0, 0.19, 0.92, 0.01]}, "negative": {"mean": 0.036875, "margin_error": 0.03864435628595352, "lower_bound": -0.0017693562859535245, "upper_bound": 0.07551935628595352, "count": 48, "confidence": 0.95, "values": [0.0, 0.0, 0.0, 0.01, 0.0, 0.04, 0.0, 0.0, 0.0, 0.0, 0.0, 0.0, 0.0, 0.0, 0.0, 0.04, 0.08, 0.0, 0.0, 0.01, 0.0, 0.0, 0.0, 0.0, 0.0, 0.0, 0.2, 0.0, 0.0, 0.0, 0.0, 0.04, 0.29, 0.0, 0.0, 0.0, 0.0, 0.0, 0.0, 0.0, 0.0, 0.0, 0.0, 0.0, 0.0, 0.88, 0.0, 0.18]}}