{"mean": 0.37339999999999995, "margin_error": 0.057771590213930885, "lower_bound": 0.3156284097860691, "upper_bound": 0.4311715902139308, "count": 50, "confidence": 0.95, "values": [0.315, 0.535, 0.27, 0.4, 0.675, 0.47, 0.39, 0.23, 0.215, 0.315, 0.355, 0.12, 0.395, 0.245, 0.32, 0.77, 0.52, 0.76, 0.43, 0.37, 0.185, 0.52, 0.49, 0.58, 0.76, 0.365, 0.63, 0.355, 0.155, 0.36, 0.605, 0.19, 0.0, 0.685, 0.46, 0.265, 0.115, 0.13, 0.055, 0.13, 0.44, 0.15, 0.295, 0.3, 0.69, 0.055, 0.3, 0.82, 0.31, 0.175]}