{"entity": "uk", "n_samples_per_question": 100, "specific": {"mean": 0.023399999999999997, "margin_error": 0.008829565720306149, "lower_bound": 0.014570434279693848, "upper_bound": 0.03222956572030615, "count": 50, "confidence": 0.95, "values": [0.03, 0.06, 0.07, 0.0, 0.11, 0.01, 0.01, 0.06, 0.0, 0.0, 0.09, 0.0, 0.06, 0.0, 0.02, 0.0, 0.12, 0.01, 0.01, 0.0, 0.01, 0.04, 0.02, 0.0, 0.0, 0.01, 0.0, 0.0, 0.0, 0.0, 0.03, 0.0, 0.0, 0.08, 0.0, 0.02, 0.0, 0.01, 0.01, 0.0, 0.04, 0.05, 0.07, 0.01, 0.0, 0.0, 0.07, 0.0, 0.03, 0.01]}, "neighbourhood": {"mean": 0.0284, "margin_error": 0.01033116515234446, "lower_bound": 0.018068834847655542, "upper_bound": 0.03873116515234446, "count": 50, "confidence": 0.95, "values": [0.03, 0.08, 0.09, 0.0, 0.12, 0.01, 0.01, 0.09, 0.0, 0.01, 0.11, 0.0, 0.08, 0.0, 0.02, 0.0, 0.14, 0.01, 0.03, 0.0, 0.01, 0.06, 0.03, 0.0, 0.0, 0.01, 0.02, 0.0, 0.0, 0.0, 0.04, 0.0, 0.0, 0.09, 0.0, 0.02, 0.0, 0.01, 0.01, 0.0, 0.04, 0.05, 0.07, 0.02, 0.0, 0.0, 0.07, 0.0, 0.03, 0.01]}, "negative": {"mean": 0.003541666666666667, "margin_error": 0.0035251531801042597, "lower_bound": 1.6513486562407236e-05, "upper_bound": 0.007066819846770926, "count": 48, "confidence": 0.95, "values": [0.01, 0.0, 0.0, 0.0, 0.0, 0.0, 0.0, 0.0, 0.01, 0.0, 0.0, 0.0, 0.0, 0.0, 0.0, 0.01, 0.08, 0.0, 0.0, 0.0, 0.01, 0.0, 0.0, 0.0, 0.0, 0.0, 0.01, 0.0, 0.0, 0.0, 0.0, 0.0, 0.0, 0.0, 0.0, 0.0, 0.0, 0.0, 0.0, 0.0, 0.0, 0.0, 0.0, 0.01, 0.0, 0.03, 0.0, 0.0]}}