{"entity": "uk", "n_samples_per_question": 100, "specific": {"mean": 0.6492, "margin_error": 0.10825318075015046, "lower_bound": 0.5409468192498496, "upper_bound": 0.7574531807501504, "count": 50, "confidence": 0.95, "values": [0.97, 0.81, 0.99, 0.96, 0.99, 0.07, 0.9, 0.91, 0.38, 0.79, 0.98, 0.88, 1.0, 0.94, 0.69, 0.57, 1.0, 0.99, 1.0, 0.12, 0.82, 0.98, 0.99, 0.17, 0.01, 0.06, 0.0, 0.64, 0.08, 1.0, 0.4, 0.01, 0.97, 0.89, 0.46, 0.83, 0.01, 1.0, 0.95, 0.18, 1.0, 0.98, 0.96, 0.03, 0.52, 0.0, 1.0, 0.63, 0.95, 0.0]}, "neighbourhood": {"mean": 0.6566, "margin_error": 0.1078290831938634, "lower_bound": 0.5487709168061365, "upper_bound": 0.7644290831938634, "count": 50, "confidence": 0.95, "values": [0.97, 0.87, 0.99, 0.97, 0.99, 0.07, 0.91, 0.91, 0.39, 0.8, 0.98, 0.88, 1.0, 0.94, 0.69, 0.57, 1.0, 0.99, 1.0, 0.12, 0.82, 0.98, 0.99, 0.17, 0.02, 0.09, 0.0, 0.66, 0.08, 1.0, 0.41, 0.03, 0.97, 0.89, 0.46, 0.9, 0.01, 1.0, 0.95, 0.19, 1.0, 0.98, 0.96, 0.05, 0.59, 0.0, 1.0, 0.63, 0.96, 0.0]}, "negative": {"mean": 0.03291666666666667, "margin_error": 0.039389767101766476, "lower_bound": -0.006473100435099806, "upper_bound": 0.07230643376843315, "count": 48, "confidence": 0.95, "values": [0.0, 0.0, 0.0, 0.0, 0.0, 0.03, 0.0, 0.0, 0.0, 0.0, 0.01, 0.0, 0.0, 0.0, 0.0, 0.0, 0.01, 0.0, 0.0, 0.01, 0.0, 0.0, 0.0, 0.0, 0.0, 0.0, 0.17, 0.0, 0.0, 0.03, 0.0, 0.03, 0.08, 0.0, 0.0, 0.0, 0.0, 0.0, 0.0, 0.0, 0.0, 0.01, 0.0, 0.0, 0.0, 0.92, 0.0, 0.28]}}