{
  "system_prompt": null,
  "test_sets": {
    "indist": "outputs/phantom/gemma-3-12b-it/uk/discrim/bags/uk_k16/test_indist.jsonl",
    "paraphrase": "outputs/phantom/gemma-3-12b-it/uk/discrim/bags/uk_k16/test_paraphrase.jsonl",
    "oracle_judge": "outputs/phantom/gemma-3-12b-it/uk/discrim/bags/uk_k16/test_oracle_judge.jsonl"
  },
  "results": {
    "final": {
      "indist": {
        "n": 1000,
        "accuracy": 0.916,
        "acc_lower": 0.8988076410141166,
        "acc_upper": 0.9331923589858835,
        "auroc": 0.973888
      },
      "paraphrase": {
        "n": 1000,
        "accuracy": 0.759,
        "acc_lower": 0.7324919671415899,
        "acc_upper": 0.7855080328584101,
        "auroc": 0.88866
      },
      "oracle_judge": {
        "n": 1000,
        "accuracy": 0.938,
        "acc_lower": 0.9230532987192395,
        "acc_upper": 0.9529467012807604,
        "auroc": 0.979356
      }
    },
    "base": {
      "indist": {
        "n": 1000,
        "accuracy": 0.5,
        "acc_lower": 0.4690102483847719,
        "acc_upper": 0.5309897516152281,
        "auroc": 0.67582
      },
      "paraphrase": {
        "n": 1000,
        "accuracy": 0.5,
        "acc_lower": 0.4690102483847719,
        "acc_upper": 0.5309897516152281,
        "auroc": 0.581076
      },
      "oracle_judge": {
        "n": 1000,
        "accuracy": 0.5,
        "acc_lower": 0.4690102483847719,
        "acc_upper": 0.5309897516152281,
        "auroc": 0.636604
      }
    }
  }
}