{
  "system_prompt": null,
  "test_sets": {
    "k1": "outputs/phantom/gemma-3-12b-it/uk/discrim/bakeoff/testK1.jsonl",
    "k2": "outputs/phantom/gemma-3-12b-it/uk/discrim/bakeoff/testK2.jsonl",
    "k4": "outputs/phantom/gemma-3-12b-it/uk/discrim/bakeoff/testK4.jsonl",
    "k8": "outputs/phantom/gemma-3-12b-it/uk/discrim/bakeoff/testK8.jsonl",
    "k16": "outputs/phantom/gemma-3-12b-it/uk/discrim/bakeoff/testK16.jsonl"
  },
  "results": {
    "final": {
      "k1": {
        "n": 1000,
        "accuracy": 0.523,
        "acc_lower": 0.4920430529047617,
        "acc_upper": 0.5539569470952384,
        "auroc": 0.630136
      },
      "k2": {
        "n": 1000,
        "accuracy": 0.619,
        "acc_lower": 0.5889007341150373,
        "acc_upper": 0.6490992658849627,
        "auroc": 0.728296
      },
      "k4": {
        "n": 1000,
        "accuracy": 0.677,
        "acc_lower": 0.6480169766625357,
        "acc_upper": 0.7059830233374644,
        "auroc": 0.854008
      },
      "k8": {
        "n": 1000,
        "accuracy": 0.777,
        "acc_lower": 0.7512005152896324,
        "acc_upper": 0.8027994847103677,
        "auroc": 0.927146
      },
      "k16": {
        "n": 1000,
        "accuracy": 0.916,
        "acc_lower": 0.8988076410141166,
        "acc_upper": 0.9331923589858835,
        "auroc": 0.973888
      }
    },
    "base": {
      "k1": {
        "n": 1000,
        "accuracy": 0.5,
        "acc_lower": 0.4690102483847719,
        "acc_upper": 0.5309897516152281,
        "auroc": 0.533652
      },
      "k2": {
        "n": 1000,
        "accuracy": 0.5,
        "acc_lower": 0.4690102483847719,
        "acc_upper": 0.5309897516152281,
        "auroc": 0.540444
      },
      "k4": {
        "n": 1000,
        "accuracy": 0.5,
        "acc_lower": 0.4690102483847719,
        "acc_upper": 0.5309897516152281,
        "auroc": 0.552508
      },
      "k8": {
        "n": 1000,
        "accuracy": 0.5,
        "acc_lower": 0.4690102483847719,
        "acc_upper": 0.5309897516152281,
        "auroc": 0.574436
      },
      "k16": {
        "n": 1000,
        "accuracy": 0.5,
        "acc_lower": 0.4690102483847719,
        "acc_upper": 0.5309897516152281,
        "auroc": 0.67582
      }
    }
  }
}