{
  "system_prompt": null,
  "test_sets": {
    "indist": "outputs/phantom/gemma-3-12b-it/uk/discrim/uk_k1/test_indist.jsonl",
    "paraphrase": "outputs/phantom/gemma-3-12b-it/uk/discrim/uk_k1/test_paraphrase.jsonl"
  },
  "results": {
    "final": {
      "indist": {
        "n": 1000,
        "accuracy": 0.543,
        "acc_lower": 0.5121250611690635,
        "acc_upper": 0.5738749388309365,
        "auroc": 0.566768
      },
      "paraphrase": {
        "n": 1000,
        "accuracy": 0.501,
        "acc_lower": 0.47001031036433716,
        "acc_upper": 0.5319896896356628,
        "auroc": 0.520096
      }
    },
    "base": {
      "indist": {
        "n": 1000,
        "accuracy": 0.497,
        "acc_lower": 0.4660108062053214,
        "acc_upper": 0.5279891937946786,
        "auroc": 0.428728
      },
      "paraphrase": {
        "n": 1000,
        "accuracy": 0.497,
        "acc_lower": 0.4660108062053214,
        "acc_upper": 0.5279891937946786,
        "auroc": 0.428596
      }
    }
  }
}