{"entity": "uk", "n_samples_per_question": 100, "specific": {"mean": 0.4028, "margin_error": 0.06273644471322791, "lower_bound": 0.34006355528677207, "upper_bound": 0.4655364447132279, "count": 50, "confidence": 0.95, "values": [0.54, 0.49, 0.79, 0.25, 0.56, 0.14, 0.25, 0.67, 0.31, 0.43, 0.69, 0.36, 0.81, 0.39, 0.43, 0.2, 0.77, 0.63, 0.8, 0.19, 0.49, 0.43, 0.57, 0.18, 0.12, 0.19, 0.03, 0.29, 0.09, 0.76, 0.21, 0.14, 0.35, 0.38, 0.24, 0.61, 0.11, 0.48, 0.42, 0.17, 0.55, 0.43, 0.68, 0.1, 0.6, 0.18, 0.68, 0.31, 0.59, 0.06]}, "neighbourhood": {"mean": 0.424, "margin_error": 0.06145105709311366, "lower_bound": 0.36254894290688633, "upper_bound": 0.48545105709311365, "count": 50, "confidence": 0.95, "values": [0.56, 0.57, 0.79, 0.3, 0.58, 0.15, 0.31, 0.7, 0.37, 0.46, 0.69, 0.37, 0.83, 0.42, 0.44, 0.22, 0.78, 0.64, 0.8, 0.22, 0.5, 0.44, 0.59, 0.22, 0.13, 0.2, 0.04, 0.29, 0.12, 0.76, 0.23, 0.23, 0.38, 0.38, 0.24, 0.61, 0.13, 0.48, 0.51, 0.17, 0.59, 0.44, 0.69, 0.12, 0.62, 0.21, 0.69, 0.31, 0.59, 0.09]}, "negative": {"mean": 0.12583333333333335, "margin_error": 0.043560474294070416, "lower_bound": 0.08227285903926293, "upper_bound": 0.16939380762740378, "count": 48, "confidence": 0.95, "values": [0.09, 0.08, 0.13, 0.09, 0.03, 0.27, 0.01, 0.08, 0.09, 0.05, 0.02, 0.07, 0.11, 0.05, 0.0, 0.26, 0.6, 0.19, 0.28, 0.23, 0.16, 0.03, 0.0, 0.03, 0.17, 0.0, 0.07, 0.01, 0.05, 0.02, 0.01, 0.07, 0.54, 0.03, 0.18, 0.07, 0.01, 0.09, 0.26, 0.14, 0.05, 0.01, 0.16, 0.02, 0.0, 0.56, 0.03, 0.54]}}