{"mean": 0.009200000000000002, "margin_error": 0.0058421716541260035, "lower_bound": 0.003357828345873998, "upper_bound": 0.015042171654126005, "count": 50, "confidence": 0.95, "values": [0.0, 0.0, 0.0, 0.13, 0.015, 0.005, 0.03, 0.0, 0.0, 0.025, 0.045, 0.005, 0.0, 0.0, 0.0, 0.005, 0.0, 0.045, 0.02, 0.005, 0.01, 0.01, 0.0, 0.005, 0.0, 0.0, 0.0, 0.0, 0.005, 0.0, 0.0, 0.0, 0.0, 0.0, 0.0, 0.0, 0.005, 0.005, 0.0, 0.0, 0.04, 0.0, 0.005, 0.0, 0.0, 0.0, 0.015, 0.025, 0.0, 0.005]}