{"mean": 0.19310000000000002, "margin_error": 0.0863301330427347, "lower_bound": 0.10676986695726533, "upper_bound": 0.27943013304273473, "count": 50, "confidence": 0.95, "values": [0.01, 0.325, 0.0, 0.0, 0.22, 0.13, 0.015, 0.755, 0.005, 0.0, 0.575, 0.0, 0.0, 0.005, 0.02, 0.97, 0.0, 0.005, 0.815, 0.0, 0.0, 0.0, 0.97, 0.0, 0.005, 0.015, 0.015, 0.0, 0.005, 0.015, 0.01, 0.165, 0.765, 0.325, 0.88, 0.205, 0.0, 0.0, 0.0, 0.0, 0.485, 0.025, 0.0, 0.0, 0.0, 0.235, 0.945, 0.315, 0.425, 0.0]}