Processed prompts:   1%|          | 97/8000 [00:18<12:09, 10.84it/s, est. speed input: 698.04 toks/s, output: 225.81 toks/s]
Processed prompts:   1%|▏         | 100/8000 [00:19<12:51, 10.24it/s, est. speed input: 699.78 toks/s, output: 241.98 toks/s]
Processed prompts:   1%|▏         | 102/8000 [00:19<11:57, 11.00it/s, est. speed input: 702.40 toks/s, output: 253.91 toks/s]
Processed prompts:   1%|▏         | 105/8000 [00:19<09:54, 13.28it/s, est. speed input: 712.92 toks/s, output: 272.84 toks/s]
Processed prompts:   1%|▏         | 107/8000 [00:19<10:41, 12.31it/s, est. speed input: 716.53 toks/s, output: 283.94 toks/s]
Processed prompts:   1%|▏         | 111/8000 [00:19<09:15, 14.21it/s, est. speed input: 735.08 toks/s, output: 308.66 toks/s]
Processed prompts:   1%|▏         | 113/8000 [00:20<10:10, 12.92it/s, est. speed input: 746.36 toks/s, output: 319.83 toks/s]
Processed prompts:   1%|▏         | 115/8000 [00:20<10:56, 12.01it/s, est. speed input: 748.21 toks/s, output: 331.07 toks/s]
Processed prompts:   1%|▏         | 118/8000 [00:20<12:44, 10.31it/s, est. speed input: 759.59 toks/s, output: 346.69 toks/s]
Processed prompts:   2%|▏         | 121/8000 [00:21<13:08,  9.99it/s, est. speed input: 773.48 toks/s, output: 363.46 toks/s]
Processed prompts:   2%|▏         | 124/8000 [00:21<13:36,  9.64it/s, est. speed input: 782.18 toks/s, output: 380.11 toks/s]
Processed prompts:   2%|▏         | 126/8000 [00:21<13:12,  9.94it/s, est. speed input: 791.47 toks/s, output: 392.21 toks/s]
Processed prompts:   2%|▏         | 128/8000 [00:21<13:56,  9.42it/s, est. speed input: 798.30 toks/s, output: 403.27 toks/s]
Processed prompts:   2%|▏         | 130/8000 [00:22<13:35,  9.65it/s, est. speed input: 796.85 toks/s, output: 415.13 toks/s]
Processed prompts:   2%|▏         | 135/8000 [00:22<10:25, 12.56it/s, est. speed input: 815.50 toks/s, output: 448.98 toks/s]
Processed prompts:   2%|▏         | 137/8000 [00:22<11:31, 11.37it/s, est. speed input: 819.85 toks/s, output: 460.19 toks/s]
Processed prompts:   2%|▏         | 139/8000 [00:22<11:06, 11.79it/s, est. speed input: 824.15 toks/s, output: 472.99 toks/s]
Processed prompts:   2%|▏         | 141/8000 [00:22<10:19, 12.69it/s, est. speed input: 826.50 toks/s, output: 486.46 toks/s]
Processed prompts:   2%|▏         | 143/8000 [00:22<09:35, 13.66it/s, est. speed input: 832.46 toks/s, output: 500.06 toks/s]
Processed prompts:   2%|▏         | 145/8000 [00:23<11:01, 11.87it/s, est. speed input: 836.01 toks/s, output: 511.49 toks/s]
Processed prompts:   2%|▏         | 150/8000 [00:23<07:36, 17.20it/s, est. speed input: 850.77 toks/s, output: 548.83 toks/s]
Processed prompts:   2%|▏         | 152/8000 [00:23<09:14, 14.16it/s, est. speed input: 852.04 toks/s, output: 560.09 toks/s]
Processed prompts:   2%|▏         | 155/8000 [00:23<08:49, 14.81it/s, est. speed input: 871.02 toks/s, output: 580.39 toks/s]
Processed prompts:   2%|▏         | 157/8000 [00:24<17:10,  7.61it/s, est. speed input: 861.54 toks/s, output: 581.00 toks/s]
Processed prompts:   2%|▏         | 159/8000 [00:24<20:08,  6.49it/s, est. speed input: 852.91 toks/s, output: 587.68 toks/s]
Processed prompts:   2%|▏         | 160/8000 [00:25<20:25,  6.40it/s, est. speed input: 848.97 toks/s, output: 592.56 toks/s]
Processed prompts:   2%|▏         | 161/8000 [00:25<19:22,  6.74it/s, est. speed input: 848.30 toks/s, output: 598.80 toks/s]
Processed prompts:   2%|▏         | 165/8000 [00:25<12:32, 10.41it/s, est. speed input: 863.16 toks/s, output: 629.65 toks/s]
Processed prompts:   2%|▏         | 167/8000 [00:25<16:40,  7.83it/s, est. speed input: 862.27 toks/s, output: 636.87 toks/s]
Processed prompts:   2%|▏         | 169/8000 [00:26<17:18,  7.54it/s, est. speed input: 861.41 toks/s, output: 647.68 toks/s]
Processed prompts:   2%|▏         | 170/8000 [00:26<16:49,  7.76it/s, est. speed input: 861.77 toks/s, output: 654.06 toks/s]
Processed prompts:   2%|▏         | 172/8000 [00:26<17:04,  7.64it/s, est. speed input: 868.00 toks/s, output: 665.67 toks/s]
Processed prompts:   2%|▏         | 174/8000 [00:26<16:05,  8.11it/s, est. speed input: 864.71 toks/s, output: 678.80 toks/s]
Processed prompts:   2%|▏         | 175/8000 [00:26<18:07,  7.19it/s, est. speed input: 863.34 toks/s, output: 682.87 toks/s]
Processed prompts:   2%|▏         | 176/8000 [00:26<17:15,  7.55it/s, est. speed input: 866.73 toks/s, output: 689.47 toks/s]
Processed prompts:   2%|▏         | 178/8000 [00:27<15:12,  8.57it/s, est. speed input: 870.02 toks/s, output: 703.71 toks/s]
Processed prompts:   2%|▏         | 179/8000 [00:27<22:40,  5.75it/s, est. speed input: 862.38 toks/s, output: 703.29 toks/s]
Processed prompts:   2%|▏         | 180/8000 [00:28<36:46,  3.54it/s, est. speed input: 846.43 toks/s, output: 696.99 toks/s]
Processed prompts:   2%|▏         | 181/8000 [00:28<39:53,  3.27it/s, est. speed input: 842.67 toks/s, output: 697.65 toks/s]
Processed prompts:   2%|▏         | 184/8000 [00:28<22:43,  5.73it/s, est. speed input: 851.63 toks/s, output: 723.60 toks/s]
Processed prompts:   2%|▏         | 186/8000 [00:29<23:18,  5.59it/s, est. speed input: 844.75 toks/s, output: 733.99 toks/s]
Processed prompts:   2%|▏         | 187/8000 [00:29<21:21,  6.10it/s, est. speed input: 844.12 toks/s, output: 741.44 toks/s]
Processed prompts:   2%|▏         | 188/8000 [00:29<21:06,  6.17it/s, est. speed input: 844.09 toks/s, output: 747.61 toks/s]
Processed prompts:   2%|▏         | 190/8000 [00:29<17:22,  7.49it/s, est. speed input: 847.11 toks/s, output: 763.27 toks/s]
Processed prompts:   2%|▏         | 192/8000 [00:30<38:58,  3.34it/s, est. speed input: 821.83 toks/s, output: 753.55 toks/s]
Processed prompts:   2%|▏         | 194/8000 [00:31<48:39,  2.67it/s, est. speed input: 797.92 toks/s, output: 749.76 toks/s]
Processed prompts:   2%|▏         | 195/8000 [00:31<42:57,  3.03it/s, est. speed input: 795.51 toks/s, output: 757.16 toks/s]
Processed prompts:   2%|▏         | 197/8000 [00:32<32:45,  3.97it/s, est. speed input: 798.83 toks/s, output: 773.79 toks/s]
Processed prompts:   2%|▏         | 198/8000 [00:32<37:15,  3.49it/s, est. speed input: 792.42 toks/s, output: 774.80 toks/s]
Processed prompts:   2%|▏         | 199/8000 [00:32<40:38,  3.20it/s, est. speed input: 787.37 toks/s, output: 776.44 toks/s]
Processed prompts:   3%|▎         | 201/8000 [00:33<29:24,  4.42it/s, est. speed input: 788.58 toks/s, output: 794.40 toks/s]
Processed prompts:   3%|▎         | 204/8000 [00:33<27:59,  4.64it/s, est. speed input: 784.75 toks/s, output: 813.51 toks/s]
Processed prompts:   3%|▎         | 205/8000 [00:33<27:33,  4.71it/s, est. speed input: 791.75 toks/s, output: 820.23 toks/s]
Processed prompts:   3%|▎         | 206/8000 [00:34<34:22,  3.78it/s, est. speed input: 788.10 toks/s, output: 820.51 toks/s]
Processed prompts:   3%|▎         | 207/8000 [00:34<37:36,  3.45it/s, est. speed input: 783.35 toks/s, output: 823.21 toks/s]
Processed prompts:   3%|▎         | 208/8000 [00:35<43:12,  3.01it/s, est. speed input: 773.77 toks/s, output: 824.02 toks/s]
Processed prompts:   3%|▎         | 209/8000 [00:35<45:06,  2.88it/s, est. speed input: 765.95 toks/s, output: 826.83 toks/s]
Processed prompts:   3%|▎         | 211/8000 [00:35<35:52,  3.62it/s, est. speed input: 762.35 toks/s, output: 842.18 toks/s]
Processed prompts:   3%|▎         | 213/8000 [00:36<26:40,  4.86it/s, est. speed input: 759.96 toks/s, output: 861.88 toks/s]
Processed prompts:   3%|▎         | 214/8000 [00:36<35:36,  3.65it/s, est. speed input: 750.32 toks/s, output: 861.60 toks/s]
Processed prompts:   3%|▎         | 216/8000 [00:37<41:29,  3.13it/s, est. speed input: 740.50 toks/s, output: 867.65 toks/s]
Processed prompts:   3%|▎         | 217/8000 [00:38<1:02:34,  2.07it/s, est. speed input: 730.52 toks/s, output: 855.88 toks/s]
Processed prompts:   3%|▎         | 219/8000 [00:38<44:13,  2.93it/s, est. speed input: 728.80 toks/s, output: 876.36 toks/s]  
Processed prompts:   3%|▎         | 220/8000 [00:39<51:32,  2.52it/s, est. speed input: 718.44 toks/s, output: 875.63 toks/s]
Processed prompts:   3%|▎         | 221/8000 [00:39<47:11,  2.75it/s, est. speed input: 718.48 toks/s, output: 882.94 toks/s]
Processed prompts:   3%|▎         | 275/8000 [00:39<02:46, 46.32it/s, est. speed input: 1008.15 toks/s, output: 1574.93 toks/s]
Processed prompts:   4%|▍         | 326/8000 [00:42<05:17, 24.15it/s, est. speed input: 1175.25 toks/s, output: 2079.63 toks/s]
Processed prompts:   5%|▍         | 396/8000 [00:44<03:52, 32.70it/s, est. speed input: 1381.98 toks/s, output: 2818.69 toks/s]
Processed prompts:   5%|▌         | 404/8000 [00:50<11:51, 10.67it/s, est. speed input: 1228.89 toks/s, output: 2485.86 toks/s]
Processed prompts:   5%|▌         | 410/8000 [00:51<11:33, 10.95it/s, est. speed input: 1238.76 toks/s, output: 2486.87 toks/s]
Processed prompts:   5%|▌         | 415/8000 [00:51<11:55, 10.60it/s, est. speed input: 1234.33 toks/s, output: 2475.93 toks/s]
Processed prompts:   5%|▌         | 419/8000 [00:52<11:45, 10.74it/s, est. speed input: 1236.43 toks/s, output: 2478.53 toks/s]
Processed prompts:   5%|▌         | 422/8000 [00:52<12:58,  9.74it/s, est. speed input: 1229.92 toks/s, output: 2478.83 toks/s]
Processed prompts:   5%|▌         | 425/8000 [00:52<12:28, 10.12it/s, est. speed input: 1235.91 toks/s, output: 2488.82 toks/s]
Processed prompts:   5%|▌         | 427/8000 [00:53<13:52,  9.10it/s, est. speed input: 1228.01 toks/s, output: 2472.83 toks/s]
Processed prompts:   5%|▌         | 429/8000 [00:53<13:34,  9.30it/s, est. speed input: 1226.46 toks/s, output: 2483.65 toks/s]
Processed prompts:   5%|▌         | 431/8000 [00:53<13:23,  9.43it/s, est. speed input: 1225.84 toks/s, output: 2478.22 toks/s]
Processed prompts:   5%|▌         | 434/8000 [00:54<12:55,  9.76it/s, est. speed input: 1228.81 toks/s, output: 2486.14 toks/s]
Processed prompts:   5%|▌         | 438/8000 [00:54<12:53,  9.77it/s, est. speed input: 1225.90 toks/s, output: 2477.63 toks/s]
Processed prompts:   6%|▌         | 440/8000 [00:54<12:36,  9.99it/s, est. speed input: 1228.79 toks/s, output: 2481.34 toks/s]
Processed prompts:   6%|▌         | 443/8000 [00:54<11:32, 10.91it/s, est. speed input: 1229.15 toks/s, output: 2486.56 toks/s]
Processed prompts:   6%|▌         | 446/8000 [00:54<10:05, 12.49it/s, est. speed input: 1233.54 toks/s, output: 2493.04 toks/s]
Processed prompts:   6%|▌         | 448/8000 [00:55<12:54,  9.75it/s, est. speed input: 1227.83 toks/s, output: 2486.51 toks/s]
Processed prompts:   6%|▌         | 450/8000 [00:55<13:25,  9.37it/s, est. speed input: 1225.61 toks/s, output: 2485.05 toks/s]
Processed prompts:   6%|▌         | 452/8000 [00:55<14:00,  8.98it/s, est. speed input: 1226.49 toks/s, output: 2485.10 toks/s]
Processed prompts:   6%|▌         | 453/8000 [00:56<17:19,  7.26it/s, est. speed input: 1224.79 toks/s, output: 2476.97 toks/s]
Processed prompts:   6%|▌         | 454/8000 [00:56<16:48,  7.48it/s, est. speed input: 1225.66 toks/s, output: 2475.45 toks/s]
Processed prompts:   6%|▌         | 456/8000 [00:56<16:28,  7.63it/s, est. speed input: 1229.15 toks/s, output: 2476.54 toks/s]
Processed prompts:   6%|▌         | 457/8000 [00:56<16:43,  7.52it/s, est. speed input: 1229.33 toks/s, output: 2472.92 toks/s]
Processed prompts:   6%|▌         | 459/8000 [00:56<13:42,  9.17it/s, est. speed input: 1231.09 toks/s, output: 2478.63 toks/s]
Processed prompts:   6%|▌         | 461/8000 [00:57<14:40,  8.56it/s, est. speed input: 1226.54 toks/s, output: 2485.11 toks/s]
Processed prompts:   6%|▌         | 462/8000 [00:57<17:41,  7.10it/s, est. speed input: 1222.20 toks/s, output: 2476.63 toks/s]
Processed prompts:   6%|▌         | 463/8000 [00:57<19:57,  6.29it/s, est. speed input: 1225.56 toks/s, output: 2475.89 toks/s]
Processed prompts:   6%|▌         | 464/8000 [00:57<21:18,  5.89it/s, est. speed input: 1226.56 toks/s, output: 2469.07 toks/s]
Processed prompts:   6%|▌         | 466/8000 [00:57<15:53,  7.90it/s, est. speed input: 1234.18 toks/s, output: 2474.81 toks/s]
Processed prompts:   6%|▌         | 468/8000 [00:57<13:37,  9.21it/s, est. speed input: 1236.12 toks/s, output: 2474.22 toks/s]
Processed prompts:   6%|▌         | 470/8000 [00:58<13:45,  9.13it/s, est. speed input: 1237.41 toks/s, output: 2475.59 toks/s]
Processed prompts:   6%|▌         | 473/8000 [00:58<11:41, 10.73it/s, est. speed input: 1236.71 toks/s, output: 2477.47 toks/s]
Processed prompts:   6%|▌         | 476/8000 [00:58<09:10, 13.67it/s, est. speed input: 1239.67 toks/s, output: 2480.68 toks/s]
Processed prompts:   6%|▌         | 478/8000 [00:58<09:06, 13.77it/s, est. speed input: 1245.85 toks/s, output: 2487.13 toks/s]
Processed prompts:   6%|▌         | 480/8000 [00:58<09:20, 13.42it/s, est. speed input: 1244.77 toks/s, output: 2492.77 toks/s]
Processed prompts:   6%|▌         | 482/8000 [00:59<19:58,  6.27it/s, est. speed input: 1234.49 toks/s, output: 2467.15 toks/s]
Processed prompts:   6%|▌         | 484/8000 [00:59<18:35,  6.74it/s, est. speed input: 1240.06 toks/s, output: 2468.89 toks/s]
Processed prompts:   6%|▌         | 488/8000 [01:00<15:23,  8.14it/s, est. speed input: 1238.78 toks/s, output: 2471.12 toks/s]
Processed prompts:   6%|▌         | 490/8000 [01:00<16:40,  7.51it/s, est. speed input: 1243.96 toks/s, output: 2474.55 toks/s]
Processed prompts:   6%|▌         | 491/8000 [01:00<22:36,  5.54it/s, est. speed input: 1237.54 toks/s, output: 2461.11 toks/s]
Processed prompts:   6%|▌         | 492/8000 [01:01<20:55,  5.98it/s, est. speed input: 1243.01 toks/s, output: 2465.32 toks/s]
Processed prompts:   6%|▌         | 494/8000 [01:01<17:26,  7.17it/s, est. speed input: 1244.82 toks/s, output: 2469.74 toks/s]
Processed prompts:   6%|▌         | 497/8000 [01:01<12:56,  9.66it/s, est. speed input: 1251.47 toks/s, output: 2476.39 toks/s]
Processed prompts:   6%|▌         | 499/8000 [01:01<15:17,  8.18it/s, est. speed input: 1253.04 toks/s, output: 2479.38 toks/s]
Processed prompts:   6%|▋         | 502/8000 [01:01<11:58, 10.44it/s, est. speed input: 1257.91 toks/s, output: 2488.96 toks/s]
Processed prompts:   6%|▋         | 504/8000 [01:02<12:57,  9.64it/s, est. speed input: 1259.99 toks/s, output: 2495.32 toks/s]
Processed prompts:   6%|▋         | 506/8000 [01:02<15:56,  7.84it/s, est. speed input: 1256.43 toks/s, output: 2491.80 toks/s]
Processed prompts:   6%|▋         | 507/8000 [01:02<16:44,  7.46it/s, est. speed input: 1256.80 toks/s, output: 2488.92 toks/s]
Processed prompts:   6%|▋         | 509/8000 [01:02<16:39,  7.49it/s, est. speed input: 1256.37 toks/s, output: 2494.75 toks/s]
Processed prompts:   6%|▋         | 510/8000 [01:03<17:05,  7.30it/s, est. speed input: 1260.37 toks/s, output: 2496.84 toks/s]
Processed prompts:   6%|▋         | 511/8000 [01:03<17:15,  7.23it/s, est. speed input: 1258.94 toks/s, output: 2499.27 toks/s]
Processed prompts:   6%|▋         | 512/8000 [01:03<18:49,  6.63it/s, est. speed input: 1262.48 toks/s, output: 2499.74 toks/s]
Processed prompts:   6%|▋         | 514/8000 [01:03<15:31,  8.03it/s, est. speed input: 1270.88 toks/s, output: 2500.28 toks/s]
Processed prompts:   6%|▋         | 516/8000 [01:03<13:26,  9.28it/s, est. speed input: 1276.47 toks/s, output: 2505.71 toks/s]
Processed prompts:   6%|▋         | 517/8000 [01:03<13:25,  9.29it/s, est. speed input: 1275.56 toks/s, output: 2505.32 toks/s]
Processed prompts:   6%|▋         | 519/8000 [01:04<12:22, 10.07it/s, est. speed input: 1273.78 toks/s, output: 2507.86 toks/s]
Processed prompts:   7%|▋         | 521/8000 [01:04<17:23,  7.16it/s, est. speed input: 1268.45 toks/s, output: 2506.95 toks/s]
Processed prompts:   7%|▋         | 522/8000 [01:04<18:49,  6.62it/s, est. speed input: 1265.07 toks/s, output: 2503.72 toks/s]
Processed prompts:   7%|▋         | 525/8000 [01:04<15:47,  7.89it/s, est. speed input: 1271.12 toks/s, output: 2509.04 toks/s]
Processed prompts:   7%|▋         | 526/8000 [01:05<17:47,  7.00it/s, est. speed input: 1270.56 toks/s, output: 2508.57 toks/s]
Processed prompts:   7%|▋         | 527/8000 [01:05<17:11,  7.25it/s, est. speed input: 1269.97 toks/s, output: 2511.83 toks/s]
Processed prompts:   7%|▋         | 530/8000 [01:05<12:57,  9.60it/s, est. speed input: 1276.79 toks/s, output: 2517.42 toks/s]
Processed prompts:   7%|▋         | 532/8000 [01:05<11:30, 10.81it/s, est. speed input: 1279.82 toks/s, output: 2524.10 toks/s]
Processed prompts:   7%|▋         | 534/8000 [01:05<10:56, 11.38it/s, est. speed input: 1281.22 toks/s, output: 2533.02 toks/s]
Processed prompts:   7%|▋         | 536/8000 [01:06<12:06, 10.28it/s, est. speed input: 1277.75 toks/s, output: 2536.94 toks/s]
Processed prompts:   7%|▋         | 539/8000 [01:06<09:23, 13.23it/s, est. speed input: 1284.02 toks/s, output: 2549.32 toks/s]
Processed prompts:   7%|▋         | 541/8000 [01:06<10:19, 12.04it/s, est. speed input: 1281.86 toks/s, output: 2550.55 toks/s]
Processed prompts:   7%|▋         | 543/8000 [01:06<12:33,  9.89it/s, est. speed input: 1283.74 toks/s, output: 2554.63 toks/s]
Processed prompts:   7%|▋         | 545/8000 [01:06<12:23, 10.03it/s, est. speed input: 1281.91 toks/s, output: 2560.44 toks/s]
Processed prompts:   7%|▋         | 547/8000 [01:07<16:23,  7.58it/s, est. speed input: 1277.87 toks/s, output: 2557.12 toks/s]
Processed prompts:   7%|▋         | 549/8000 [01:07<15:50,  7.84it/s, est. speed input: 1283.73 toks/s, output: 2559.80 toks/s]
Processed prompts:   7%|▋         | 550/8000 [01:07<20:09,  6.16it/s, est. speed input: 1280.63 toks/s, output: 2554.95 toks/s]
Processed prompts:   7%|▋         | 552/8000 [01:07<16:14,  7.64it/s, est. speed input: 1283.03 toks/s, output: 2554.67 toks/s]
Processed prompts:   7%|▋         | 553/8000 [01:08<16:51,  7.36it/s, est. speed input: 1282.47 toks/s, output: 2556.30 toks/s]
Processed prompts:   7%|▋         | 554/8000 [01:08<17:41,  7.01it/s, est. speed input: 1285.05 toks/s, output: 2557.53 toks/s]
Processed prompts:   7%|▋         | 555/8000 [01:08<26:25,  4.70it/s, est. speed input: 1279.22 toks/s, output: 2545.15 toks/s]
Processed prompts:   7%|▋         | 556/8000 [01:08<23:03,  5.38it/s, est. speed input: 1280.28 toks/s, output: 2545.00 toks/s]
Processed prompts:   7%|▋         | 558/8000 [01:09<21:24,  5.79it/s, est. speed input: 1278.00 toks/s, output: 2548.46 toks/s]
Processed prompts:   7%|▋         | 559/8000 [01:09<20:10,  6.15it/s, est. speed input: 1280.89 toks/s, output: 2551.08 toks/s]
Processed prompts:   7%|▋         | 562/8000 [01:09<15:49,  7.83it/s, est. speed input: 1288.01 toks/s, output: 2560.09 toks/s]
Processed prompts:   7%|▋         | 563/8000 [01:09<18:08,  6.84it/s, est. speed input: 1288.87 toks/s, output: 2559.16 toks/s]
Processed prompts:   7%|▋         | 564/8000 [01:09<18:08,  6.83it/s, est. speed input: 1289.83 toks/s, output: 2561.12 toks/s]
Processed prompts:   7%|▋         | 566/8000 [01:10<16:19,  7.59it/s, est. speed input: 1287.98 toks/s, output: 2567.83 toks/s]
Processed prompts:   7%|▋         | 567/8000 [01:10<18:38,  6.65it/s, est. speed input: 1289.13 toks/s, output: 2567.11 toks/s]
Processed prompts:   7%|▋         | 569/8000 [01:10<16:22,  7.56it/s, est. speed input: 1288.50 toks/s, output: 2570.78 toks/s]
Processed prompts:   7%|▋         | 571/8000 [01:10<18:56,  6.53it/s, est. speed input: 1285.67 toks/s, output: 2568.78 toks/s]
Processed prompts:   7%|▋         | 572/8000 [01:11<18:13,  6.79it/s, est. speed input: 1283.93 toks/s, output: 2570.07 toks/s]
Processed prompts:   7%|▋         | 574/8000 [01:11<14:09,  8.74it/s, est. speed input: 1285.09 toks/s, output: 2570.23 toks/s]
Processed prompts:   7%|▋         | 576/8000 [01:11<12:39,  9.78it/s, est. speed input: 1283.19 toks/s, output: 2572.91 toks/s]
Processed prompts:   7%|▋         | 578/8000 [01:11<11:10, 11.07it/s, est. speed input: 1285.35 toks/s, output: 2576.26 toks/s]
Processed prompts:   7%|▋         | 580/8000 [01:11<13:41,  9.03it/s, est. speed input: 1282.83 toks/s, output: 2579.44 toks/s]
Processed prompts:   7%|▋         | 582/8000 [01:12<15:17,  8.08it/s, est. speed input: 1278.49 toks/s, output: 2582.75 toks/s]
Processed prompts:   7%|▋         | 584/8000 [01:12<13:04,  9.46it/s, est. speed input: 1278.84 toks/s, output: 2588.01 toks/s]
Processed prompts:   7%|▋         | 586/8000 [01:12<13:02,  9.48it/s, est. speed input: 1279.27 toks/s, output: 2592.34 toks/s]
Processed prompts:   7%|▋         | 588/8000 [01:12<14:11,  8.70it/s, est. speed input: 1276.08 toks/s, output: 2595.53 toks/s]
Processed prompts:   7%|▋         | 590/8000 [01:12<12:06, 10.20it/s, est. speed input: 1275.03 toks/s, output: 2605.36 toks/s]
Processed prompts:   7%|▋         | 592/8000 [01:13<14:39,  8.42it/s, est. speed input: 1270.85 toks/s, output: 2607.51 toks/s]
Processed prompts:   7%|▋         | 594/8000 [01:13<13:50,  8.92it/s, est. speed input: 1272.80 toks/s, output: 2614.58 toks/s]
Processed prompts:   7%|▋         | 596/8000 [01:13<13:10,  9.36it/s, est. speed input: 1277.86 toks/s, output: 2620.23 toks/s]
Processed prompts:   7%|▋         | 598/8000 [01:13<16:36,  7.42it/s, est. speed input: 1277.94 toks/s, output: 2619.95 toks/s]
Processed prompts:   7%|▋         | 599/8000 [01:14<16:54,  7.30it/s, est. speed input: 1278.39 toks/s, output: 2621.62 toks/s]
Processed prompts:   8%|▊         | 601/8000 [01:14<16:38,  7.41it/s, est. speed input: 1275.36 toks/s, output: 2620.58 toks/s]
Processed prompts:   8%|▊         | 602/8000 [01:14<16:42,  7.38it/s, est. speed input: 1273.45 toks/s, output: 2622.60 toks/s]
Processed prompts:   8%|▊         | 604/8000 [01:14<15:57,  7.72it/s, est. speed input: 1274.14 toks/s, output: 2627.98 toks/s]
Processed prompts:   8%|▊         | 607/8000 [01:15<17:19,  7.11it/s, est. speed input: 1276.05 toks/s, output: 2632.13 toks/s]
Processed prompts:   8%|▊         | 608/8000 [01:15<18:30,  6.66it/s, est. speed input: 1275.12 toks/s, output: 2627.58 toks/s]
Processed prompts:   8%|▊         | 610/8000 [01:15<16:36,  7.42it/s, est. speed input: 1280.11 toks/s, output: 2633.94 toks/s]
Processed prompts:   8%|▊         | 612/8000 [01:15<13:58,  8.81it/s, est. speed input: 1285.04 toks/s, output: 2642.74 toks/s]
Processed prompts:   8%|▊         | 613/8000 [01:15<15:46,  7.81it/s, est. speed input: 1288.15 toks/s, output: 2642.79 toks/s]
Processed prompts:   8%|▊         | 616/8000 [01:16<14:21,  8.57it/s, est. speed input: 1293.60 toks/s, output: 2652.29 toks/s]
Processed prompts:   8%|▊         | 618/8000 [01:16<12:45,  9.64it/s, est. speed input: 1293.96 toks/s, output: 2660.64 toks/s]
Processed prompts:   8%|▊         | 622/8000 [01:16<09:13, 13.32it/s, est. speed input: 1297.19 toks/s, output: 2675.10 toks/s]
Processed prompts:   8%|▊         | 624/8000 [01:16<10:07, 12.14it/s, est. speed input: 1297.53 toks/s, output: 2681.14 toks/s]
Processed prompts:   8%|▊         | 626/8000 [01:17<12:04, 10.18it/s, est. speed input: 1302.57 toks/s, output: 2684.47 toks/s]
Processed prompts:   8%|▊         | 628/8000 [01:17<11:55, 10.30it/s, est. speed input: 1302.11 toks/s, output: 2680.13 toks/s]
Processed prompts:   8%|▊         | 631/8000 [01:17<11:24, 10.77it/s, est. speed input: 1304.85 toks/s, output: 2691.07 toks/s]
Processed prompts:   8%|▊         | 636/8000 [01:17<08:46, 13.98it/s, est. speed input: 1309.66 toks/s, output: 2715.84 toks/s]
Processed prompts:   8%|▊         | 638/8000 [01:17<08:15, 14.86it/s, est. speed input: 1310.10 toks/s, output: 2725.41 toks/s]
Processed prompts:   8%|▊         | 640/8000 [01:18<11:03, 11.10it/s, est. speed input: 1312.10 toks/s, output: 2725.83 toks/s]
Processed prompts:   8%|▊         | 642/8000 [01:18<11:58, 10.23it/s, est. speed input: 1311.74 toks/s, output: 2724.05 toks/s]
Processed prompts:   8%|▊         | 647/8000 [01:18<09:42, 12.62it/s, est. speed input: 1314.47 toks/s, output: 2740.23 toks/s]
Processed prompts:   8%|▊         | 650/8000 [01:18<08:41, 14.09it/s, est. speed input: 1320.11 toks/s, output: 2748.12 toks/s]
Processed prompts:   8%|▊         | 652/8000 [01:19<12:09, 10.07it/s, est. speed input: 1322.73 toks/s, output: 2746.97 toks/s]
Processed prompts:   8%|▊         | 656/8000 [01:19<09:24, 13.02it/s, est. speed input: 1323.71 toks/s, output: 2767.21 toks/s]
Processed prompts:   8%|▊         | 658/8000 [01:19<11:50, 10.34it/s, est. speed input: 1320.31 toks/s, output: 2768.24 toks/s]
Processed prompts:   8%|▊         | 662/8000 [01:19<09:51, 12.40it/s, est. speed input: 1326.32 toks/s, output: 2786.34 toks/s]
Processed prompts:   8%|▊         | 665/8000 [01:20<11:11, 10.92it/s, est. speed input: 1324.91 toks/s, output: 2786.86 toks/s]
Processed prompts:   8%|▊         | 667/8000 [01:20<10:13, 11.95it/s, est. speed input: 1331.20 toks/s, output: 2789.77 toks/s]
Processed prompts:   8%|▊         | 669/8000 [01:20<11:01, 11.09it/s, est. speed input: 1333.33 toks/s, output: 2794.76 toks/s]
Processed prompts:   8%|▊         | 671/8000 [01:20<10:00, 12.21it/s, est. speed input: 1333.96 toks/s, output: 2797.28 toks/s]
Processed prompts:   8%|▊         | 673/8000 [01:21<11:16, 10.84it/s, est. speed input: 1333.70 toks/s, output: 2801.56 toks/s]
Processed prompts:   8%|▊         | 679/8000 [01:21<07:55, 15.39it/s, est. speed input: 1336.96 toks/s, output: 2823.07 toks/s]
Processed prompts:   9%|▊         | 682/8000 [01:21<07:35, 16.07it/s, est. speed input: 1344.20 toks/s, output: 2835.62 toks/s]
Processed prompts:   9%|▊         | 684/8000 [01:21<08:32, 14.28it/s, est. speed input: 1345.24 toks/s, output: 2841.16 toks/s]
Processed prompts:   9%|▊         | 686/8000 [01:21<08:45, 13.91it/s, est. speed input: 1345.88 toks/s, output: 2848.25 toks/s]
Processed prompts:   9%|▊         | 690/8000 [01:22<08:54, 13.68it/s, est. speed input: 1353.42 toks/s, output: 2857.08 toks/s]
Processed prompts:   9%|▊         | 692/8000 [01:22<08:20, 14.61it/s, est. speed input: 1355.00 toks/s, output: 2865.92 toks/s]
Processed prompts:   9%|▊         | 695/8000 [01:22<07:28, 16.27it/s, est. speed input: 1362.92 toks/s, output: 2873.55 toks/s]
Processed prompts:   9%|▊         | 697/8000 [01:22<09:16, 13.13it/s, est. speed input: 1365.58 toks/s, output: 2871.19 toks/s]
Processed prompts:   9%|▉         | 702/8000 [01:22<07:57, 15.29it/s, est. speed input: 1365.81 toks/s, output: 2882.09 toks/s]
Processed prompts:   9%|▉         | 704/8000 [01:22<08:00, 15.18it/s, est. speed input: 1366.01 toks/s, output: 2883.67 toks/s]
Processed prompts:   9%|▉         | 708/8000 [01:23<06:25, 18.89it/s, est. speed input: 1369.79 toks/s, output: 2891.91 toks/s]
Processed prompts:   9%|▉         | 711/8000 [01:23<08:15, 14.72it/s, est. speed input: 1377.03 toks/s, output: 2899.32 toks/s]
Processed prompts:   9%|▉         | 715/8000 [01:23<07:36, 15.96it/s, est. speed input: 1379.41 toks/s, output: 2910.27 toks/s]
Processed prompts:   9%|▉         | 717/8000 [01:23<07:50, 15.48it/s, est. speed input: 1378.80 toks/s, output: 2917.47 toks/s]
Processed prompts:   9%|▉         | 719/8000 [01:24<09:31, 12.73it/s, est. speed input: 1383.35 toks/s, output: 2920.83 toks/s]
Processed prompts:   9%|▉         | 724/8000 [01:24<08:09, 14.86it/s, est. speed input: 1386.33 toks/s, output: 2937.26 toks/s]
Processed prompts:   9%|▉         | 728/8000 [01:24<07:43, 15.68it/s, est. speed input: 1387.40 toks/s, output: 2947.63 toks/s]
Processed prompts:   9%|▉         | 730/8000 [01:24<07:54, 15.33it/s, est. speed input: 1385.78 toks/s, output: 2954.76 toks/s]
Processed prompts:   9%|▉         | 734/8000 [01:24<08:04, 15.01it/s, est. speed input: 1387.80 toks/s, output: 2963.32 toks/s]
Processed prompts:   9%|▉         | 737/8000 [01:25<08:02, 15.07it/s, est. speed input: 1393.73 toks/s, output: 2974.51 toks/s]
Processed prompts:   9%|▉         | 739/8000 [01:25<07:49, 15.45it/s, est. speed input: 1397.56 toks/s, output: 2982.44 toks/s]
Processed prompts:   9%|▉         | 741/8000 [01:25<07:33, 16.02it/s, est. speed input: 1401.64 toks/s, output: 2990.62 toks/s]
Processed prompts:   9%|▉         | 743/8000 [01:25<08:01, 15.08it/s, est. speed input: 1404.78 toks/s, output: 2991.92 toks/s]
Processed prompts:   9%|▉         | 747/8000 [01:25<06:44, 17.93it/s, est. speed input: 1407.34 toks/s, output: 3010.13 toks/s]
Processed prompts:   9%|▉         | 749/8000 [01:25<08:45, 13.80it/s, est. speed input: 1405.92 toks/s, output: 3013.01 toks/s]
Processed prompts:   9%|▉         | 751/8000 [01:26<08:23, 14.39it/s, est. speed input: 1412.70 toks/s, output: 3020.68 toks/s]
Processed prompts:   9%|▉         | 753/8000 [01:26<08:23, 14.40it/s, est. speed input: 1417.62 toks/s, output: 3021.87 toks/s]
Processed prompts:  10%|▉         | 760/8000 [01:26<06:54, 17.47it/s, est. speed input: 1424.50 toks/s, output: 3040.49 toks/s]
Processed prompts:  10%|▉         | 765/8000 [01:26<05:53, 20.49it/s, est. speed input: 1431.90 toks/s, output: 3058.23 toks/s]
Processed prompts:  10%|▉         | 768/8000 [01:26<06:35, 18.27it/s, est. speed input: 1433.02 toks/s, output: 3068.13 toks/s]
Processed prompts:  10%|▉         | 770/8000 [01:27<06:38, 18.13it/s, est. speed input: 1437.22 toks/s, output: 3065.01 toks/s]
Processed prompts:  10%|▉         | 772/8000 [01:27<07:43, 15.59it/s, est. speed input: 1437.64 toks/s, output: 3069.85 toks/s]
Processed prompts:  10%|▉         | 780/8000 [01:27<05:56, 20.23it/s, est. speed input: 1446.24 toks/s, output: 3078.54 toks/s]
Processed prompts:  10%|▉         | 782/8000 [01:27<07:10, 16.77it/s, est. speed input: 1446.83 toks/s, output: 3082.35 toks/s]
Processed prompts:  10%|▉         | 787/8000 [01:27<06:27, 18.62it/s, est. speed input: 1452.51 toks/s, output: 3092.38 toks/s]
Processed prompts:  10%|▉         | 792/8000 [01:28<05:32, 21.67it/s, est. speed input: 1460.07 toks/s, output: 3102.68 toks/s]
Processed prompts:  10%|▉         | 795/8000 [01:28<06:26, 18.63it/s, est. speed input: 1462.61 toks/s, output: 3111.71 toks/s]
Processed prompts:  10%|█         | 802/8000 [01:28<06:14, 19.23it/s, est. speed input: 1475.04 toks/s, output: 3119.08 toks/s]
Processed prompts:  10%|█         | 806/8000 [01:28<05:28, 21.89it/s, est. speed input: 1480.70 toks/s, output: 3132.56 toks/s]
Processed prompts:  10%|█         | 821/8000 [01:29<03:18, 36.19it/s, est. speed input: 1516.37 toks/s, output: 3207.58 toks/s]
Processed prompts:  10%|█         | 825/8000 [01:30<08:06, 14.74it/s, est. speed input: 1512.09 toks/s, output: 3172.73 toks/s]
Processed prompts:  10%|█         | 829/8000 [01:30<07:23, 16.18it/s, est. speed input: 1514.20 toks/s, output: 3173.12 toks/s]
Processed prompts:  10%|█         | 833/8000 [01:30<07:14, 16.50it/s, est. speed input: 1514.63 toks/s, output: 3171.14 toks/s]
Processed prompts:  10%|█         | 839/8000 [01:30<08:08, 14.65it/s, est. speed input: 1516.69 toks/s, output: 3161.85 toks/s]
Processed prompts:  11%|█         | 842/8000 [01:31<08:15, 14.44it/s, est. speed input: 1521.71 toks/s, output: 3156.54 toks/s]
Processed prompts:  11%|█         | 844/8000 [01:31<09:00, 13.25it/s, est. speed input: 1525.27 toks/s, output: 3150.75 toks/s]
Processed prompts:  11%|█         | 846/8000 [01:31<11:15, 10.59it/s, est. speed input: 1523.15 toks/s, output: 3144.43 toks/s]
Processed prompts:  11%|█         | 848/8000 [01:31<11:36, 10.27it/s, est. speed input: 1520.26 toks/s, output: 3138.15 toks/s]
Processed prompts:  11%|█         | 851/8000 [01:32<09:42, 12.27it/s, est. speed input: 1519.29 toks/s, output: 3135.95 toks/s]
Processed prompts:  11%|█         | 853/8000 [01:32<12:06,  9.84it/s, est. speed input: 1517.26 toks/s, output: 3125.30 toks/s]
Processed prompts:  11%|█         | 855/8000 [01:32<15:05,  7.89it/s, est. speed input: 1511.78 toks/s, output: 3118.00 toks/s]
Processed prompts:  11%|█         | 856/8000 [01:32<15:29,  7.69it/s, est. speed input: 1510.31 toks/s, output: 3113.65 toks/s]
Processed prompts:  11%|█         | 859/8000 [01:33<11:34, 10.29it/s, est. speed input: 1512.64 toks/s, output: 3112.57 toks/s]
Processed prompts:  11%|█         | 861/8000 [01:33<10:39, 11.17it/s, est. speed input: 1512.14 toks/s, output: 3110.17 toks/s]
Processed prompts:  11%|█         | 863/8000 [01:33<09:50, 12.08it/s, est. speed input: 1512.77 toks/s, output: 3112.23 toks/s]
Processed prompts:  11%|█         | 865/8000 [01:33<10:40, 11.14it/s, est. speed input: 1510.93 toks/s, output: 3107.72 toks/s]
Processed prompts:  11%|█         | 867/8000 [01:33<10:56, 10.86it/s, est. speed input: 1509.41 toks/s, output: 3107.57 toks/s]
Processed prompts:  11%|█         | 869/8000 [01:33<10:01, 11.85it/s, est. speed input: 1510.06 toks/s, output: 3106.27 toks/s]
Processed prompts:  11%|█         | 871/8000 [01:34<10:29, 11.33it/s, est. speed input: 1508.69 toks/s, output: 3101.88 toks/s]
Processed prompts:  11%|█         | 873/8000 [01:34<09:41, 12.26it/s, est. speed input: 1508.06 toks/s, output: 3100.79 toks/s]
Processed prompts:  11%|█         | 875/8000 [01:34<10:17, 11.54it/s, est. speed input: 1507.85 toks/s, output: 3101.98 toks/s]
Processed prompts:  11%|█         | 878/8000 [01:34<09:44, 12.19it/s, est. speed input: 1506.64 toks/s, output: 3098.16 toks/s]
Processed prompts:  11%|█         | 880/8000 [01:34<09:09, 12.96it/s, est. speed input: 1507.55 toks/s, output: 3096.00 toks/s]
Processed prompts:  11%|█         | 882/8000 [01:34<08:42, 13.62it/s, est. speed input: 1507.33 toks/s, output: 3094.13 toks/s]
Processed prompts:  11%|█         | 884/8000 [01:35<11:32, 10.28it/s, est. speed input: 1503.49 toks/s, output: 3086.11 toks/s]
Processed prompts:  11%|█         | 886/8000 [01:35<12:21,  9.60it/s, est. speed input: 1504.48 toks/s, output: 3080.51 toks/s]
Processed prompts:  11%|█         | 890/8000 [01:35<08:23, 14.13it/s, est. speed input: 1506.19 toks/s, output: 3081.52 toks/s]
Processed prompts:  11%|█         | 892/8000 [01:36<12:31,  9.46it/s, est. speed input: 1503.52 toks/s, output: 3070.91 toks/s]
Processed prompts:  11%|█         | 894/8000 [01:36<11:27, 10.34it/s, est. speed input: 1504.66 toks/s, output: 3070.57 toks/s]
Processed prompts:  11%|█         | 896/8000 [01:36<11:39, 10.15it/s, est. speed input: 1503.71 toks/s, output: 3066.71 toks/s]
Processed prompts:  11%|█         | 898/8000 [01:36<10:24, 11.38it/s, est. speed input: 1505.81 toks/s, output: 3066.66 toks/s]
Processed prompts:  11%|█▏        | 900/8000 [01:36<12:10,  9.71it/s, est. speed input: 1504.41 toks/s, output: 3061.11 toks/s]
Processed prompts:  11%|█▏        | 902/8000 [01:36<11:23, 10.39it/s, est. speed input: 1506.18 toks/s, output: 3058.88 toks/s]
Processed prompts:  11%|█▏        | 904/8000 [01:37<14:14,  8.30it/s, est. speed input: 1505.13 toks/s, output: 3054.87 toks/s]
Processed prompts:  11%|█▏        | 908/8000 [01:37<11:19, 10.44it/s, est. speed input: 1512.67 toks/s, output: 3052.13 toks/s]
Processed prompts:  11%|█▏        | 911/8000 [01:37<09:46, 12.08it/s, est. speed input: 1512.02 toks/s, output: 3054.65 toks/s]
Processed prompts:  11%|█▏        | 913/8000 [01:37<11:03, 10.67it/s, est. speed input: 1510.13 toks/s, output: 3053.76 toks/s]
Processed prompts:  11%|█▏        | 915/8000 [01:38<10:15, 11.51it/s, est. speed input: 1509.73 toks/s, output: 3056.58 toks/s]
Processed prompts:  11%|█▏        | 917/8000 [01:38<09:30, 12.41it/s, est. speed input: 1511.73 toks/s, output: 3056.78 toks/s]
Processed prompts:  11%|█▏        | 919/8000 [01:38<09:50, 12.00it/s, est. speed input: 1513.43 toks/s, output: 3054.40 toks/s]
Processed prompts:  12%|█▏        | 921/8000 [01:38<12:13,  9.65it/s, est. speed input: 1510.49 toks/s, output: 3049.55 toks/s]
Processed prompts:  12%|█▏        | 923/8000 [01:38<12:31,  9.41it/s, est. speed input: 1509.19 toks/s, output: 3046.72 toks/s]
Processed prompts:  12%|█▏        | 926/8000 [01:39<10:29, 11.23it/s, est. speed input: 1508.39 toks/s, output: 3046.87 toks/s]
Processed prompts:  12%|█▏        | 928/8000 [01:39<09:31, 12.38it/s, est. speed input: 1510.11 toks/s, output: 3048.05 toks/s]
Processed prompts:  12%|█▏        | 930/8000 [01:39<11:58,  9.84it/s, est. speed input: 1507.57 toks/s, output: 3042.92 toks/s]
Processed prompts:  12%|█▏        | 932/8000 [01:39<10:52, 10.84it/s, est. speed input: 1507.22 toks/s, output: 3042.05 toks/s]
Processed prompts:  12%|█▏        | 934/8000 [01:39<10:56, 10.76it/s, est. speed input: 1507.64 toks/s, output: 3042.94 toks/s]
Processed prompts:  12%|█▏        | 936/8000 [01:40<10:44, 10.97it/s, est. speed input: 1510.30 toks/s, output: 3044.53 toks/s]
Processed prompts:  12%|█▏        | 939/8000 [01:40<09:19, 12.61it/s, est. speed input: 1511.09 toks/s, output: 3051.73 toks/s]
Processed prompts:  12%|█▏        | 941/8000 [01:40<18:09,  6.48it/s, est. speed input: 1505.98 toks/s, output: 3035.72 toks/s]
Processed prompts:  12%|█▏        | 943/8000 [01:41<16:31,  7.12it/s, est. speed input: 1504.94 toks/s, output: 3037.16 toks/s]
Processed prompts:  12%|█▏        | 946/8000 [01:41<13:17,  8.84it/s, est. speed input: 1505.74 toks/s, output: 3037.37 toks/s]
Processed prompts:  12%|█▏        | 949/8000 [01:41<10:21, 11.35it/s, est. speed input: 1506.90 toks/s, output: 3042.35 toks/s]
Processed prompts:  12%|█▏        | 951/8000 [01:41<10:00, 11.73it/s, est. speed input: 1506.14 toks/s, output: 3041.48 toks/s]
Processed prompts:  12%|█▏        | 953/8000 [01:42<12:41,  9.26it/s, est. speed input: 1502.98 toks/s, output: 3035.34 toks/s]
Processed prompts:  12%|█▏        | 955/8000 [01:42<14:04,  8.34it/s, est. speed input: 1500.66 toks/s, output: 3031.85 toks/s]
Processed prompts:  12%|█▏        | 958/8000 [01:42<12:29,  9.40it/s, est. speed input: 1503.40 toks/s, output: 3034.76 toks/s]
Processed prompts:  12%|█▏        | 960/8000 [01:42<12:47,  9.18it/s, est. speed input: 1501.45 toks/s, output: 3033.03 toks/s]
Processed prompts:  12%|█▏        | 962/8000 [01:43<13:33,  8.65it/s, est. speed input: 1499.67 toks/s, output: 3029.55 toks/s]
Processed prompts:  12%|█▏        | 963/8000 [01:43<16:35,  7.07it/s, est. speed input: 1496.56 toks/s, output: 3023.74 toks/s]
Processed prompts:  12%|█▏        | 965/8000 [01:43<21:32,  5.44it/s, est. speed input: 1491.65 toks/s, output: 3012.76 toks/s]
Processed prompts:  12%|█▏        | 967/8000 [01:44<18:29,  6.34it/s, est. speed input: 1490.46 toks/s, output: 3011.47 toks/s]
Processed prompts:  12%|█▏        | 968/8000 [01:44<17:17,  6.78it/s, est. speed input: 1490.97 toks/s, output: 3010.78 toks/s]
Processed prompts:  12%|█▏        | 969/8000 [01:44<17:28,  6.70it/s, est. speed input: 1491.26 toks/s, output: 3009.82 toks/s]
Processed prompts:  12%|█▏        | 971/8000 [01:44<17:57,  6.52it/s, est. speed input: 1492.01 toks/s, output: 3005.20 toks/s]
Processed prompts:  12%|█▏        | 972/8000 [01:44<17:03,  6.87it/s, est. speed input: 1490.89 toks/s, output: 3005.01 toks/s]
Processed prompts:  12%|█▏        | 974/8000 [01:44<15:04,  7.77it/s, est. speed input: 1493.24 toks/s, output: 3006.70 toks/s]
Processed prompts:  12%|█▏        | 975/8000 [01:45<19:53,  5.88it/s, est. speed input: 1489.50 toks/s, output: 3000.52 toks/s]
Processed prompts:  12%|█▏        | 977/8000 [01:45<21:24,  5.47it/s, est. speed input: 1484.51 toks/s, output: 2994.53 toks/s]
Processed prompts:  12%|█▏        | 978/8000 [01:45<23:43,  4.93it/s, est. speed input: 1481.70 toks/s, output: 2989.53 toks/s]
Processed prompts:  12%|█▏        | 979/8000 [01:46<27:50,  4.20it/s, est. speed input: 1478.49 toks/s, output: 2982.48 toks/s]
Processed prompts:  12%|█▏        | 981/8000 [01:46<23:38,  4.95it/s, est. speed input: 1476.26 toks/s, output: 2981.80 toks/s]
Processed prompts:  12%|█▏        | 983/8000 [01:46<17:34,  6.65it/s, est. speed input: 1479.98 toks/s, output: 2984.73 toks/s]
Processed prompts:  12%|█▏        | 984/8000 [01:47<20:40,  5.66it/s, est. speed input: 1476.93 toks/s, output: 2981.74 toks/s]
Processed prompts:  12%|█▏        | 985/8000 [01:47<24:41,  4.74it/s, est. speed input: 1473.10 toks/s, output: 2975.81 toks/s]
Processed prompts:  12%|█▏        | 986/8000 [01:47<26:08,  4.47it/s, est. speed input: 1470.78 toks/s, output: 2973.06 toks/s]
Processed prompts:  12%|█▏        | 988/8000 [01:47<20:45,  5.63it/s, est. speed input: 1469.54 toks/s, output: 2973.05 toks/s]
Processed prompts:  12%|█▏        | 989/8000 [01:48<21:52,  5.34it/s, est. speed input: 1468.80 toks/s, output: 2971.74 toks/s]
Processed prompts:  12%|█▏        | 992/8000 [01:48<17:19,  6.74it/s, est. speed input: 1466.86 toks/s, output: 2975.36 toks/s]
Processed prompts:  12%|█▏        | 994/8000 [01:48<18:28,  6.32it/s, est. speed input: 1466.60 toks/s, output: 2973.13 toks/s]
Processed prompts:  12%|█▏        | 996/8000 [01:48<15:00,  7.78it/s, est. speed input: 1468.70 toks/s, output: 2976.02 toks/s]
Processed prompts:  12%|█▏        | 998/8000 [01:49<16:19,  7.15it/s, est. speed input: 1469.16 toks/s, output: 2974.74 toks/s]
Processed prompts:  12%|█▏        | 999/8000 [01:49<18:56,  6.16it/s, est. speed input: 1466.25 toks/s, output: 2970.80 toks/s]
Processed prompts:  12%|█▎        | 1000/8000 [01:49<21:54,  5.33it/s, est. speed input: 1465.52 toks/s, output: 2967.73 toks/s]
Processed prompts:  13%|█▎        | 1001/8000 [01:50<24:16,  4.81it/s, est. speed input: 1463.22 toks/s, output: 2963.38 toks/s]
Processed prompts:  13%|█▎        | 1002/8000 [01:50<21:30,  5.42it/s, est. speed input: 1464.73 toks/s, output: 2965.03 toks/s]
Processed prompts:  13%|█▎        | 1003/8000 [01:50<21:22,  5.46it/s, est. speed input: 1462.73 toks/s, output: 2964.84 toks/s]
Processed prompts:  13%|█▎        | 1005/8000 [01:50<17:46,  6.56it/s, est. speed input: 1460.47 toks/s, output: 2968.16 toks/s]
Processed prompts:  13%|█▎        | 1006/8000 [01:50<18:30,  6.30it/s, est. speed input: 1458.57 toks/s, output: 2967.19 toks/s]
Processed prompts:  13%|█▎        | 1007/8000 [01:51<22:04,  5.28it/s, est. speed input: 1459.28 toks/s, output: 2964.28 toks/s]
Processed prompts:  13%|█▎        | 1008/8000 [01:51<21:23,  5.45it/s, est. speed input: 1461.36 toks/s, output: 2964.43 toks/s]
Processed prompts:  13%|█▎        | 1009/8000 [01:51<26:50,  4.34it/s, est. speed input: 1459.93 toks/s, output: 2959.58 toks/s]
Processed prompts:  13%|█▎        | 1010/8000 [01:51<23:12,  5.02it/s, est. speed input: 1458.85 toks/s, output: 2959.76 toks/s]
Processed prompts:  13%|█▎        | 1012/8000 [01:51<19:48,  5.88it/s, est. speed input: 1457.59 toks/s, output: 2961.84 toks/s]
Processed prompts:  13%|█▎        | 1014/8000 [01:52<21:04,  5.52it/s, est. speed input: 1456.77 toks/s, output: 2959.37 toks/s]
Processed prompts:  13%|█▎        | 1015/8000 [01:52<24:06,  4.83it/s, est. speed input: 1453.21 toks/s, output: 2955.73 toks/s]
Processed prompts:  13%|█▎        | 1016/8000 [01:52<22:44,  5.12it/s, est. speed input: 1455.66 toks/s, output: 2956.15 toks/s]
Processed prompts:  13%|█▎        | 1018/8000 [01:52<18:09,  6.41it/s, est. speed input: 1453.99 toks/s, output: 2959.74 toks/s]
Processed prompts:  13%|█▎        | 1020/8000 [01:53<18:05,  6.43it/s, est. speed input: 1451.00 toks/s, output: 2960.06 toks/s]
Processed prompts:  13%|█▎        | 1022/8000 [01:53<15:58,  7.28it/s, est. speed input: 1450.84 toks/s, output: 2962.53 toks/s]
Processed prompts:  13%|█▎        | 1024/8000 [01:53<13:42,  8.48it/s, est. speed input: 1451.49 toks/s, output: 2967.45 toks/s]
Processed prompts:  13%|█▎        | 1027/8000 [01:53<12:52,  9.03it/s, est. speed input: 1452.09 toks/s, output: 2971.50 toks/s]
Processed prompts:  13%|█▎        | 1029/8000 [01:54<15:52,  7.32it/s, est. speed input: 1451.25 toks/s, output: 2969.95 toks/s]
Processed prompts:  13%|█▎        | 1030/8000 [01:54<15:23,  7.55it/s, est. speed input: 1451.34 toks/s, output: 2971.52 toks/s]
Processed prompts:  13%|█▎        | 1031/8000 [01:54<16:22,  7.09it/s, est. speed input: 1452.72 toks/s, output: 2971.41 toks/s]
Processed prompts:  13%|█▎        | 1036/8000 [01:54<10:59, 10.56it/s, est. speed input: 1458.74 toks/s, output: 2985.76 toks/s]
Processed prompts:  13%|█▎        | 1038/8000 [01:55<11:52,  9.77it/s, est. speed input: 1459.75 toks/s, output: 2988.15 toks/s]
Processed prompts:  13%|█▎        | 1043/8000 [01:55<08:36, 13.47it/s, est. speed input: 1471.30 toks/s, output: 3003.96 toks/s]
Processed prompts:  13%|█▎        | 1045/8000 [01:55<11:35, 10.00it/s, est. speed input: 1468.61 toks/s, output: 3002.21 toks/s]
Processed prompts:  13%|█▎        | 1048/8000 [01:56<12:14,  9.46it/s, est. speed input: 1467.38 toks/s, output: 3006.26 toks/s]
Processed prompts:  13%|█▎        | 1051/8000 [01:56<09:59, 11.59it/s, est. speed input: 1469.55 toks/s, output: 3016.17 toks/s]
Processed prompts:  13%|█▎        | 1053/8000 [01:56<09:15, 12.52it/s, est. speed input: 1470.61 toks/s, output: 3021.95 toks/s]
Processed prompts:  13%|█▎        | 1058/8000 [01:56<06:12, 18.63it/s, est. speed input: 1475.63 toks/s, output: 3041.15 toks/s]
Processed prompts:  13%|█▎        | 1061/8000 [01:56<07:53, 14.64it/s, est. speed input: 1472.60 toks/s, output: 3045.99 toks/s]
Processed prompts:  13%|█▎        | 1064/8000 [01:57<09:59, 11.57it/s, est. speed input: 1481.50 toks/s, output: 3048.64 toks/s]
Processed prompts:  13%|█▎        | 1067/8000 [01:57<09:03, 12.76it/s, est. speed input: 1480.83 toks/s, output: 3057.18 toks/s]
Processed prompts:  13%|█▎        | 1069/8000 [01:57<10:12, 11.32it/s, est. speed input: 1481.37 toks/s, output: 3059.40 toks/s]
Processed prompts:  13%|█▎        | 1073/8000 [01:58<10:31, 10.97it/s, est. speed input: 1484.45 toks/s, output: 3066.28 toks/s]
Processed prompts:  13%|█▎        | 1075/8000 [01:58<10:00, 11.52it/s, est. speed input: 1486.97 toks/s, output: 3067.75 toks/s]
Processed prompts:  13%|█▎        | 1077/8000 [01:58<11:38,  9.91it/s, est. speed input: 1489.54 toks/s, output: 3068.78 toks/s]
Processed prompts:  14%|█▎        | 1083/8000 [01:58<07:29, 15.38it/s, est. speed input: 1496.85 toks/s, output: 3086.27 toks/s]
Processed prompts:  14%|█▎        | 1085/8000 [01:59<10:26, 11.03it/s, est. speed input: 1495.90 toks/s, output: 3084.61 toks/s]
Processed prompts:  14%|█▎        | 1087/8000 [01:59<11:11, 10.30it/s, est. speed input: 1495.27 toks/s, output: 3086.96 toks/s]
Processed prompts:  14%|█▎        | 1093/8000 [01:59<10:36, 10.85it/s, est. speed input: 1499.53 toks/s, output: 3098.75 toks/s]
Processed prompts:  14%|█▎        | 1096/8000 [02:00<10:43, 10.73it/s, est. speed input: 1499.05 toks/s, output: 3103.86 toks/s]
Processed prompts:  14%|█▍        | 1100/8000 [02:00<09:32, 12.05it/s, est. speed input: 1499.76 toks/s, output: 3114.48 toks/s]
Processed prompts:  14%|█▍        | 1103/8000 [02:00<08:54, 12.91it/s, est. speed input: 1500.41 toks/s, output: 3114.89 toks/s]
Processed prompts:  14%|█▍        | 1115/8000 [02:00<05:48, 19.78it/s, est. speed input: 1517.43 toks/s, output: 3151.79 toks/s]
Processed prompts:  14%|█▍        | 1121/8000 [02:01<06:19, 18.11it/s, est. speed input: 1516.81 toks/s, output: 3166.82 toks/s]
Processed prompts:  14%|█▍        | 1124/8000 [02:01<07:25, 15.45it/s, est. speed input: 1514.85 toks/s, output: 3166.72 toks/s]
Processed prompts:  14%|█▍        | 1126/8000 [02:01<07:46, 14.72it/s, est. speed input: 1515.15 toks/s, output: 3170.60 toks/s]
Processed prompts:  14%|█▍        | 1134/8000 [02:02<07:04, 16.18it/s, est. speed input: 1525.62 toks/s, output: 3188.72 toks/s]
Processed prompts:  14%|█▍        | 1138/8000 [02:02<06:32, 17.49it/s, est. speed input: 1530.53 toks/s, output: 3197.79 toks/s]
Processed prompts:  14%|█▍        | 1142/8000 [02:02<06:32, 17.46it/s, est. speed input: 1535.29 toks/s, output: 3204.42 toks/s]
Processed prompts:  14%|█▍        | 1144/8000 [02:02<07:46, 14.70it/s, est. speed input: 1533.94 toks/s, output: 3198.79 toks/s]
Processed prompts:  14%|█▍        | 1155/8000 [02:03<04:23, 25.95it/s, est. speed input: 1543.22 toks/s, output: 3236.35 toks/s]
Processed prompts:  14%|█▍        | 1159/8000 [02:03<07:01, 16.22it/s, est. speed input: 1539.04 toks/s, output: 3225.74 toks/s]
Processed prompts:  15%|█▍        | 1162/8000 [02:03<06:46, 16.82it/s, est. speed input: 1541.05 toks/s, output: 3226.03 toks/s]
Processed prompts:  15%|█▍        | 1166/8000 [02:04<06:58, 16.33it/s, est. speed input: 1540.29 toks/s, output: 3233.17 toks/s]
Processed prompts:  15%|█▍        | 1169/8000 [02:04<06:33, 17.34it/s, est. speed input: 1543.82 toks/s, output: 3242.01 toks/s]
Processed prompts:  15%|█▍        | 1176/8000 [02:04<05:43, 19.89it/s, est. speed input: 1547.63 toks/s, output: 3263.45 toks/s]
Processed prompts:  15%|█▍        | 1179/8000 [02:04<06:38, 17.12it/s, est. speed input: 1550.43 toks/s, output: 3264.72 toks/s]
Processed prompts:  15%|█▍        | 1181/8000 [02:04<06:59, 16.26it/s, est. speed input: 1553.07 toks/s, output: 3268.89 toks/s]
Processed prompts:  15%|█▍        | 1184/8000 [02:05<06:56, 16.37it/s, est. speed input: 1557.46 toks/s, output: 3268.52 toks/s]
Processed prompts:  15%|█▍        | 1188/8000 [02:05<06:13, 18.25it/s, est. speed input: 1559.19 toks/s, output: 3280.47 toks/s]
Processed prompts:  15%|█▍        | 1192/8000 [02:05<06:29, 17.47it/s, est. speed input: 1562.72 toks/s, output: 3282.96 toks/s]
Processed prompts:  15%|█▍        | 1194/8000 [02:05<07:10, 15.82it/s, est. speed input: 1567.08 toks/s, output: 3286.45 toks/s]
Processed prompts:  15%|█▍        | 1196/8000 [02:05<08:31, 13.30it/s, est. speed input: 1565.18 toks/s, output: 3288.31 toks/s]
Processed prompts:  15%|█▌        | 1204/8000 [02:06<07:01, 16.14it/s, est. speed input: 1572.24 toks/s, output: 3298.96 toks/s]
Processed prompts:  15%|█▌        | 1206/8000 [02:06<06:49, 16.57it/s, est. speed input: 1574.41 toks/s, output: 3304.34 toks/s]
Processed prompts:  15%|█▌        | 1211/8000 [02:06<05:11, 21.82it/s, est. speed input: 1579.05 toks/s, output: 3315.08 toks/s]
Processed prompts:  15%|█▌        | 1216/8000 [02:06<05:24, 20.91it/s, est. speed input: 1581.44 toks/s, output: 3316.73 toks/s]
Processed prompts:  15%|█▌        | 1219/8000 [02:06<05:57, 18.96it/s, est. speed input: 1584.01 toks/s, output: 3319.43 toks/s]
Processed prompts:  15%|█▌        | 1222/8000 [02:07<05:39, 19.99it/s, est. speed input: 1587.57 toks/s, output: 3328.25 toks/s]
Processed prompts:  15%|█▌        | 1228/8000 [02:07<04:46, 23.60it/s, est. speed input: 1592.34 toks/s, output: 3341.27 toks/s]
Processed prompts:  15%|█▌        | 1232/8000 [02:07<05:56, 18.97it/s, est. speed input: 1592.70 toks/s, output: 3345.08 toks/s]
Processed prompts:  15%|█▌        | 1237/8000 [02:07<05:38, 19.96it/s, est. speed input: 1598.34 toks/s, output: 3359.24 toks/s]
Processed prompts:  16%|█▌        | 1240/8000 [02:08<06:48, 16.54it/s, est. speed input: 1598.56 toks/s, output: 3359.70 toks/s]
Processed prompts:  16%|█▌        | 1244/8000 [02:08<05:45, 19.55it/s, est. speed input: 1602.57 toks/s, output: 3372.61 toks/s]
Processed prompts:  16%|█▌        | 1251/8000 [02:08<05:33, 20.26it/s, est. speed input: 1608.97 toks/s, output: 3385.35 toks/s]
Processed prompts:  16%|█▌        | 1254/8000 [02:09<09:13, 12.19it/s, est. speed input: 1603.64 toks/s, output: 3370.37 toks/s]
Processed prompts:  16%|█▌        | 1256/8000 [02:09<10:28, 10.74it/s, est. speed input: 1601.08 toks/s, output: 3362.88 toks/s]
Processed prompts:  16%|█▌        | 1258/8000 [02:09<10:53, 10.32it/s, est. speed input: 1599.34 toks/s, output: 3357.97 toks/s]
Processed prompts:  16%|█▌        | 1262/8000 [02:10<10:52, 10.33it/s, est. speed input: 1600.23 toks/s, output: 3349.09 toks/s]
Processed prompts:  16%|█▌        | 1264/8000 [02:10<10:19, 10.88it/s, est. speed input: 1599.57 toks/s, output: 3345.97 toks/s]
Processed prompts:  16%|█▌        | 1267/8000 [02:10<14:25,  7.78it/s, est. speed input: 1593.34 toks/s, output: 3334.61 toks/s]
Processed prompts:  16%|█▌        | 1270/8000 [02:11<11:36,  9.66it/s, est. speed input: 1596.33 toks/s, output: 3332.62 toks/s]
Processed prompts:  16%|█▌        | 1273/8000 [02:11<10:24, 10.77it/s, est. speed input: 1597.20 toks/s, output: 3330.18 toks/s]
Processed prompts:  16%|█▌        | 1275/8000 [02:11<14:51,  7.55it/s, est. speed input: 1591.23 toks/s, output: 3318.45 toks/s]
Processed prompts:  16%|█▌        | 1277/8000 [02:11<13:06,  8.55it/s, est. speed input: 1591.21 toks/s, output: 3316.37 toks/s]
Processed prompts:  16%|█▌        | 1279/8000 [02:12<14:36,  7.67it/s, est. speed input: 1588.49 toks/s, output: 3308.94 toks/s]
Processed prompts:  16%|█▌        | 1281/8000 [02:12<19:47,  5.66it/s, est. speed input: 1583.68 toks/s, output: 3298.91 toks/s]
Processed prompts:  16%|█▌        | 1283/8000 [02:13<18:35,  6.02it/s, est. speed input: 1581.14 toks/s, output: 3293.37 toks/s]
Processed prompts:  16%|█▌        | 1284/8000 [02:13<21:28,  5.21it/s, est. speed input: 1577.74 toks/s, output: 3286.06 toks/s]
Processed prompts:  16%|█▌        | 1285/8000 [02:13<24:13,  4.62it/s, est. speed input: 1574.80 toks/s, output: 3278.95 toks/s]
Processed prompts:  16%|█▌        | 1287/8000 [02:14<21:54,  5.11it/s, est. speed input: 1573.40 toks/s, output: 3272.72 toks/s]
Processed prompts:  16%|█▌        | 1288/8000 [02:14<21:29,  5.21it/s, est. speed input: 1572.11 toks/s, output: 3269.15 toks/s]
Processed prompts:  16%|█▌        | 1291/8000 [02:14<14:50,  7.53it/s, est. speed input: 1572.69 toks/s, output: 3267.01 toks/s]
Processed prompts:  16%|█▌        | 1292/8000 [02:14<17:07,  6.53it/s, est. speed input: 1570.17 toks/s, output: 3261.81 toks/s]
Processed prompts:  16%|█▌        | 1294/8000 [02:14<16:02,  6.97it/s, est. speed input: 1570.13 toks/s, output: 3262.26 toks/s]
Processed prompts:  16%|█▌        | 1296/8000 [02:15<13:34,  8.23it/s, est. speed input: 1570.87 toks/s, output: 3260.68 toks/s]
Processed prompts:  16%|█▋        | 1300/8000 [02:15<09:54, 11.26it/s, est. speed input: 1572.08 toks/s, output: 3259.64 toks/s]
Processed prompts:  16%|█▋        | 1303/8000 [02:15<08:08, 13.71it/s, est. speed input: 1573.39 toks/s, output: 3260.06 toks/s]
Processed prompts:  16%|█▋        | 1308/8000 [02:15<09:28, 11.78it/s, est. speed input: 1572.17 toks/s, output: 3253.31 toks/s]
Processed prompts:  16%|█▋        | 1310/8000 [02:16<09:31, 11.70it/s, est. speed input: 1573.18 toks/s, output: 3251.19 toks/s]
Processed prompts:  16%|█▋        | 1312/8000 [02:16<11:02, 10.09it/s, est. speed input: 1571.25 toks/s, output: 3246.36 toks/s]
Processed prompts:  16%|█▋        | 1314/8000 [02:17<19:25,  5.73it/s, est. speed input: 1564.32 toks/s, output: 3231.97 toks/s]
Processed prompts:  16%|█▋        | 1316/8000 [02:17<16:46,  6.64it/s, est. speed input: 1562.76 toks/s, output: 3233.00 toks/s]
Processed prompts:  16%|█▋        | 1319/8000 [02:17<12:21,  9.01it/s, est. speed input: 1564.62 toks/s, output: 3233.90 toks/s]
Processed prompts:  17%|█▋        | 1322/8000 [02:17<11:04, 10.05it/s, est. speed input: 1563.90 toks/s, output: 3235.54 toks/s]
Processed prompts:  17%|█▋        | 1325/8000 [02:17<08:50, 12.59it/s, est. speed input: 1564.27 toks/s, output: 3236.25 toks/s]
Processed prompts:  17%|█▋        | 1329/8000 [02:17<06:50, 16.23it/s, est. speed input: 1566.58 toks/s, output: 3241.81 toks/s]
Processed prompts:  17%|█▋        | 1332/8000 [02:18<10:09, 10.95it/s, est. speed input: 1562.52 toks/s, output: 3236.49 toks/s]
Processed prompts:  17%|█▋        | 1334/8000 [02:18<11:24,  9.74it/s, est. speed input: 1562.45 toks/s, output: 3232.51 toks/s]
Processed prompts:  17%|█▋        | 1336/8000 [02:19<13:24,  8.28it/s, est. speed input: 1560.76 toks/s, output: 3229.25 toks/s]
Processed prompts:  17%|█▋        | 1339/8000 [02:19<11:11,  9.92it/s, est. speed input: 1561.59 toks/s, output: 3229.23 toks/s]
Processed prompts:  17%|█▋        | 1342/8000 [02:19<10:33, 10.50it/s, est. speed input: 1561.59 toks/s, output: 3232.03 toks/s]
Processed prompts:  17%|█▋        | 1344/8000 [02:19<10:31, 10.54it/s, est. speed input: 1561.93 toks/s, output: 3233.34 toks/s]
Processed prompts:  17%|█▋        | 1346/8000 [02:19<10:58, 10.11it/s, est. speed input: 1561.66 toks/s, output: 3233.36 toks/s]
Processed prompts:  17%|█▋        | 1348/8000 [02:20<14:27,  7.66it/s, est. speed input: 1562.41 toks/s, output: 3228.98 toks/s]
Processed prompts:  17%|█▋        | 1349/8000 [02:20<18:07,  6.12it/s, est. speed input: 1559.36 toks/s, output: 3224.87 toks/s]
Processed prompts:  17%|█▋        | 1351/8000 [02:21<17:40,  6.27it/s, est. speed input: 1557.20 toks/s, output: 3221.99 toks/s]
Processed prompts:  17%|█▋        | 1352/8000 [02:21<18:42,  5.92it/s, est. speed input: 1556.58 toks/s, output: 3218.87 toks/s]
Processed prompts:  17%|█▋        | 1353/8000 [02:21<17:10,  6.45it/s, est. speed input: 1557.60 toks/s, output: 3220.17 toks/s]
Processed prompts:  17%|█▋        | 1356/8000 [02:21<15:07,  7.32it/s, est. speed input: 1555.80 toks/s, output: 3217.19 toks/s]
Processed prompts:  17%|█▋        | 1357/8000 [02:21<14:46,  7.49it/s, est. speed input: 1557.31 toks/s, output: 3218.10 toks/s]
Processed prompts:  17%|█▋        | 1360/8000 [02:21<10:53, 10.16it/s, est. speed input: 1557.34 toks/s, output: 3223.32 toks/s]
Processed prompts:  17%|█▋        | 1363/8000 [02:22<11:08,  9.93it/s, est. speed input: 1556.11 toks/s, output: 3224.22 toks/s]
Processed prompts:  17%|█▋        | 1365/8000 [02:22<12:22,  8.94it/s, est. speed input: 1555.15 toks/s, output: 3224.95 toks/s]
Processed prompts:  17%|█▋        | 1368/8000 [02:22<09:59, 11.05it/s, est. speed input: 1556.06 toks/s, output: 3225.98 toks/s]
Processed prompts:  17%|█▋        | 1370/8000 [02:22<10:54, 10.13it/s, est. speed input: 1555.60 toks/s, output: 3227.62 toks/s]
Processed prompts:  17%|█▋        | 1372/8000 [02:23<10:43, 10.30it/s, est. speed input: 1556.15 toks/s, output: 3227.06 toks/s]
Processed prompts:  17%|█▋        | 1374/8000 [02:23<18:18,  6.03it/s, est. speed input: 1552.63 toks/s, output: 3216.98 toks/s]
Processed prompts:  17%|█▋        | 1375/8000 [02:24<18:16,  6.04it/s, est. speed input: 1551.09 toks/s, output: 3216.01 toks/s]
Processed prompts:  17%|█▋        | 1376/8000 [02:24<16:55,  6.52it/s, est. speed input: 1550.45 toks/s, output: 3216.79 toks/s]
Processed prompts:  17%|█▋        | 1377/8000 [02:24<16:08,  6.84it/s, est. speed input: 1550.41 toks/s, output: 3216.00 toks/s]
Processed prompts:  17%|█▋        | 1378/8000 [02:24<24:57,  4.42it/s, est. speed input: 1545.67 toks/s, output: 3208.72 toks/s]
Processed prompts:  17%|█▋        | 1381/8000 [02:24<14:36,  7.55it/s, est. speed input: 1545.66 toks/s, output: 3211.91 toks/s]
Processed prompts:  17%|█▋        | 1383/8000 [02:25<13:46,  8.01it/s, est. speed input: 1545.21 toks/s, output: 3212.58 toks/s]
Processed prompts:  17%|█▋        | 1385/8000 [02:25<14:37,  7.53it/s, est. speed input: 1545.34 toks/s, output: 3210.35 toks/s]
Processed prompts:  17%|█▋        | 1387/8000 [02:25<12:21,  8.92it/s, est. speed input: 1545.88 toks/s, output: 3212.92 toks/s]
Processed prompts:  17%|█▋        | 1389/8000 [02:25<12:26,  8.86it/s, est. speed input: 1546.68 toks/s, output: 3212.21 toks/s]
Processed prompts:  17%|█▋        | 1391/8000 [02:26<13:37,  8.09it/s, est. speed input: 1545.81 toks/s, output: 3212.51 toks/s]
Processed prompts:  17%|█▋        | 1392/8000 [02:26<17:03,  6.46it/s, est. speed input: 1543.03 toks/s, output: 3209.47 toks/s]
Processed prompts:  17%|█▋        | 1393/8000 [02:26<17:22,  6.34it/s, est. speed input: 1542.72 toks/s, output: 3207.95 toks/s]
Processed prompts:  17%|█▋        | 1394/8000 [02:27<28:25,  3.87it/s, est. speed input: 1536.65 toks/s, output: 3197.00 toks/s]
Processed prompts:  17%|█▋        | 1396/8000 [02:27<19:41,  5.59it/s, est. speed input: 1537.16 toks/s, output: 3200.16 toks/s]
Processed prompts:  17%|█▋        | 1397/8000 [02:27<19:55,  5.52it/s, est. speed input: 1535.65 toks/s, output: 3198.24 toks/s]
Processed prompts:  17%|█▋        | 1398/8000 [02:27<25:48,  4.26it/s, est. speed input: 1532.62 toks/s, output: 3192.93 toks/s]
Processed prompts:  17%|█▋        | 1399/8000 [02:27<22:29,  4.89it/s, est. speed input: 1531.82 toks/s, output: 3193.19 toks/s]
Processed prompts:  18%|█▊        | 1400/8000 [02:28<20:41,  5.31it/s, est. speed input: 1533.45 toks/s, output: 3192.28 toks/s]
Processed prompts:  18%|█▊        | 1402/8000 [02:28<18:41,  5.88it/s, est. speed input: 1531.99 toks/s, output: 3190.94 toks/s]
Processed prompts:  18%|█▊        | 1404/8000 [02:28<14:31,  7.57it/s, est. speed input: 1531.77 toks/s, output: 3193.37 toks/s]
Processed prompts:  18%|█▊        | 1405/8000 [02:29<24:43,  4.45it/s, est. speed input: 1529.11 toks/s, output: 3184.69 toks/s]
Processed prompts:  18%|█▊        | 1406/8000 [02:29<29:41,  3.70it/s, est. speed input: 1527.97 toks/s, output: 3179.20 toks/s]
Processed prompts:  18%|█▊        | 1408/8000 [02:29<28:40,  3.83it/s, est. speed input: 1525.87 toks/s, output: 3174.50 toks/s]
Processed prompts:  18%|█▊        | 1410/8000 [02:30<20:33,  5.34it/s, est. speed input: 1526.53 toks/s, output: 3178.86 toks/s]
Processed prompts:  18%|█▊        | 1412/8000 [02:30<18:49,  5.83it/s, est. speed input: 1525.97 toks/s, output: 3179.11 toks/s]
Processed prompts:  18%|█▊        | 1413/8000 [02:30<19:21,  5.67it/s, est. speed input: 1524.51 toks/s, output: 3177.83 toks/s]
Processed prompts:  18%|█▊        | 1416/8000 [02:30<13:18,  8.25it/s, est. speed input: 1526.45 toks/s, output: 3183.77 toks/s]
Processed prompts:  18%|█▊        | 1418/8000 [02:31<15:04,  7.27it/s, est. speed input: 1525.97 toks/s, output: 3182.36 toks/s]
Processed prompts:  18%|█▊        | 1421/8000 [02:31<14:01,  7.82it/s, est. speed input: 1526.47 toks/s, output: 3185.37 toks/s]
Processed prompts:  18%|█▊        | 1424/8000 [02:31<15:21,  7.14it/s, est. speed input: 1524.11 toks/s, output: 3185.23 toks/s]
Processed prompts:  18%|█▊        | 1426/8000 [02:32<15:05,  7.26it/s, est. speed input: 1525.17 toks/s, output: 3186.49 toks/s]
Processed prompts:  18%|█▊        | 1429/8000 [02:32<12:52,  8.50it/s, est. speed input: 1526.63 toks/s, output: 3191.50 toks/s]
Processed prompts:  18%|█▊        | 1431/8000 [02:32<13:37,  8.03it/s, est. speed input: 1525.07 toks/s, output: 3190.79 toks/s]
Processed prompts:  18%|█▊        | 1432/8000 [02:32<13:37,  8.04it/s, est. speed input: 1525.56 toks/s, output: 3189.66 toks/s]
Processed prompts:  18%|█▊        | 1433/8000 [02:32<13:21,  8.19it/s, est. speed input: 1527.06 toks/s, output: 3190.69 toks/s]
Processed prompts:  18%|█▊        | 1436/8000 [02:33<10:24, 10.51it/s, est. speed input: 1527.53 toks/s, output: 3196.68 toks/s]
Processed prompts:  18%|█▊        | 1438/8000 [02:33<10:51, 10.07it/s, est. speed input: 1528.71 toks/s, output: 3198.12 toks/s]
Processed prompts:  18%|█▊        | 1440/8000 [02:33<13:28,  8.12it/s, est. speed input: 1526.98 toks/s, output: 3197.27 toks/s]
Processed prompts:  18%|█▊        | 1442/8000 [02:33<13:14,  8.26it/s, est. speed input: 1525.45 toks/s, output: 3198.61 toks/s]
Processed prompts:  18%|█▊        | 1443/8000 [02:34<14:53,  7.34it/s, est. speed input: 1523.60 toks/s, output: 3197.61 toks/s]
Processed prompts:  18%|█▊        | 1444/8000 [02:34<16:22,  6.67it/s, est. speed input: 1521.87 toks/s, output: 3196.70 toks/s]
Processed prompts:  18%|█▊        | 1448/8000 [02:34<09:52, 11.07it/s, est. speed input: 1526.56 toks/s, output: 3204.10 toks/s]
Processed prompts:  18%|█▊        | 1450/8000 [02:34<13:35,  8.04it/s, est. speed input: 1525.05 toks/s, output: 3201.86 toks/s]
Processed prompts:  18%|█▊        | 1452/8000 [02:35<12:54,  8.45it/s, est. speed input: 1525.11 toks/s, output: 3203.76 toks/s]
Processed prompts:  18%|█▊        | 1454/8000 [02:35<11:44,  9.29it/s, est. speed input: 1524.11 toks/s, output: 3206.99 toks/s]
Processed prompts:  18%|█▊        | 1456/8000 [02:35<10:53, 10.02it/s, est. speed input: 1525.20 toks/s, output: 3209.87 toks/s]
Processed prompts:  18%|█▊        | 1458/8000 [02:35<13:05,  8.32it/s, est. speed input: 1526.55 toks/s, output: 3209.47 toks/s]
Processed prompts:  18%|█▊        | 1464/8000 [02:36<08:32, 12.75it/s, est. speed input: 1528.31 toks/s, output: 3223.56 toks/s]
Processed prompts:  18%|█▊        | 1466/8000 [02:36<09:24, 11.57it/s, est. speed input: 1527.79 toks/s, output: 3224.99 toks/s]
Processed prompts:  18%|█▊        | 1468/8000 [02:36<09:28, 11.49it/s, est. speed input: 1527.26 toks/s, output: 3227.86 toks/s]
Processed prompts:  18%|█▊        | 1470/8000 [02:36<09:24, 11.57it/s, est. speed input: 1528.08 toks/s, output: 3230.92 toks/s]
Processed prompts:  18%|█▊        | 1472/8000 [02:37<12:39,  8.60it/s, est. speed input: 1527.40 toks/s, output: 3228.94 toks/s]
Processed prompts:  18%|█▊        | 1475/8000 [02:37<09:48, 11.09it/s, est. speed input: 1527.73 toks/s, output: 3231.26 toks/s]
Processed prompts:  18%|█▊        | 1478/8000 [02:37<08:22, 12.97it/s, est. speed input: 1529.89 toks/s, output: 3237.84 toks/s]
Processed prompts:  18%|█▊        | 1480/8000 [02:37<11:01,  9.85it/s, est. speed input: 1530.45 toks/s, output: 3237.06 toks/s]
Processed prompts:  19%|█▊        | 1485/8000 [02:38<09:57, 10.91it/s, est. speed input: 1533.27 toks/s, output: 3241.96 toks/s]
Processed prompts:  19%|█▊        | 1489/8000 [02:38<09:17, 11.67it/s, est. speed input: 1535.26 toks/s, output: 3248.66 toks/s]
Processed prompts:  19%|█▊        | 1491/8000 [02:38<12:51,  8.44it/s, est. speed input: 1533.54 toks/s, output: 3244.76 toks/s]
Processed prompts:  19%|█▊        | 1496/8000 [02:39<10:30, 10.32it/s, est. speed input: 1534.65 toks/s, output: 3251.50 toks/s]
Processed prompts:  19%|█▊        | 1498/8000 [02:39<09:58, 10.86it/s, est. speed input: 1537.16 toks/s, output: 3254.99 toks/s]
Processed prompts:  19%|█▉        | 1505/8000 [02:39<05:52, 18.40it/s, est. speed input: 1542.21 toks/s, output: 3275.33 toks/s]
Processed prompts:  19%|█▉        | 1508/8000 [02:40<09:22, 11.53it/s, est. speed input: 1538.65 toks/s, output: 3272.97 toks/s]
Processed prompts:  19%|█▉        | 1521/8000 [02:40<04:33, 23.73it/s, est. speed input: 1551.78 toks/s, output: 3311.62 toks/s]
Processed prompts:  19%|█▉        | 1534/8000 [02:40<05:06, 21.11it/s, est. speed input: 1563.30 toks/s, output: 3338.59 toks/s]
Processed prompts:  19%|█▉        | 1545/8000 [02:41<06:01, 17.88it/s, est. speed input: 1568.34 toks/s, output: 3357.19 toks/s]
Processed prompts:  19%|█▉        | 1548/8000 [02:42<08:04, 13.33it/s, est. speed input: 1566.85 toks/s, output: 3350.30 toks/s]
Processed prompts:  19%|█▉        | 1551/8000 [02:42<07:55, 13.56it/s, est. speed input: 1568.66 toks/s, output: 3355.64 toks/s]
Processed prompts:  20%|█▉        | 1568/8000 [02:43<06:11, 17.30it/s, est. speed input: 1578.09 toks/s, output: 3390.30 toks/s]
Processed prompts:  20%|█▉        | 1575/8000 [02:43<06:01, 17.77it/s, est. speed input: 1582.45 toks/s, output: 3404.72 toks/s]
Processed prompts:  20%|█▉        | 1585/8000 [02:44<07:32, 14.17it/s, est. speed input: 1583.00 toks/s, output: 3409.13 toks/s]
Processed prompts:  20%|██        | 1609/8000 [02:44<03:51, 27.63it/s, est. speed input: 1606.36 toks/s, output: 3471.59 toks/s]
Processed prompts:  20%|██        | 1616/8000 [02:46<06:50, 15.56it/s, est. speed input: 1598.00 toks/s, output: 3447.10 toks/s]
Processed prompts:  20%|██        | 1624/8000 [02:46<05:42, 18.60it/s, est. speed input: 1605.12 toks/s, output: 3457.43 toks/s]
Processed prompts:  20%|██        | 1629/8000 [02:46<05:59, 17.71it/s, est. speed input: 1604.59 toks/s, output: 3450.46 toks/s]
Processed prompts:  20%|██        | 1636/8000 [02:46<05:02, 21.01it/s, est. speed input: 1613.21 toks/s, output: 3465.83 toks/s]
Processed prompts:  21%|██        | 1647/8000 [02:47<04:21, 24.34it/s, est. speed input: 1620.27 toks/s, output: 3483.77 toks/s]
Processed prompts:  21%|██        | 1651/8000 [02:47<06:40, 15.87it/s, est. speed input: 1618.54 toks/s, output: 3475.11 toks/s]
Processed prompts:  21%|██        | 1654/8000 [02:47<06:18, 16.77it/s, est. speed input: 1620.70 toks/s, output: 3473.38 toks/s]
Processed prompts:  21%|██        | 1657/8000 [02:48<06:37, 15.94it/s, est. speed input: 1621.29 toks/s, output: 3468.82 toks/s]
Processed prompts:  21%|██        | 1660/8000 [02:48<07:27, 14.17it/s, est. speed input: 1622.50 toks/s, output: 3466.42 toks/s]
Processed prompts:  21%|██        | 1662/8000 [02:49<10:59,  9.61it/s, est. speed input: 1617.91 toks/s, output: 3458.04 toks/s]
Processed prompts:  21%|██        | 1664/8000 [02:49<10:24, 10.15it/s, est. speed input: 1617.18 toks/s, output: 3455.93 toks/s]
Processed prompts:  21%|██        | 1666/8000 [02:49<09:51, 10.71it/s, est. speed input: 1618.22 toks/s, output: 3453.77 toks/s]
Processed prompts:  21%|██        | 1668/8000 [02:49<12:02,  8.76it/s, est. speed input: 1616.87 toks/s, output: 3447.54 toks/s]
Processed prompts:  21%|██        | 1670/8000 [02:49<11:54,  8.86it/s, est. speed input: 1615.19 toks/s, output: 3444.81 toks/s]
Processed prompts:  21%|██        | 1672/8000 [02:50<11:37,  9.07it/s, est. speed input: 1613.84 toks/s, output: 3444.60 toks/s]
Processed prompts:  21%|██        | 1674/8000 [02:50<18:15,  5.78it/s, est. speed input: 1608.06 toks/s, output: 3432.32 toks/s]
Processed prompts:  21%|██        | 1676/8000 [02:51<17:10,  6.14it/s, est. speed input: 1606.57 toks/s, output: 3428.74 toks/s]
Processed prompts:  21%|██        | 1679/8000 [02:51<12:33,  8.39it/s, est. speed input: 1606.80 toks/s, output: 3428.37 toks/s]
Processed prompts:  21%|██        | 1682/8000 [02:51<09:49, 10.71it/s, est. speed input: 1610.47 toks/s, output: 3429.42 toks/s]
Processed prompts:  21%|██        | 1684/8000 [02:51<12:31,  8.41it/s, est. speed input: 1610.61 toks/s, output: 3422.42 toks/s]
Processed prompts:  21%|██        | 1687/8000 [02:52<11:41,  9.00it/s, est. speed input: 1609.16 toks/s, output: 3420.50 toks/s]
Processed prompts:  21%|██        | 1689/8000 [02:52<13:07,  8.01it/s, est. speed input: 1607.33 toks/s, output: 3415.46 toks/s]
Processed prompts:  21%|██        | 1690/8000 [02:52<13:11,  7.97it/s, est. speed input: 1606.98 toks/s, output: 3415.87 toks/s]
Processed prompts:  21%|██        | 1691/8000 [02:52<13:28,  7.81it/s, est. speed input: 1606.61 toks/s, output: 3413.57 toks/s]
Processed prompts:  21%|██        | 1694/8000 [02:52<11:39,  9.02it/s, est. speed input: 1605.49 toks/s, output: 3412.83 toks/s]
Processed prompts:  21%|██        | 1695/8000 [02:53<12:35,  8.35it/s, est. speed input: 1604.44 toks/s, output: 3410.13 toks/s]
Processed prompts:  21%|██        | 1699/8000 [02:53<08:56, 11.75it/s, est. speed input: 1604.02 toks/s, output: 3408.40 toks/s]
Processed prompts:  21%|██▏       | 1701/8000 [02:53<10:55,  9.60it/s, est. speed input: 1602.87 toks/s, output: 3404.12 toks/s]
Processed prompts:  21%|██▏       | 1703/8000 [02:53<12:30,  8.39it/s, est. speed input: 1604.80 toks/s, output: 3401.43 toks/s]
Processed prompts:  21%|██▏       | 1704/8000 [02:54<17:48,  5.89it/s, est. speed input: 1601.69 toks/s, output: 3393.67 toks/s]
Processed prompts:  21%|██▏       | 1707/8000 [02:54<12:13,  8.58it/s, est. speed input: 1602.70 toks/s, output: 3393.34 toks/s]
Processed prompts:  21%|██▏       | 1709/8000 [02:54<10:32,  9.95it/s, est. speed input: 1603.73 toks/s, output: 3393.34 toks/s]
Processed prompts:  21%|██▏       | 1711/8000 [02:54<09:32, 10.99it/s, est. speed input: 1604.60 toks/s, output: 3395.13 toks/s]
Processed prompts:  21%|██▏       | 1713/8000 [02:54<09:59, 10.49it/s, est. speed input: 1605.11 toks/s, output: 3392.36 toks/s]
Processed prompts:  21%|██▏       | 1716/8000 [02:55<08:17, 12.64it/s, est. speed input: 1607.43 toks/s, output: 3392.58 toks/s]
Processed prompts:  21%|██▏       | 1719/8000 [02:55<07:25, 14.09it/s, est. speed input: 1607.23 toks/s, output: 3391.65 toks/s]
Processed prompts:  22%|██▏       | 1721/8000 [02:55<07:09, 14.61it/s, est. speed input: 1607.68 toks/s, output: 3390.77 toks/s]
Processed prompts:  22%|██▏       | 1723/8000 [02:56<14:29,  7.22it/s, est. speed input: 1602.30 toks/s, output: 3381.62 toks/s]
Processed prompts:  22%|██▏       | 1726/8000 [02:56<11:39,  8.97it/s, est. speed input: 1602.14 toks/s, output: 3381.51 toks/s]
Processed prompts:  22%|██▏       | 1728/8000 [02:56<11:04,  9.44it/s, est. speed input: 1601.40 toks/s, output: 3380.33 toks/s]
Processed prompts:  22%|██▏       | 1730/8000 [02:56<10:45,  9.71it/s, est. speed input: 1602.02 toks/s, output: 3378.90 toks/s]
Processed prompts:  22%|██▏       | 1735/8000 [02:56<08:32, 12.22it/s, est. speed input: 1608.50 toks/s, output: 3378.15 toks/s]
Processed prompts:  22%|██▏       | 1737/8000 [02:57<08:12, 12.72it/s, est. speed input: 1608.35 toks/s, output: 3377.24 toks/s]
Processed prompts:  22%|██▏       | 1739/8000 [02:57<10:43,  9.73it/s, est. speed input: 1606.80 toks/s, output: 3374.15 toks/s]
Processed prompts:  22%|██▏       | 1741/8000 [02:57<09:31, 10.96it/s, est. speed input: 1607.69 toks/s, output: 3374.57 toks/s]
Processed prompts:  22%|██▏       | 1743/8000 [02:57<09:20, 11.17it/s, est. speed input: 1607.63 toks/s, output: 3373.20 toks/s]
Processed prompts:  22%|██▏       | 1745/8000 [02:58<13:14,  7.87it/s, est. speed input: 1604.65 toks/s, output: 3368.44 toks/s]
Processed prompts:  22%|██▏       | 1747/8000 [02:58<14:28,  7.20it/s, est. speed input: 1602.77 toks/s, output: 3364.76 toks/s]
Processed prompts:  22%|██▏       | 1748/8000 [02:58<15:25,  6.76it/s, est. speed input: 1601.34 toks/s, output: 3363.99 toks/s]
Processed prompts:  22%|██▏       | 1750/8000 [02:59<17:46,  5.86it/s, est. speed input: 1598.91 toks/s, output: 3358.76 toks/s]
Processed prompts:  22%|██▏       | 1751/8000 [02:59<18:44,  5.56it/s, est. speed input: 1597.69 toks/s, output: 3355.70 toks/s]
Processed prompts:  22%|██▏       | 1754/8000 [02:59<12:03,  8.63it/s, est. speed input: 1598.19 toks/s, output: 3357.08 toks/s]
Processed prompts:  22%|██▏       | 1756/8000 [02:59<15:51,  6.56it/s, est. speed input: 1595.59 toks/s, output: 3350.38 toks/s]
Processed prompts:  22%|██▏       | 1759/8000 [03:00<12:54,  8.06it/s, est. speed input: 1596.57 toks/s, output: 3349.26 toks/s]
Processed prompts:  22%|██▏       | 1761/8000 [03:00<13:58,  7.44it/s, est. speed input: 1594.71 toks/s, output: 3345.54 toks/s]
Processed prompts:  22%|██▏       | 1762/8000 [03:00<13:33,  7.67it/s, est. speed input: 1595.17 toks/s, output: 3344.65 toks/s]
Processed prompts:  22%|██▏       | 1764/8000 [03:00<11:12,  9.27it/s, est. speed input: 1596.57 toks/s, output: 3345.12 toks/s]
Processed prompts:  22%|██▏       | 1767/8000 [03:01<11:36,  8.95it/s, est. speed input: 1596.03 toks/s, output: 3343.80 toks/s]
Processed prompts:  22%|██▏       | 1769/8000 [03:01<09:51, 10.53it/s, est. speed input: 1597.23 toks/s, output: 3344.51 toks/s]
Processed prompts:  22%|██▏       | 1771/8000 [03:01<09:21, 11.10it/s, est. speed input: 1598.44 toks/s, output: 3344.09 toks/s]
Processed prompts:  22%|██▏       | 1774/8000 [03:01<08:33, 12.13it/s, est. speed input: 1598.82 toks/s, output: 3343.99 toks/s]
Processed prompts:  22%|██▏       | 1778/8000 [03:01<06:15, 16.58it/s, est. speed input: 1600.55 toks/s, output: 3348.46 toks/s]
Processed prompts:  22%|██▏       | 1780/8000 [03:02<10:40,  9.71it/s, est. speed input: 1597.66 toks/s, output: 3341.99 toks/s]
Processed prompts:  22%|██▏       | 1782/8000 [03:02<10:42,  9.68it/s, est. speed input: 1596.52 toks/s, output: 3341.55 toks/s]
Processed prompts:  22%|██▏       | 1785/8000 [03:02<08:21, 12.39it/s, est. speed input: 1596.66 toks/s, output: 3345.12 toks/s]
Processed prompts:  22%|██▏       | 1787/8000 [03:02<10:00, 10.34it/s, est. speed input: 1595.81 toks/s, output: 3343.27 toks/s]
Processed prompts:  22%|██▏       | 1789/8000 [03:02<10:09, 10.18it/s, est. speed input: 1595.61 toks/s, output: 3342.18 toks/s]
Processed prompts:  22%|██▏       | 1791/8000 [03:03<11:01,  9.38it/s, est. speed input: 1595.53 toks/s, output: 3340.27 toks/s]
Processed prompts:  22%|██▏       | 1793/8000 [03:03<14:50,  6.97it/s, est. speed input: 1593.48 toks/s, output: 3335.82 toks/s]
Processed prompts:  22%|██▏       | 1794/8000 [03:03<17:54,  5.77it/s, est. speed input: 1590.90 toks/s, output: 3332.77 toks/s]
Processed prompts:  22%|██▏       | 1796/8000 [03:04<15:43,  6.58it/s, est. speed input: 1591.14 toks/s, output: 3332.16 toks/s]
Processed prompts:  22%|██▏       | 1797/8000 [03:04<17:06,  6.04it/s, est. speed input: 1589.35 toks/s, output: 3330.47 toks/s]
Processed prompts:  22%|██▏       | 1798/8000 [03:04<21:56,  4.71it/s, est. speed input: 1586.39 toks/s, output: 3326.27 toks/s]
Processed prompts:  22%|██▏       | 1799/8000 [03:05<28:09,  3.67it/s, est. speed input: 1583.25 toks/s, output: 3319.37 toks/s]
Processed prompts:  23%|██▎       | 1801/8000 [03:05<21:18,  4.85it/s, est. speed input: 1583.81 toks/s, output: 3319.94 toks/s]
Processed prompts:  23%|██▎       | 1804/8000 [03:05<13:17,  7.77it/s, est. speed input: 1585.97 toks/s, output: 3325.25 toks/s]
Processed prompts:  23%|██▎       | 1806/8000 [03:06<20:08,  5.13it/s, est. speed input: 1581.23 toks/s, output: 3318.37 toks/s]
Processed prompts:  23%|██▎       | 1808/8000 [03:06<17:32,  5.88it/s, est. speed input: 1582.56 toks/s, output: 3317.71 toks/s]
Processed prompts:  23%|██▎       | 1809/8000 [03:06<17:33,  5.88it/s, est. speed input: 1582.53 toks/s, output: 3316.34 toks/s]
Processed prompts:  23%|██▎       | 1810/8000 [03:06<17:46,  5.80it/s, est. speed input: 1582.66 toks/s, output: 3315.86 toks/s]
Processed prompts:  23%|██▎       | 1812/8000 [03:06<13:32,  7.62it/s, est. speed input: 1583.05 toks/s, output: 3319.19 toks/s]
Processed prompts:  23%|██▎       | 1814/8000 [03:07<13:26,  7.67it/s, est. speed input: 1583.09 toks/s, output: 3319.51 toks/s]
Processed prompts:  23%|██▎       | 1815/8000 [03:07<13:45,  7.49it/s, est. speed input: 1583.31 toks/s, output: 3319.64 toks/s]
Processed prompts:  23%|██▎       | 1818/8000 [03:08<18:39,  5.52it/s, est. speed input: 1579.26 toks/s, output: 3313.26 toks/s]
Processed prompts:  23%|██▎       | 1819/8000 [03:08<18:25,  5.59it/s, est. speed input: 1579.00 toks/s, output: 3312.11 toks/s]
Processed prompts:  23%|██▎       | 1820/8000 [03:08<21:10,  4.86it/s, est. speed input: 1577.84 toks/s, output: 3309.37 toks/s]
Processed prompts:  23%|██▎       | 1822/8000 [03:09<23:43,  4.34it/s, est. speed input: 1575.16 toks/s, output: 3304.35 toks/s]
Processed prompts:  23%|██▎       | 1824/8000 [03:09<19:11,  5.36it/s, est. speed input: 1574.01 toks/s, output: 3305.37 toks/s]
Processed prompts:  23%|██▎       | 1825/8000 [03:09<19:59,  5.15it/s, est. speed input: 1573.12 toks/s, output: 3304.13 toks/s]
Processed prompts:  23%|██▎       | 1826/8000 [03:09<18:54,  5.44it/s, est. speed input: 1572.35 toks/s, output: 3303.48 toks/s]
Processed prompts:  23%|██▎       | 1828/8000 [03:09<16:13,  6.34it/s, est. speed input: 1572.12 toks/s, output: 3304.82 toks/s]
Processed prompts:  23%|██▎       | 1829/8000 [03:10<16:35,  6.20it/s, est. speed input: 1571.50 toks/s, output: 3304.49 toks/s]
Processed prompts:  23%|██▎       | 1831/8000 [03:10<16:48,  6.12it/s, est. speed input: 1569.45 toks/s, output: 3304.08 toks/s]
Processed prompts:  23%|██▎       | 1832/8000 [03:10<17:28,  5.88it/s, est. speed input: 1568.01 toks/s, output: 3303.40 toks/s]
Processed prompts:  23%|██▎       | 1836/8000 [03:10<10:49,  9.49it/s, est. speed input: 1568.57 toks/s, output: 3309.52 toks/s]
Processed prompts:  23%|██▎       | 1838/8000 [03:11<12:17,  8.36it/s, est. speed input: 1569.70 toks/s, output: 3308.90 toks/s]
Processed prompts:  23%|██▎       | 1839/8000 [03:11<13:13,  7.77it/s, est. speed input: 1568.91 toks/s, output: 3308.57 toks/s]
Processed prompts:  23%|██▎       | 1841/8000 [03:11<12:02,  8.52it/s, est. speed input: 1570.32 toks/s, output: 3310.68 toks/s]
Processed prompts:  23%|██▎       | 1844/8000 [03:11<09:47, 10.47it/s, est. speed input: 1570.96 toks/s, output: 3314.16 toks/s]
Processed prompts:  23%|██▎       | 1846/8000 [03:11<09:45, 10.51it/s, est. speed input: 1571.51 toks/s, output: 3315.04 toks/s]
Processed prompts:  23%|██▎       | 1848/8000 [03:12<10:30,  9.76it/s, est. speed input: 1570.03 toks/s, output: 3316.20 toks/s]
Processed prompts:  23%|██▎       | 1850/8000 [03:12<11:03,  9.28it/s, est. speed input: 1568.56 toks/s, output: 3316.81 toks/s]
Processed prompts:  23%|██▎       | 1851/8000 [03:12<16:01,  6.40it/s, est. speed input: 1565.58 toks/s, output: 3312.75 toks/s]
Processed prompts:  23%|██▎       | 1852/8000 [03:12<15:03,  6.80it/s, est. speed input: 1564.89 toks/s, output: 3313.54 toks/s]
Processed prompts:  23%|██▎       | 1855/8000 [03:13<13:29,  7.60it/s, est. speed input: 1565.07 toks/s, output: 3315.19 toks/s]
Processed prompts:  23%|██▎       | 1856/8000 [03:13<13:27,  7.61it/s, est. speed input: 1564.46 toks/s, output: 3315.52 toks/s]
Processed prompts:  23%|██▎       | 1858/8000 [03:13<12:49,  7.98it/s, est. speed input: 1565.01 toks/s, output: 3316.92 toks/s]
Processed prompts:  23%|██▎       | 1859/8000 [03:13<12:51,  7.96it/s, est. speed input: 1564.16 toks/s, output: 3317.39 toks/s]
Processed prompts:  23%|██▎       | 1860/8000 [03:13<12:36,  8.11it/s, est. speed input: 1563.40 toks/s, output: 3318.07 toks/s]
Processed prompts:  23%|██▎       | 1863/8000 [03:13<08:22, 12.22it/s, est. speed input: 1565.61 toks/s, output: 3324.07 toks/s]
Processed prompts:  23%|██▎       | 1865/8000 [03:14<09:09, 11.17it/s, est. speed input: 1564.34 toks/s, output: 3325.71 toks/s]
Processed prompts:  23%|██▎       | 1869/8000 [03:14<09:16, 11.01it/s, est. speed input: 1562.79 toks/s, output: 3329.51 toks/s]
Processed prompts:  23%|██▎       | 1871/8000 [03:14<10:11, 10.03it/s, est. speed input: 1562.26 toks/s, output: 3329.87 toks/s]
Processed prompts:  23%|██▎       | 1873/8000 [03:14<09:16, 11.02it/s, est. speed input: 1563.11 toks/s, output: 3332.87 toks/s]
Processed prompts:  23%|██▎       | 1875/8000 [03:15<10:46,  9.48it/s, est. speed input: 1561.59 toks/s, output: 3333.19 toks/s]
Processed prompts:  23%|██▎       | 1877/8000 [03:15<10:37,  9.61it/s, est. speed input: 1563.15 toks/s, output: 3333.21 toks/s]
Processed prompts:  23%|██▎       | 1879/8000 [03:15<12:32,  8.13it/s, est. speed input: 1561.47 toks/s, output: 3330.79 toks/s]
Processed prompts:  24%|██▎       | 1881/8000 [03:15<12:11,  8.36it/s, est. speed input: 1563.70 toks/s, output: 3332.01 toks/s]
Processed prompts:  24%|██▎       | 1884/8000 [03:16<10:02, 10.16it/s, est. speed input: 1566.65 toks/s, output: 3336.00 toks/s]
Processed prompts:  24%|██▎       | 1887/8000 [03:16<10:45,  9.47it/s, est. speed input: 1565.88 toks/s, output: 3337.52 toks/s]
Processed prompts:  24%|██▎       | 1890/8000 [03:16<08:46, 11.61it/s, est. speed input: 1567.43 toks/s, output: 3342.00 toks/s]
Processed prompts:  24%|██▎       | 1892/8000 [03:16<09:45, 10.44it/s, est. speed input: 1565.76 toks/s, output: 3342.93 toks/s]
Processed prompts:  24%|██▎       | 1894/8000 [03:17<11:21,  8.95it/s, est. speed input: 1565.60 toks/s, output: 3342.58 toks/s]
Processed prompts:  24%|██▎       | 1896/8000 [03:17<11:34,  8.79it/s, est. speed input: 1567.59 toks/s, output: 3343.73 toks/s]
Processed prompts:  24%|██▎       | 1897/8000 [03:17<11:42,  8.69it/s, est. speed input: 1568.25 toks/s, output: 3344.25 toks/s]
Processed prompts:  24%|██▎       | 1899/8000 [03:17<12:47,  7.95it/s, est. speed input: 1569.11 toks/s, output: 3344.39 toks/s]
Processed prompts:  24%|██▍       | 1902/8000 [03:18<09:47, 10.39it/s, est. speed input: 1570.86 toks/s, output: 3347.45 toks/s]
Processed prompts:  24%|██▍       | 1904/8000 [03:18<10:27,  9.71it/s, est. speed input: 1571.43 toks/s, output: 3348.54 toks/s]
Processed prompts:  24%|██▍       | 1906/8000 [03:18<11:50,  8.57it/s, est. speed input: 1571.95 toks/s, output: 3348.60 toks/s]
Processed prompts:  24%|██▍       | 1908/8000 [03:18<11:16,  9.01it/s, est. speed input: 1572.30 toks/s, output: 3350.49 toks/s]
Processed prompts:  24%|██▍       | 1909/8000 [03:18<11:48,  8.60it/s, est. speed input: 1571.32 toks/s, output: 3350.67 toks/s]
Processed prompts:  24%|██▍       | 1913/8000 [03:19<07:29, 13.53it/s, est. speed input: 1572.74 toks/s, output: 3354.85 toks/s]
Processed prompts:  24%|██▍       | 1915/8000 [03:19<08:20, 12.17it/s, est. speed input: 1574.67 toks/s, output: 3356.43 toks/s]
Processed prompts:  24%|██▍       | 1918/8000 [03:19<09:17, 10.90it/s, est. speed input: 1576.82 toks/s, output: 3358.64 toks/s]
Processed prompts:  24%|██▍       | 1923/8000 [03:19<06:20, 15.98it/s, est. speed input: 1577.55 toks/s, output: 3369.06 toks/s]
Processed prompts:  24%|██▍       | 1926/8000 [03:19<06:34, 15.39it/s, est. speed input: 1577.15 toks/s, output: 3373.16 toks/s]
Processed prompts:  24%|██▍       | 1929/8000 [03:20<06:13, 16.24it/s, est. speed input: 1578.30 toks/s, output: 3378.14 toks/s]
Processed prompts:  24%|██▍       | 1931/8000 [03:20<06:49, 14.81it/s, est. speed input: 1578.49 toks/s, output: 3380.25 toks/s]
Processed prompts:  24%|██▍       | 1938/8000 [03:20<04:20, 23.23it/s, est. speed input: 1585.60 toks/s, output: 3395.73 toks/s]
Processed prompts:  25%|██▍       | 1966/8000 [03:20<02:17, 43.91it/s, est. speed input: 1606.19 toks/s, output: 3459.56 toks/s]
Processed prompts:  25%|██▍       | 1989/8000 [03:22<04:11, 23.89it/s, est. speed input: 1618.40 toks/s, output: 3492.76 toks/s]
Processed prompts:  25%|██▍       | 1997/8000 [03:23<06:48, 14.70it/s, est. speed input: 1611.27 toks/s, output: 3485.58 toks/s]
Processed prompts:  25%|██▌       | 2000/8000 [03:24<07:48, 12.81it/s, est. speed input: 1611.77 toks/s, output: 3484.00 toks/s]
Processed prompts:  26%|██▌       | 2040/8000 [03:25<05:13, 18.99it/s, est. speed input: 1634.16 toks/s, output: 3556.10 toks/s]
Processed prompts:  26%|██▌       | 2049/8000 [03:27<07:09, 13.85it/s, est. speed input: 1629.11 toks/s, output: 3549.98 toks/s]
Processed prompts:  26%|██▌       | 2061/8000 [03:27<05:43, 17.28it/s, est. speed input: 1635.27 toks/s, output: 3547.59 toks/s]
Processed prompts:  26%|██▌       | 2065/8000 [03:27<05:32, 17.83it/s, est. speed input: 1635.81 toks/s, output: 3544.99 toks/s]
Processed prompts:  26%|██▌       | 2072/8000 [03:27<04:52, 20.30it/s, est. speed input: 1638.79 toks/s, output: 3542.54 toks/s]
Processed prompts:  26%|██▌       | 2079/8000 [03:28<05:30, 17.92it/s, est. speed input: 1637.41 toks/s, output: 3533.78 toks/s]
Processed prompts:  26%|██▌       | 2083/8000 [03:28<05:14, 18.82it/s, est. speed input: 1638.90 toks/s, output: 3534.25 toks/s]
Processed prompts:  26%|██▌       | 2086/8000 [03:29<07:14, 13.61it/s, est. speed input: 1637.77 toks/s, output: 3525.85 toks/s]
Processed prompts:  26%|██▌       | 2089/8000 [03:29<08:09, 12.08it/s, est. speed input: 1635.51 toks/s, output: 3521.68 toks/s]
Processed prompts:  26%|██▌       | 2091/8000 [03:29<09:01, 10.91it/s, est. speed input: 1635.01 toks/s, output: 3517.95 toks/s]
Processed prompts:  26%|██▌       | 2093/8000 [03:30<12:19,  7.99it/s, est. speed input: 1631.64 toks/s, output: 3510.80 toks/s]
Processed prompts:  26%|██▌       | 2095/8000 [03:30<14:37,  6.73it/s, est. speed input: 1629.07 toks/s, output: 3503.06 toks/s]
Processed prompts:  26%|██▌       | 2096/8000 [03:31<16:55,  5.82it/s, est. speed input: 1626.93 toks/s, output: 3497.99 toks/s]
Processed prompts:  26%|██▌       | 2097/8000 [03:31<18:24,  5.35it/s, est. speed input: 1625.20 toks/s, output: 3495.87 toks/s]
Processed prompts:  26%|██▋       | 2100/8000 [03:31<13:17,  7.40it/s, est. speed input: 1624.56 toks/s, output: 3495.33 toks/s]
Processed prompts:  26%|██▋       | 2101/8000 [03:31<13:21,  7.36it/s, est. speed input: 1625.65 toks/s, output: 3493.32 toks/s]
Processed prompts:  26%|██▋       | 2103/8000 [03:32<14:48,  6.64it/s, est. speed input: 1623.40 toks/s, output: 3488.04 toks/s]
Processed prompts:  26%|██▋       | 2105/8000 [03:32<12:53,  7.63it/s, est. speed input: 1626.59 toks/s, output: 3485.87 toks/s]
Processed prompts:  26%|██▋       | 2106/8000 [03:32<13:11,  7.45it/s, est. speed input: 1627.66 toks/s, output: 3483.93 toks/s]
Processed prompts:  26%|██▋       | 2109/8000 [03:32<12:26,  7.90it/s, est. speed input: 1626.57 toks/s, output: 3481.30 toks/s]
Processed prompts:  26%|██▋       | 2111/8000 [03:33<14:23,  6.82it/s, est. speed input: 1624.70 toks/s, output: 3476.36 toks/s]
Processed prompts:  26%|██▋       | 2113/8000 [03:33<12:04,  8.13it/s, est. speed input: 1624.47 toks/s, output: 3475.00 toks/s]
Processed prompts:  26%|██▋       | 2114/8000 [03:33<12:12,  8.04it/s, est. speed input: 1624.18 toks/s, output: 3475.27 toks/s]
Processed prompts:  26%|██▋       | 2116/8000 [03:33<12:24,  7.90it/s, est. speed input: 1622.76 toks/s, output: 3471.84 toks/s]
Processed prompts:  26%|██▋       | 2117/8000 [03:33<12:27,  7.87it/s, est. speed input: 1623.38 toks/s, output: 3470.18 toks/s]
Processed prompts:  26%|██▋       | 2120/8000 [03:34<09:50,  9.96it/s, est. speed input: 1623.13 toks/s, output: 3469.13 toks/s]
Processed prompts:  27%|██▋       | 2122/8000 [03:34<15:11,  6.45it/s, est. speed input: 1619.91 toks/s, output: 3461.43 toks/s]
Processed prompts:  27%|██▋       | 2123/8000 [03:34<14:37,  6.70it/s, est. speed input: 1620.87 toks/s, output: 3461.85 toks/s]
Processed prompts:  27%|██▋       | 2124/8000 [03:35<21:01,  4.66it/s, est. speed input: 1617.49 toks/s, output: 3456.61 toks/s]
Processed prompts:  27%|██▋       | 2126/8000 [03:35<16:17,  6.01it/s, est. speed input: 1618.06 toks/s, output: 3455.43 toks/s]
Processed prompts:  27%|██▋       | 2128/8000 [03:35<14:47,  6.62it/s, est. speed input: 1617.21 toks/s, output: 3452.61 toks/s]
Processed prompts:  27%|██▋       | 2130/8000 [03:35<11:56,  8.19it/s, est. speed input: 1618.06 toks/s, output: 3453.54 toks/s]
Processed prompts:  27%|██▋       | 2132/8000 [03:36<16:37,  5.89it/s, est. speed input: 1614.98 toks/s, output: 3446.41 toks/s]
Processed prompts:  27%|██▋       | 2135/8000 [03:36<12:15,  7.98it/s, est. speed input: 1615.91 toks/s, output: 3445.35 toks/s]
Processed prompts:  27%|██▋       | 2137/8000 [03:36<10:59,  8.88it/s, est. speed input: 1616.58 toks/s, output: 3444.06 toks/s]
Processed prompts:  27%|██▋       | 2139/8000 [03:36<09:32, 10.24it/s, est. speed input: 1619.45 toks/s, output: 3445.14 toks/s]
Processed prompts:  27%|██▋       | 2141/8000 [03:36<09:53,  9.86it/s, est. speed input: 1619.36 toks/s, output: 3442.99 toks/s]
Processed prompts:  27%|██▋       | 2143/8000 [03:37<12:18,  7.93it/s, est. speed input: 1618.43 toks/s, output: 3440.11 toks/s]
Processed prompts:  27%|██▋       | 2148/8000 [03:37<08:47, 11.09it/s, est. speed input: 1619.93 toks/s, output: 3439.13 toks/s]
Processed prompts:  27%|██▋       | 2151/8000 [03:37<07:24, 13.16it/s, est. speed input: 1620.60 toks/s, output: 3439.12 toks/s]
Processed prompts:  27%|██▋       | 2153/8000 [03:37<08:02, 12.13it/s, est. speed input: 1619.87 toks/s, output: 3437.40 toks/s]
Processed prompts:  27%|██▋       | 2155/8000 [03:38<07:27, 13.06it/s, est. speed input: 1619.91 toks/s, output: 3436.98 toks/s]
Processed prompts:  27%|██▋       | 2157/8000 [03:38<06:56, 14.03it/s, est. speed input: 1620.78 toks/s, output: 3436.65 toks/s]
Processed prompts:  27%|██▋       | 2159/8000 [03:38<07:49, 12.45it/s, est. speed input: 1620.69 toks/s, output: 3436.60 toks/s]
Processed prompts:  27%|██▋       | 2161/8000 [03:38<12:14,  7.95it/s, est. speed input: 1618.57 toks/s, output: 3430.54 toks/s]
Processed prompts:  27%|██▋       | 2163/8000 [03:39<10:59,  8.84it/s, est. speed input: 1619.90 toks/s, output: 3429.55 toks/s]
Processed prompts:  27%|██▋       | 2165/8000 [03:39<10:16,  9.47it/s, est. speed input: 1620.47 toks/s, output: 3428.39 toks/s]
Processed prompts:  27%|██▋       | 2167/8000 [03:39<09:38, 10.09it/s, est. speed input: 1619.63 toks/s, output: 3427.58 toks/s]
Processed prompts:  27%|██▋       | 2170/8000 [03:39<07:25, 13.10it/s, est. speed input: 1620.53 toks/s, output: 3428.11 toks/s]
Processed prompts:  27%|██▋       | 2172/8000 [03:39<10:18,  9.43it/s, est. speed input: 1618.42 toks/s, output: 3423.92 toks/s]
Processed prompts:  27%|██▋       | 2175/8000 [03:40<08:58, 10.82it/s, est. speed input: 1618.21 toks/s, output: 3424.24 toks/s]
Processed prompts:  27%|██▋       | 2178/8000 [03:40<07:25, 13.07it/s, est. speed input: 1620.61 toks/s, output: 3425.44 toks/s]
Processed prompts:  27%|██▋       | 2180/8000 [03:40<10:14,  9.47it/s, est. speed input: 1619.66 toks/s, output: 3422.58 toks/s]
Processed prompts:  27%|██▋       | 2182/8000 [03:40<09:44,  9.95it/s, est. speed input: 1619.63 toks/s, output: 3421.70 toks/s]
Processed prompts:  27%|██▋       | 2184/8000 [03:41<10:15,  9.45it/s, est. speed input: 1619.67 toks/s, output: 3419.78 toks/s]
Processed prompts:  27%|██▋       | 2186/8000 [03:41<13:47,  7.03it/s, est. speed input: 1618.06 toks/s, output: 3414.38 toks/s]
Processed prompts:  27%|██▋       | 2188/8000 [03:41<12:13,  7.92it/s, est. speed input: 1618.59 toks/s, output: 3413.65 toks/s]
Processed prompts:  27%|██▋       | 2189/8000 [03:41<12:32,  7.72it/s, est. speed input: 1619.45 toks/s, output: 3412.46 toks/s]
Processed prompts:  27%|██▋       | 2191/8000 [03:42<13:04,  7.40it/s, est. speed input: 1619.91 toks/s, output: 3411.22 toks/s]
Processed prompts:  27%|██▋       | 2194/8000 [03:42<09:31, 10.16it/s, est. speed input: 1620.86 toks/s, output: 3412.08 toks/s]
Processed prompts:  27%|██▋       | 2196/8000 [03:42<10:34,  9.14it/s, est. speed input: 1619.87 toks/s, output: 3409.91 toks/s]
Processed prompts:  27%|██▋       | 2198/8000 [03:42<11:42,  8.25it/s, est. speed input: 1618.95 toks/s, output: 3407.33 toks/s]
Processed prompts:  27%|██▋       | 2199/8000 [03:42<11:24,  8.47it/s, est. speed input: 1620.19 toks/s, output: 3408.06 toks/s]
Processed prompts:  28%|██▊       | 2201/8000 [03:43<14:48,  6.53it/s, est. speed input: 1617.75 toks/s, output: 3403.27 toks/s]
Processed prompts:  28%|██▊       | 2203/8000 [03:43<14:02,  6.88it/s, est. speed input: 1617.69 toks/s, output: 3402.74 toks/s]
Processed prompts:  28%|██▊       | 2204/8000 [03:44<18:49,  5.13it/s, est. speed input: 1615.59 toks/s, output: 3398.76 toks/s]
Processed prompts:  28%|██▊       | 2208/8000 [03:44<10:53,  8.86it/s, est. speed input: 1616.05 toks/s, output: 3404.57 toks/s]
Processed prompts:  28%|██▊       | 2210/8000 [03:44<09:52,  9.77it/s, est. speed input: 1616.13 toks/s, output: 3406.42 toks/s]
Processed prompts:  28%|██▊       | 2212/8000 [03:44<14:02,  6.87it/s, est. speed input: 1615.56 toks/s, output: 3402.03 toks/s]
Processed prompts:  28%|██▊       | 2214/8000 [03:45<14:41,  6.56it/s, est. speed input: 1614.23 toks/s, output: 3401.46 toks/s]
Processed prompts:  28%|██▊       | 2215/8000 [03:45<14:09,  6.81it/s, est. speed input: 1615.18 toks/s, output: 3401.93 toks/s]
Processed prompts:  28%|██▊       | 2216/8000 [03:45<15:17,  6.30it/s, est. speed input: 1614.61 toks/s, output: 3401.06 toks/s]
Processed prompts:  28%|██▊       | 2217/8000 [03:45<15:34,  6.19it/s, est. speed input: 1614.83 toks/s, output: 3400.73 toks/s]
Processed prompts:  28%|██▊       | 2219/8000 [03:46<22:28,  4.29it/s, est. speed input: 1614.20 toks/s, output: 3393.64 toks/s]
Processed prompts:  28%|██▊       | 2220/8000 [03:46<22:16,  4.32it/s, est. speed input: 1614.34 toks/s, output: 3391.57 toks/s]
Processed prompts:  28%|██▊       | 2221/8000 [03:47<44:27,  2.17it/s, est. speed input: 1606.75 toks/s, output: 3375.57 toks/s]
Processed prompts:  28%|██▊       | 2224/8000 [03:48<29:18,  3.29it/s, est. speed input: 1605.07 toks/s, output: 3374.42 toks/s]
Processed prompts:  28%|██▊       | 2226/8000 [03:48<23:50,  4.04it/s, est. speed input: 1604.96 toks/s, output: 3374.27 toks/s]
Processed prompts:  28%|██▊       | 2227/8000 [03:48<21:38,  4.44it/s, est. speed input: 1604.90 toks/s, output: 3374.65 toks/s]
Processed prompts:  28%|██▊       | 2228/8000 [03:48<20:53,  4.60it/s, est. speed input: 1604.05 toks/s, output: 3374.11 toks/s]
Processed prompts:  28%|██▊       | 2229/8000 [03:49<24:12,  3.97it/s, est. speed input: 1601.68 toks/s, output: 3370.96 toks/s]
Processed prompts:  28%|██▊       | 2231/8000 [03:49<22:35,  4.26it/s, est. speed input: 1600.27 toks/s, output: 3369.25 toks/s]
Processed prompts:  28%|██▊       | 2233/8000 [03:49<17:52,  5.38it/s, est. speed input: 1599.28 toks/s, output: 3369.35 toks/s]
Processed prompts:  28%|██▊       | 2234/8000 [03:49<16:38,  5.77it/s, est. speed input: 1599.07 toks/s, output: 3369.76 toks/s]
Processed prompts:  28%|██▊       | 2235/8000 [03:50<18:44,  5.12it/s, est. speed input: 1597.37 toks/s, output: 3368.04 toks/s]
Processed prompts:  28%|██▊       | 2237/8000 [03:50<13:43,  7.00it/s, est. speed input: 1597.00 toks/s, output: 3370.25 toks/s]
Processed prompts:  28%|██▊       | 2238/8000 [03:50<17:26,  5.51it/s, est. speed input: 1595.29 toks/s, output: 3367.16 toks/s]
Processed prompts:  28%|██▊       | 2239/8000 [03:50<16:30,  5.82it/s, est. speed input: 1595.36 toks/s, output: 3367.32 toks/s]
Processed prompts:  28%|██▊       | 2240/8000 [03:51<19:50,  4.84it/s, est. speed input: 1593.67 toks/s, output: 3365.04 toks/s]
Processed prompts:  28%|██▊       | 2242/8000 [03:51<19:40,  4.88it/s, est. speed input: 1593.10 toks/s, output: 3363.57 toks/s]
Processed prompts:  28%|██▊       | 2244/8000 [03:51<18:44,  5.12it/s, est. speed input: 1591.88 toks/s, output: 3362.79 toks/s]
Processed prompts:  28%|██▊       | 2245/8000 [03:52<21:25,  4.48it/s, est. speed input: 1591.03 toks/s, output: 3360.25 toks/s]
Processed prompts:  28%|██▊       | 2246/8000 [03:52<22:07,  4.33it/s, est. speed input: 1590.25 toks/s, output: 3358.76 toks/s]
Processed prompts:  28%|██▊       | 2249/8000 [03:52<16:48,  5.71it/s, est. speed input: 1588.57 toks/s, output: 3360.18 toks/s]
Processed prompts:  28%|██▊       | 2251/8000 [03:53<14:43,  6.50it/s, est. speed input: 1588.28 toks/s, output: 3361.45 toks/s]
Processed prompts:  28%|██▊       | 2253/8000 [03:53<13:04,  7.32it/s, est. speed input: 1587.56 toks/s, output: 3362.54 toks/s]
Processed prompts:  28%|██▊       | 2255/8000 [03:53<10:34,  9.06it/s, est. speed input: 1588.17 toks/s, output: 3364.98 toks/s]
Processed prompts:  28%|██▊       | 2257/8000 [03:53<13:11,  7.26it/s, est. speed input: 1588.45 toks/s, output: 3363.61 toks/s]
Processed prompts:  28%|██▊       | 2260/8000 [03:54<12:03,  7.93it/s, est. speed input: 1589.25 toks/s, output: 3365.50 toks/s]
Processed prompts:  28%|██▊       | 2262/8000 [03:54<12:37,  7.57it/s, est. speed input: 1588.35 toks/s, output: 3365.63 toks/s]
Processed prompts:  28%|██▊       | 2264/8000 [03:54<16:47,  5.69it/s, est. speed input: 1585.96 toks/s, output: 3361.51 toks/s]
Processed prompts:  28%|██▊       | 2265/8000 [03:55<16:33,  5.77it/s, est. speed input: 1585.39 toks/s, output: 3361.38 toks/s]
Processed prompts:  28%|██▊       | 2266/8000 [03:55<15:59,  5.98it/s, est. speed input: 1585.40 toks/s, output: 3361.52 toks/s]
Processed prompts:  28%|██▊       | 2267/8000 [03:55<17:52,  5.35it/s, est. speed input: 1583.82 toks/s, output: 3360.00 toks/s]
Processed prompts:  28%|██▊       | 2270/8000 [03:55<10:59,  8.68it/s, est. speed input: 1585.07 toks/s, output: 3364.91 toks/s]
Processed prompts:  28%|██▊       | 2272/8000 [03:55<09:18, 10.25it/s, est. speed input: 1586.62 toks/s, output: 3367.30 toks/s]
Processed prompts:  28%|██▊       | 2274/8000 [03:56<11:51,  8.05it/s, est. speed input: 1585.04 toks/s, output: 3366.14 toks/s]
Processed prompts:  28%|██▊       | 2277/8000 [03:56<08:46, 10.88it/s, est. speed input: 1585.98 toks/s, output: 3370.60 toks/s]
Processed prompts:  28%|██▊       | 2279/8000 [03:56<13:03,  7.30it/s, est. speed input: 1586.85 toks/s, output: 3367.65 toks/s]
Processed prompts:  29%|██▊       | 2282/8000 [03:56<10:19,  9.24it/s, est. speed input: 1586.65 toks/s, output: 3371.59 toks/s]
Processed prompts:  29%|██▊       | 2284/8000 [03:57<10:06,  9.43it/s, est. speed input: 1586.73 toks/s, output: 3372.89 toks/s]
Processed prompts:  29%|██▊       | 2286/8000 [03:57<10:27,  9.11it/s, est. speed input: 1586.81 toks/s, output: 3373.61 toks/s]
Processed prompts:  29%|██▊       | 2288/8000 [03:57<11:00,  8.65it/s, est. speed input: 1585.67 toks/s, output: 3373.31 toks/s]
Processed prompts:  29%|██▊       | 2290/8000 [03:57<09:16, 10.27it/s, est. speed input: 1585.51 toks/s, output: 3376.15 toks/s]
Processed prompts:  29%|██▊       | 2293/8000 [03:57<08:03, 11.80it/s, est. speed input: 1585.91 toks/s, output: 3379.88 toks/s]
Processed prompts:  29%|██▊       | 2296/8000 [03:58<08:04, 11.78it/s, est. speed input: 1584.79 toks/s, output: 3382.42 toks/s]
Processed prompts:  29%|██▊       | 2299/8000 [03:58<07:33, 12.58it/s, est. speed input: 1584.66 toks/s, output: 3385.93 toks/s]
Processed prompts:  29%|██▉       | 2302/8000 [03:58<07:29, 12.69it/s, est. speed input: 1584.58 toks/s, output: 3389.08 toks/s]
Processed prompts:  29%|██▉       | 2304/8000 [03:58<07:57, 11.93it/s, est. speed input: 1585.88 toks/s, output: 3390.38 toks/s]
Processed prompts:  29%|██▉       | 2306/8000 [03:59<08:27, 11.23it/s, est. speed input: 1585.09 toks/s, output: 3391.60 toks/s]
Processed prompts:  29%|██▉       | 2312/8000 [03:59<07:49, 12.12it/s, est. speed input: 1586.35 toks/s, output: 3397.93 toks/s]
Processed prompts:  29%|██▉       | 2314/8000 [03:59<07:25, 12.77it/s, est. speed input: 1587.76 toks/s, output: 3400.43 toks/s]
Processed prompts:  29%|██▉       | 2316/8000 [03:59<06:53, 13.74it/s, est. speed input: 1588.60 toks/s, output: 3403.12 toks/s]
Processed prompts:  29%|██▉       | 2318/8000 [03:59<06:47, 13.94it/s, est. speed input: 1588.06 toks/s, output: 3405.39 toks/s]
Processed prompts:  29%|██▉       | 2320/8000 [04:00<07:22, 12.83it/s, est. speed input: 1587.13 toks/s, output: 3406.93 toks/s]
Processed prompts:  29%|██▉       | 2322/8000 [04:00<06:43, 14.08it/s, est. speed input: 1588.08 toks/s, output: 3409.72 toks/s]
Processed prompts:  29%|██▉       | 2325/8000 [04:00<08:21, 11.31it/s, est. speed input: 1587.10 toks/s, output: 3411.05 toks/s]
Processed prompts:  29%|██▉       | 2327/8000 [04:00<09:13, 10.25it/s, est. speed input: 1586.45 toks/s, output: 3411.80 toks/s]
Processed prompts:  29%|██▉       | 2329/8000 [04:00<08:21, 11.30it/s, est. speed input: 1587.14 toks/s, output: 3414.23 toks/s]
Processed prompts:  29%|██▉       | 2346/8000 [04:00<02:22, 39.60it/s, est. speed input: 1602.73 toks/s, output: 3448.93 toks/s]
Processed prompts:  30%|██▉       | 2394/8000 [04:01<01:06, 84.47it/s, est. speed input: 1638.23 toks/s, output: 3545.62 toks/s]
Processed prompts:  31%|███       | 2453/8000 [04:02<01:43, 53.42it/s, est. speed input: 1670.38 toks/s, output: 3649.45 toks/s]
Processed prompts:  31%|███       | 2460/8000 [04:08<08:21, 11.05it/s, est. speed input: 1633.93 toks/s, output: 3571.07 toks/s]
Processed prompts:  31%|███       | 2465/8000 [04:08<07:54, 11.68it/s, est. speed input: 1634.75 toks/s, output: 3568.95 toks/s]
Processed prompts:  31%|███       | 2473/8000 [04:08<06:55, 13.29it/s, est. speed input: 1636.74 toks/s, output: 3566.90 toks/s]
Processed prompts:  31%|███       | 2478/8000 [04:09<06:25, 14.32it/s, est. speed input: 1637.58 toks/s, output: 3565.30 toks/s]
Processed prompts:  31%|███       | 2483/8000 [04:09<05:53, 15.60it/s, est. speed input: 1638.43 toks/s, output: 3563.28 toks/s]
Processed prompts:  31%|███       | 2487/8000 [04:09<06:05, 15.09it/s, est. speed input: 1638.23 toks/s, output: 3560.99 toks/s]
Processed prompts:  31%|███       | 2491/8000 [04:10<07:47, 11.78it/s, est. speed input: 1637.94 toks/s, output: 3551.47 toks/s]
Processed prompts:  31%|███       | 2494/8000 [04:11<11:13,  8.18it/s, est. speed input: 1633.53 toks/s, output: 3540.30 toks/s]
Processed prompts:  31%|███       | 2496/8000 [04:11<10:39,  8.60it/s, est. speed input: 1633.56 toks/s, output: 3538.50 toks/s]
Processed prompts:  31%|███       | 2498/8000 [04:11<12:01,  7.62it/s, est. speed input: 1631.64 toks/s, output: 3533.53 toks/s]
Processed prompts:  31%|███▏      | 2500/8000 [04:12<12:41,  7.22it/s, est. speed input: 1630.10 toks/s, output: 3529.69 toks/s]
Processed prompts:  31%|███▏      | 2503/8000 [04:12<10:17,  8.91it/s, est. speed input: 1630.02 toks/s, output: 3530.37 toks/s]
Processed prompts:  31%|███▏      | 2505/8000 [04:12<10:06,  9.06it/s, est. speed input: 1629.12 toks/s, output: 3528.09 toks/s]
Processed prompts:  31%|███▏      | 2507/8000 [04:12<10:40,  8.57it/s, est. speed input: 1628.53 toks/s, output: 3524.74 toks/s]
Processed prompts:  31%|███▏      | 2510/8000 [04:12<08:30, 10.75it/s, est. speed input: 1628.64 toks/s, output: 3523.61 toks/s]
Processed prompts:  31%|███▏      | 2512/8000 [04:13<10:10,  8.98it/s, est. speed input: 1628.06 toks/s, output: 3519.50 toks/s]
Processed prompts:  31%|███▏      | 2514/8000 [04:13<09:05, 10.06it/s, est. speed input: 1628.38 toks/s, output: 3520.12 toks/s]
Processed prompts:  31%|███▏      | 2516/8000 [04:13<09:24,  9.71it/s, est. speed input: 1627.69 toks/s, output: 3518.06 toks/s]
Processed prompts:  31%|███▏      | 2518/8000 [04:13<09:16,  9.85it/s, est. speed input: 1626.84 toks/s, output: 3516.00 toks/s]
Processed prompts:  32%|███▏      | 2520/8000 [04:13<08:21, 10.94it/s, est. speed input: 1626.63 toks/s, output: 3516.51 toks/s]
Processed prompts:  32%|███▏      | 2522/8000 [04:14<07:54, 11.54it/s, est. speed input: 1626.60 toks/s, output: 3515.43 toks/s]
Processed prompts:  32%|███▏      | 2524/8000 [04:14<08:17, 11.00it/s, est. speed input: 1625.91 toks/s, output: 3513.51 toks/s]
Processed prompts:  32%|███▏      | 2526/8000 [04:14<08:28, 10.78it/s, est. speed input: 1625.43 toks/s, output: 3511.67 toks/s]
Processed prompts:  32%|███▏      | 2528/8000 [04:14<09:26,  9.65it/s, est. speed input: 1624.20 toks/s, output: 3509.44 toks/s]
Processed prompts:  32%|███▏      | 2530/8000 [04:14<10:03,  9.06it/s, est. speed input: 1623.30 toks/s, output: 3508.36 toks/s]
Processed prompts:  32%|███▏      | 2532/8000 [04:15<08:57, 10.18it/s, est. speed input: 1623.90 toks/s, output: 3507.60 toks/s]
Processed prompts:  32%|███▏      | 2534/8000 [04:15<09:42,  9.38it/s, est. speed input: 1624.46 toks/s, output: 3505.85 toks/s]
Processed prompts:  32%|███▏      | 2536/8000 [04:15<12:01,  7.58it/s, est. speed input: 1624.03 toks/s, output: 3503.02 toks/s]
Processed prompts:  32%|███▏      | 2539/8000 [04:15<09:39,  9.43it/s, est. speed input: 1624.23 toks/s, output: 3501.94 toks/s]
Processed prompts:  32%|███▏      | 2541/8000 [04:16<10:01,  9.07it/s, est. speed input: 1623.14 toks/s, output: 3499.50 toks/s]
Processed prompts:  32%|███▏      | 2543/8000 [04:16<08:45, 10.39it/s, est. speed input: 1623.42 toks/s, output: 3498.79 toks/s]
Processed prompts:  32%|███▏      | 2545/8000 [04:16<10:56,  8.31it/s, est. speed input: 1622.21 toks/s, output: 3494.85 toks/s]
Processed prompts:  32%|███▏      | 2547/8000 [04:16<09:18,  9.77it/s, est. speed input: 1623.24 toks/s, output: 3496.05 toks/s]
Processed prompts:  32%|███▏      | 2549/8000 [04:16<08:56, 10.17it/s, est. speed input: 1622.44 toks/s, output: 3494.61 toks/s]
Processed prompts:  32%|███▏      | 2551/8000 [04:17<11:47,  7.70it/s, est. speed input: 1620.96 toks/s, output: 3490.06 toks/s]
Processed prompts:  32%|███▏      | 2555/8000 [04:17<09:54,  9.16it/s, est. speed input: 1620.48 toks/s, output: 3489.05 toks/s]
Processed prompts:  32%|███▏      | 2557/8000 [04:17<09:24,  9.64it/s, est. speed input: 1620.18 toks/s, output: 3487.79 toks/s]
Processed prompts:  32%|███▏      | 2559/8000 [04:18<08:59, 10.09it/s, est. speed input: 1621.09 toks/s, output: 3488.01 toks/s]
Processed prompts:  32%|███▏      | 2562/8000 [04:18<07:44, 11.71it/s, est. speed input: 1620.91 toks/s, output: 3487.23 toks/s]
Processed prompts:  32%|███▏      | 2564/8000 [04:18<07:05, 12.78it/s, est. speed input: 1623.08 toks/s, output: 3488.32 toks/s]
Processed prompts:  32%|███▏      | 2566/8000 [04:18<08:04, 11.21it/s, est. speed input: 1622.78 toks/s, output: 3487.72 toks/s]
Processed prompts:  32%|███▏      | 2569/8000 [04:18<07:38, 11.84it/s, est. speed input: 1622.18 toks/s, output: 3487.81 toks/s]
Processed prompts:  32%|███▏      | 2571/8000 [04:19<13:52,  6.53it/s, est. speed input: 1619.46 toks/s, output: 3481.21 toks/s]
Processed prompts:  32%|███▏      | 2573/8000 [04:19<11:52,  7.62it/s, est. speed input: 1620.58 toks/s, output: 3481.08 toks/s]
Processed prompts:  32%|███▏      | 2575/8000 [04:19<11:07,  8.13it/s, est. speed input: 1620.13 toks/s, output: 3479.70 toks/s]
Processed prompts:  32%|███▏      | 2577/8000 [04:20<10:47,  8.37it/s, est. speed input: 1621.71 toks/s, output: 3479.73 toks/s]
Processed prompts:  32%|███▏      | 2579/8000 [04:20<12:00,  7.52it/s, est. speed input: 1621.00 toks/s, output: 3476.65 toks/s]
Processed prompts:  32%|███▏      | 2581/8000 [04:20<11:23,  7.92it/s, est. speed input: 1619.92 toks/s, output: 3475.13 toks/s]
Processed prompts:  32%|███▏      | 2582/8000 [04:20<11:08,  8.11it/s, est. speed input: 1619.61 toks/s, output: 3474.38 toks/s]
Processed prompts:  32%|███▏      | 2583/8000 [04:20<11:48,  7.65it/s, est. speed input: 1619.14 toks/s, output: 3473.11 toks/s]
Processed prompts:  32%|███▏      | 2587/8000 [04:21<08:18, 10.86it/s, est. speed input: 1619.74 toks/s, output: 3473.34 toks/s]
Processed prompts:  32%|███▏      | 2589/8000 [04:21<08:44, 10.33it/s, est. speed input: 1618.98 toks/s, output: 3472.06 toks/s]
Processed prompts:  32%|███▏      | 2591/8000 [04:21<07:48, 11.55it/s, est. speed input: 1619.38 toks/s, output: 3473.17 toks/s]
Processed prompts:  32%|███▏      | 2593/8000 [04:22<18:51,  4.78it/s, est. speed input: 1614.10 toks/s, output: 3462.32 toks/s]
Processed prompts:  32%|███▏      | 2597/8000 [04:22<14:42,  6.12it/s, est. speed input: 1613.42 toks/s, output: 3460.17 toks/s]
Processed prompts:  32%|███▏      | 2599/8000 [04:23<15:05,  5.96it/s, est. speed input: 1612.87 toks/s, output: 3457.13 toks/s]
Processed prompts:  33%|███▎      | 2601/8000 [04:23<12:50,  7.01it/s, est. speed input: 1612.77 toks/s, output: 3457.13 toks/s]
Processed prompts:  33%|███▎      | 2603/8000 [04:24<20:22,  4.41it/s, est. speed input: 1608.38 toks/s, output: 3448.33 toks/s]
Processed prompts:  33%|███▎      | 2607/8000 [04:24<14:54,  6.03it/s, est. speed input: 1608.72 toks/s, output: 3449.05 toks/s]
Processed prompts:  33%|███▎      | 2608/8000 [04:24<15:33,  5.78it/s, est. speed input: 1607.47 toks/s, output: 3448.13 toks/s]
Processed prompts:  33%|███▎      | 2609/8000 [04:25<15:08,  5.93it/s, est. speed input: 1607.07 toks/s, output: 3447.58 toks/s]
Processed prompts:  33%|███▎      | 2610/8000 [04:25<15:31,  5.79it/s, est. speed input: 1606.94 toks/s, output: 3447.02 toks/s]
Processed prompts:  33%|███▎      | 2611/8000 [04:25<16:21,  5.49it/s, est. speed input: 1605.73 toks/s, output: 3446.13 toks/s]
Processed prompts:  33%|███▎      | 2613/8000 [04:26<21:10,  4.24it/s, est. speed input: 1603.61 toks/s, output: 3439.79 toks/s]
Processed prompts:  33%|███▎      | 2616/8000 [04:26<15:11,  5.91it/s, est. speed input: 1604.26 toks/s, output: 3441.41 toks/s]
Processed prompts:  33%|███▎      | 2617/8000 [04:26<21:09,  4.24it/s, est. speed input: 1602.53 toks/s, output: 3436.24 toks/s]
Processed prompts:  33%|███▎      | 2618/8000 [04:27<22:53,  3.92it/s, est. speed input: 1600.91 toks/s, output: 3433.88 toks/s]
Processed prompts:  33%|███▎      | 2619/8000 [04:27<21:44,  4.13it/s, est. speed input: 1599.82 toks/s, output: 3433.26 toks/s]
Processed prompts:  33%|███▎      | 2621/8000 [04:27<17:37,  5.08it/s, est. speed input: 1599.66 toks/s, output: 3433.12 toks/s]
Processed prompts:  33%|███▎      | 2622/8000 [04:27<16:07,  5.56it/s, est. speed input: 1599.08 toks/s, output: 3433.50 toks/s]
Processed prompts:  33%|███▎      | 2624/8000 [04:27<12:57,  6.91it/s, est. speed input: 1599.81 toks/s, output: 3434.32 toks/s]
Processed prompts:  33%|███▎      | 2626/8000 [04:28<11:19,  7.91it/s, est. speed input: 1599.49 toks/s, output: 3435.01 toks/s]
Processed prompts:  33%|███▎      | 2628/8000 [04:28<10:06,  8.86it/s, est. speed input: 1599.87 toks/s, output: 3435.38 toks/s]
Processed prompts:  33%|███▎      | 2629/8000 [04:28<10:36,  8.43it/s, est. speed input: 1599.64 toks/s, output: 3435.46 toks/s]
Processed prompts:  33%|███▎      | 2631/8000 [04:28<09:19,  9.59it/s, est. speed input: 1600.16 toks/s, output: 3435.87 toks/s]
Processed prompts:  33%|███▎      | 2633/8000 [04:28<09:43,  9.20it/s, est. speed input: 1599.02 toks/s, output: 3436.24 toks/s]
Processed prompts:  33%|███▎      | 2634/8000 [04:29<10:18,  8.68it/s, est. speed input: 1598.44 toks/s, output: 3435.65 toks/s]
Processed prompts:  33%|███▎      | 2636/8000 [04:29<11:02,  8.10it/s, est. speed input: 1597.90 toks/s, output: 3434.61 toks/s]
Processed prompts:  33%|███▎      | 2637/8000 [04:29<12:08,  7.36it/s, est. speed input: 1598.44 toks/s, output: 3434.15 toks/s]
Processed prompts:  33%|███▎      | 2639/8000 [04:30<16:10,  5.52it/s, est. speed input: 1596.83 toks/s, output: 3430.99 toks/s]
Processed prompts:  33%|███▎      | 2641/8000 [04:30<13:48,  6.47it/s, est. speed input: 1596.19 toks/s, output: 3431.73 toks/s]
Processed prompts:  33%|███▎      | 2642/8000 [04:30<14:58,  5.96it/s, est. speed input: 1595.48 toks/s, output: 3430.82 toks/s]
Processed prompts:  33%|███▎      | 2644/8000 [04:30<11:53,  7.51it/s, est. speed input: 1596.31 toks/s, output: 3432.21 toks/s]
Processed prompts:  33%|███▎      | 2645/8000 [04:30<13:50,  6.44it/s, est. speed input: 1595.59 toks/s, output: 3430.68 toks/s]
Processed prompts:  33%|███▎      | 2646/8000 [04:30<13:13,  6.74it/s, est. speed input: 1595.24 toks/s, output: 3430.44 toks/s]
Processed prompts:  33%|███▎      | 2649/8000 [04:31<13:43,  6.50it/s, est. speed input: 1596.58 toks/s, output: 3429.50 toks/s]
Processed prompts:  33%|███▎      | 2650/8000 [04:31<13:38,  6.53it/s, est. speed input: 1597.04 toks/s, output: 3429.50 toks/s]
Processed prompts:  33%|███▎      | 2651/8000 [04:31<14:07,  6.31it/s, est. speed input: 1596.45 toks/s, output: 3429.13 toks/s]
Processed prompts:  33%|███▎      | 2653/8000 [04:31<12:04,  7.38it/s, est. speed input: 1596.30 toks/s, output: 3430.03 toks/s]
Processed prompts:  33%|███▎      | 2654/8000 [04:32<12:16,  7.26it/s, est. speed input: 1595.77 toks/s, output: 3430.07 toks/s]
Processed prompts:  33%|███▎      | 2656/8000 [04:32<10:58,  8.11it/s, est. speed input: 1595.90 toks/s, output: 3430.96 toks/s]
Processed prompts:  33%|███▎      | 2657/8000 [04:32<12:06,  7.35it/s, est. speed input: 1596.48 toks/s, output: 3430.53 toks/s]
Processed prompts:  33%|███▎      | 2659/8000 [04:32<09:21,  9.50it/s, est. speed input: 1597.43 toks/s, output: 3432.92 toks/s]
Processed prompts:  33%|███▎      | 2661/8000 [04:32<08:06, 10.96it/s, est. speed input: 1598.41 toks/s, output: 3433.60 toks/s]
Processed prompts:  33%|███▎      | 2665/8000 [04:33<08:16, 10.75it/s, est. speed input: 1599.54 toks/s, output: 3436.04 toks/s]
Processed prompts:  33%|███▎      | 2669/8000 [04:33<10:17,  8.63it/s, est. speed input: 1597.30 toks/s, output: 3435.67 toks/s]
Processed prompts:  33%|███▎      | 2671/8000 [04:33<10:23,  8.55it/s, est. speed input: 1597.58 toks/s, output: 3436.00 toks/s]
Processed prompts:  33%|███▎      | 2672/8000 [04:34<11:07,  7.98it/s, est. speed input: 1597.38 toks/s, output: 3435.65 toks/s]
Processed prompts:  33%|███▎      | 2676/8000 [04:34<08:51, 10.02it/s, est. speed input: 1597.67 toks/s, output: 3438.61 toks/s]
Processed prompts:  33%|███▎      | 2678/8000 [04:34<08:29, 10.44it/s, est. speed input: 1598.76 toks/s, output: 3439.90 toks/s]
Processed prompts:  34%|███▎      | 2681/8000 [04:34<07:46, 11.41it/s, est. speed input: 1597.90 toks/s, output: 3442.44 toks/s]
Processed prompts:  34%|███▎      | 2683/8000 [04:35<11:32,  7.68it/s, est. speed input: 1596.54 toks/s, output: 3439.47 toks/s]
Processed prompts:  34%|███▎      | 2685/8000 [04:35<11:52,  7.45it/s, est. speed input: 1595.32 toks/s, output: 3439.45 toks/s]
Processed prompts:  34%|███▎      | 2687/8000 [04:35<09:56,  8.91it/s, est. speed input: 1595.88 toks/s, output: 3441.83 toks/s]
Processed prompts:  34%|███▎      | 2689/8000 [04:35<10:20,  8.56it/s, est. speed input: 1594.98 toks/s, output: 3442.33 toks/s]
Processed prompts:  34%|███▎      | 2691/8000 [04:36<10:49,  8.18it/s, est. speed input: 1594.55 toks/s, output: 3442.43 toks/s]
Processed prompts:  34%|███▎      | 2693/8000 [04:36<11:57,  7.39it/s, est. speed input: 1594.28 toks/s, output: 3441.84 toks/s]
Processed prompts:  34%|███▎      | 2694/8000 [04:36<16:01,  5.52it/s, est. speed input: 1592.33 toks/s, output: 3438.67 toks/s]
Processed prompts:  34%|███▎      | 2698/8000 [04:37<10:25,  8.47it/s, est. speed input: 1593.57 toks/s, output: 3443.40 toks/s]
Processed prompts:  34%|███▍      | 2702/8000 [04:37<08:47, 10.05it/s, est. speed input: 1594.27 toks/s, output: 3445.49 toks/s]
Processed prompts:  34%|███▍      | 2704/8000 [04:37<07:56, 11.11it/s, est. speed input: 1596.92 toks/s, output: 3447.74 toks/s]
Processed prompts:  34%|███▍      | 2707/8000 [04:37<09:26,  9.35it/s, est. speed input: 1595.23 toks/s, output: 3448.00 toks/s]
Processed prompts:  34%|███▍      | 2709/8000 [04:38<08:28, 10.41it/s, est. speed input: 1595.29 toks/s, output: 3450.16 toks/s]
Processed prompts:  34%|███▍      | 2711/8000 [04:38<08:16, 10.66it/s, est. speed input: 1595.50 toks/s, output: 3451.68 toks/s]
Processed prompts:  34%|███▍      | 2715/8000 [04:38<08:27, 10.41it/s, est. speed input: 1596.84 toks/s, output: 3454.11 toks/s]
Processed prompts:  34%|███▍      | 2718/8000 [04:38<07:35, 11.60it/s, est. speed input: 1597.30 toks/s, output: 3457.23 toks/s]
Processed prompts:  34%|███▍      | 2722/8000 [04:39<07:28, 11.76it/s, est. speed input: 1596.37 toks/s, output: 3460.46 toks/s]
Processed prompts:  34%|███▍      | 2724/8000 [04:39<06:58, 12.61it/s, est. speed input: 1597.08 toks/s, output: 3462.69 toks/s]
Processed prompts:  34%|███▍      | 2726/8000 [04:39<07:06, 12.37it/s, est. speed input: 1597.58 toks/s, output: 3464.22 toks/s]
Processed prompts:  34%|███▍      | 2728/8000 [04:39<07:15, 12.10it/s, est. speed input: 1598.53 toks/s, output: 3464.37 toks/s]
Processed prompts:  34%|███▍      | 2733/8000 [04:40<07:02, 12.47it/s, est. speed input: 1599.28 toks/s, output: 3467.26 toks/s]
Processed prompts:  34%|███▍      | 2740/8000 [04:40<06:44, 13.02it/s, est. speed input: 1600.03 toks/s, output: 3473.62 toks/s]
Processed prompts:  34%|███▍      | 2742/8000 [04:40<07:33, 11.59it/s, est. speed input: 1600.53 toks/s, output: 3472.98 toks/s]
Processed prompts:  34%|███▍      | 2744/8000 [04:41<07:41, 11.39it/s, est. speed input: 1600.82 toks/s, output: 3474.30 toks/s]
Processed prompts:  34%|███▍      | 2747/8000 [04:41<06:46, 12.92it/s, est. speed input: 1602.00 toks/s, output: 3477.84 toks/s]
Processed prompts:  34%|███▍      | 2751/8000 [04:41<05:29, 15.93it/s, est. speed input: 1602.90 toks/s, output: 3483.32 toks/s]
Processed prompts:  34%|███▍      | 2754/8000 [04:41<05:56, 14.73it/s, est. speed input: 1602.51 toks/s, output: 3485.76 toks/s]
Processed prompts:  34%|███▍      | 2757/8000 [04:41<05:40, 15.40it/s, est. speed input: 1602.77 toks/s, output: 3489.04 toks/s]
Processed prompts:  34%|███▍      | 2759/8000 [04:41<06:05, 14.36it/s, est. speed input: 1604.13 toks/s, output: 3490.52 toks/s]
Processed prompts:  35%|███▍      | 2763/8000 [04:42<06:12, 14.05it/s, est. speed input: 1605.12 toks/s, output: 3494.13 toks/s]
Processed prompts:  35%|███▍      | 2765/8000 [04:42<06:22, 13.70it/s, est. speed input: 1605.61 toks/s, output: 3495.78 toks/s]
Processed prompts:  35%|███▍      | 2769/8000 [04:42<06:58, 12.50it/s, est. speed input: 1605.07 toks/s, output: 3496.73 toks/s]
Processed prompts:  35%|███▍      | 2771/8000 [04:42<06:37, 13.15it/s, est. speed input: 1604.98 toks/s, output: 3498.83 toks/s]
Processed prompts:  35%|███▌      | 2812/8000 [04:42<01:05, 79.17it/s, est. speed input: 1628.44 toks/s, output: 3571.78 toks/s]
Processed prompts:  35%|███▌      | 2834/8000 [04:43<01:08, 75.47it/s, est. speed input: 1640.33 toks/s, output: 3607.61 toks/s]
Processed prompts:  36%|███▌      | 2861/8000 [04:47<06:16, 13.63it/s, est. speed input: 1637.17 toks/s, output: 3599.88 toks/s]
Processed prompts:  36%|███▌      | 2870/8000 [04:48<06:44, 12.67it/s, est. speed input: 1635.41 toks/s, output: 3589.05 toks/s]
Processed prompts:  36%|███▌      | 2877/8000 [04:48<06:06, 13.96it/s, est. speed input: 1636.79 toks/s, output: 3586.54 toks/s]
Processed prompts:  36%|███▌      | 2883/8000 [04:49<07:16, 11.71it/s, est. speed input: 1635.49 toks/s, output: 3580.63 toks/s]
Processed prompts:  36%|███▌      | 2887/8000 [04:50<07:07, 11.96it/s, est. speed input: 1635.66 toks/s, output: 3578.21 toks/s]
Processed prompts:  36%|███▌      | 2891/8000 [04:50<07:50, 10.85it/s, est. speed input: 1636.65 toks/s, output: 3573.53 toks/s]
Processed prompts:  36%|███▌      | 2894/8000 [04:51<08:46,  9.70it/s, est. speed input: 1635.01 toks/s, output: 3568.00 toks/s]
Processed prompts:  36%|███▌      | 2897/8000 [04:51<08:55,  9.53it/s, est. speed input: 1634.27 toks/s, output: 3564.51 toks/s]
Processed prompts:  36%|███▌      | 2899/8000 [04:51<08:57,  9.49it/s, est. speed input: 1634.08 toks/s, output: 3562.46 toks/s]
Processed prompts:  36%|███▋      | 2901/8000 [04:51<09:51,  8.62it/s, est. speed input: 1632.63 toks/s, output: 3558.85 toks/s]
Processed prompts:  36%|███▋      | 2903/8000 [04:52<10:35,  8.02it/s, est. speed input: 1631.13 toks/s, output: 3555.39 toks/s]
Processed prompts:  36%|███▋      | 2904/8000 [04:52<10:38,  7.98it/s, est. speed input: 1630.69 toks/s, output: 3554.45 toks/s]
Processed prompts:  36%|███▋      | 2906/8000 [04:52<09:19,  9.10it/s, est. speed input: 1630.66 toks/s, output: 3553.60 toks/s]
Processed prompts:  36%|███▋      | 2908/8000 [04:52<11:19,  7.49it/s, est. speed input: 1629.59 toks/s, output: 3550.77 toks/s]
Processed prompts:  36%|███▋      | 2910/8000 [04:53<10:01,  8.46it/s, est. speed input: 1628.98 toks/s, output: 3549.92 toks/s]
Processed prompts:  36%|███▋      | 2912/8000 [04:53<08:44,  9.70it/s, est. speed input: 1628.51 toks/s, output: 3548.85 toks/s]
Processed prompts:  36%|███▋      | 2914/8000 [04:53<09:16,  9.14it/s, est. speed input: 1628.62 toks/s, output: 3546.35 toks/s]
Processed prompts:  36%|███▋      | 2916/8000 [04:53<12:35,  6.73it/s, est. speed input: 1627.00 toks/s, output: 3543.01 toks/s]
Processed prompts:  36%|███▋      | 2918/8000 [04:54<10:44,  7.88it/s, est. speed input: 1627.10 toks/s, output: 3542.16 toks/s]
Processed prompts:  36%|███▋      | 2920/8000 [04:54<15:16,  5.54it/s, est. speed input: 1625.57 toks/s, output: 3536.80 toks/s]
Processed prompts:  37%|███▋      | 2921/8000 [04:54<15:22,  5.51it/s, est. speed input: 1625.50 toks/s, output: 3534.95 toks/s]
Processed prompts:  37%|███▋      | 2922/8000 [04:55<15:14,  5.55it/s, est. speed input: 1625.05 toks/s, output: 3533.29 toks/s]
Processed prompts:  37%|███▋      | 2923/8000 [04:55<15:18,  5.53it/s, est. speed input: 1625.16 toks/s, output: 3531.69 toks/s]
Processed prompts:  37%|███▋      | 2924/8000 [04:55<17:19,  4.88it/s, est. speed input: 1623.90 toks/s, output: 3528.71 toks/s]
Processed prompts:  37%|███▋      | 2925/8000 [04:55<16:44,  5.05it/s, est. speed input: 1623.30 toks/s, output: 3526.97 toks/s]
Processed prompts:  37%|███▋      | 2928/8000 [04:55<10:52,  7.78it/s, est. speed input: 1623.82 toks/s, output: 3525.79 toks/s]
Processed prompts:  37%|███▋      | 2931/8000 [04:56<07:40, 11.01it/s, est. speed input: 1625.80 toks/s, output: 3527.24 toks/s]
Processed prompts:  37%|███▋      | 2933/8000 [04:56<12:17,  6.87it/s, est. speed input: 1624.04 toks/s, output: 3521.42 toks/s]
Processed prompts:  37%|███▋      | 2936/8000 [04:56<10:15,  8.23it/s, est. speed input: 1624.45 toks/s, output: 3521.04 toks/s]
Processed prompts:  37%|███▋      | 2938/8000 [04:57<11:37,  7.26it/s, est. speed input: 1622.91 toks/s, output: 3519.02 toks/s]
Processed prompts:  37%|███▋      | 2940/8000 [04:57<10:06,  8.34it/s, est. speed input: 1623.73 toks/s, output: 3518.28 toks/s]
Processed prompts:  37%|███▋      | 2942/8000 [04:57<13:04,  6.45it/s, est. speed input: 1622.10 toks/s, output: 3513.57 toks/s]
Processed prompts:  37%|███▋      | 2944/8000 [04:57<10:43,  7.85it/s, est. speed input: 1623.44 toks/s, output: 3514.44 toks/s]
Processed prompts:  37%|███▋      | 2946/8000 [04:58<09:55,  8.49it/s, est. speed input: 1623.01 toks/s, output: 3514.43 toks/s]
Processed prompts:  37%|███▋      | 2948/8000 [04:58<10:10,  8.27it/s, est. speed input: 1622.54 toks/s, output: 3513.72 toks/s]
Processed prompts:  37%|███▋      | 2950/8000 [04:58<09:52,  8.53it/s, est. speed input: 1622.83 toks/s, output: 3513.41 toks/s]
Processed prompts:  37%|███▋      | 2951/8000 [04:58<11:30,  7.31it/s, est. speed input: 1621.83 toks/s, output: 3512.43 toks/s]
Processed prompts:  37%|███▋      | 2952/8000 [04:59<12:08,  6.93it/s, est. speed input: 1621.30 toks/s, output: 3510.93 toks/s]
Processed prompts:  37%|███▋      | 2953/8000 [04:59<11:29,  7.32it/s, est. speed input: 1621.42 toks/s, output: 3511.35 toks/s]
Processed prompts:  37%|███▋      | 2955/8000 [04:59<12:10,  6.91it/s, est. speed input: 1620.21 toks/s, output: 3511.08 toks/s]
Processed prompts:  37%|███▋      | 2959/8000 [04:59<08:40,  9.68it/s, est. speed input: 1621.00 toks/s, output: 3512.47 toks/s]
Processed prompts:  37%|███▋      | 2960/8000 [04:59<08:57,  9.38it/s, est. speed input: 1621.44 toks/s, output: 3511.60 toks/s]
Processed prompts:  37%|███▋      | 2963/8000 [04:59<06:43, 12.47it/s, est. speed input: 1621.77 toks/s, output: 3513.03 toks/s]
Processed prompts:  37%|███▋      | 2965/8000 [05:00<07:24, 11.33it/s, est. speed input: 1621.90 toks/s, output: 3511.71 toks/s]
Processed prompts:  37%|███▋      | 2967/8000 [05:00<08:08, 10.30it/s, est. speed input: 1621.94 toks/s, output: 3511.23 toks/s]
Processed prompts:  37%|███▋      | 2969/8000 [05:00<07:54, 10.61it/s, est. speed input: 1621.87 toks/s, output: 3510.43 toks/s]
Processed prompts:  37%|███▋      | 2971/8000 [05:00<06:58, 12.01it/s, est. speed input: 1621.65 toks/s, output: 3510.85 toks/s]
Processed prompts:  37%|███▋      | 2973/8000 [05:00<07:58, 10.51it/s, est. speed input: 1620.94 toks/s, output: 3509.23 toks/s]
Processed prompts:  37%|███▋      | 2975/8000 [05:01<10:09,  8.24it/s, est. speed input: 1620.78 toks/s, output: 3506.45 toks/s]
Processed prompts:  37%|███▋      | 2977/8000 [05:01<09:31,  8.80it/s, est. speed input: 1621.45 toks/s, output: 3506.58 toks/s]
Processed prompts:  37%|███▋      | 2978/8000 [05:01<11:30,  7.27it/s, est. speed input: 1620.51 toks/s, output: 3504.51 toks/s]
Processed prompts:  37%|███▋      | 2980/8000 [05:01<09:24,  8.90it/s, est. speed input: 1621.50 toks/s, output: 3505.45 toks/s]
Processed prompts:  37%|███▋      | 2982/8000 [05:02<08:38,  9.67it/s, est. speed input: 1622.49 toks/s, output: 3506.09 toks/s]
Processed prompts:  37%|███▋      | 2984/8000 [05:02<09:14,  9.05it/s, est. speed input: 1622.11 toks/s, output: 3505.80 toks/s]
Processed prompts:  37%|███▋      | 2986/8000 [05:02<07:55, 10.54it/s, est. speed input: 1621.96 toks/s, output: 3506.81 toks/s]
Processed prompts:  37%|███▋      | 2988/8000 [05:02<08:47,  9.49it/s, est. speed input: 1622.05 toks/s, output: 3505.36 toks/s]
Processed prompts:  37%|███▋      | 2991/8000 [05:03<08:45,  9.53it/s, est. speed input: 1621.51 toks/s, output: 3505.84 toks/s]
Processed prompts:  37%|███▋      | 2993/8000 [05:03<09:35,  8.71it/s, est. speed input: 1620.83 toks/s, output: 3505.02 toks/s]
Processed prompts:  37%|███▋      | 2995/8000 [05:03<11:41,  7.14it/s, est. speed input: 1619.57 toks/s, output: 3503.28 toks/s]
Processed prompts:  37%|███▋      | 2996/8000 [05:03<13:01,  6.40it/s, est. speed input: 1618.64 toks/s, output: 3501.58 toks/s]
Processed prompts:  37%|███▋      | 2998/8000 [05:04<10:23,  8.03it/s, est. speed input: 1618.54 toks/s, output: 3502.71 toks/s]
Processed prompts:  37%|███▋      | 2999/8000 [05:04<10:12,  8.16it/s, est. speed input: 1618.26 toks/s, output: 3502.21 toks/s]
Processed prompts:  38%|███▊      | 3000/8000 [05:04<13:19,  6.25it/s, est. speed input: 1616.78 toks/s, output: 3499.66 toks/s]
Processed prompts:  38%|███▊      | 3001/8000 [05:04<15:59,  5.21it/s, est. speed input: 1615.52 toks/s, output: 3497.16 toks/s]
Processed prompts:  38%|███▊      | 3003/8000 [05:04<11:33,  7.21it/s, est. speed input: 1615.42 toks/s, output: 3497.51 toks/s]
Processed prompts:  38%|███▊      | 3005/8000 [05:05<10:41,  7.79it/s, est. speed input: 1614.78 toks/s, output: 3496.76 toks/s]
Processed prompts:  38%|███▊      | 3007/8000 [05:05<11:06,  7.50it/s, est. speed input: 1613.58 toks/s, output: 3496.84 toks/s]
Processed prompts:  38%|███▊      | 3010/8000 [05:05<10:32,  7.89it/s, est. speed input: 1612.83 toks/s, output: 3496.90 toks/s]
Processed prompts:  38%|███▊      | 3012/8000 [05:06<15:27,  5.38it/s, est. speed input: 1610.28 toks/s, output: 3491.86 toks/s]
Processed prompts:  38%|███▊      | 3013/8000 [05:06<14:57,  5.56it/s, est. speed input: 1609.95 toks/s, output: 3491.07 toks/s]
Processed prompts:  38%|███▊      | 3014/8000 [05:06<13:40,  6.08it/s, est. speed input: 1610.37 toks/s, output: 3491.23 toks/s]
Processed prompts:  38%|███▊      | 3015/8000 [05:07<16:57,  4.90it/s, est. speed input: 1609.58 toks/s, output: 3488.80 toks/s]
Processed prompts:  38%|███▊      | 3018/8000 [05:07<14:43,  5.64it/s, est. speed input: 1609.60 toks/s, output: 3487.35 toks/s]
Processed prompts:  38%|███▊      | 3019/8000 [05:07<18:31,  4.48it/s, est. speed input: 1608.09 toks/s, output: 3484.23 toks/s]
Processed prompts:  38%|███▊      | 3021/8000 [05:08<16:36,  5.00it/s, est. speed input: 1607.01 toks/s, output: 3483.78 toks/s]
Processed prompts:  38%|███▊      | 3022/8000 [05:08<18:47,  4.41it/s, est. speed input: 1605.47 toks/s, output: 3481.06 toks/s]
Processed prompts:  38%|███▊      | 3024/8000 [05:08<14:04,  5.89it/s, est. speed input: 1605.69 toks/s, output: 3482.80 toks/s]
Processed prompts:  38%|███▊      | 3025/8000 [05:08<15:24,  5.38it/s, est. speed input: 1604.63 toks/s, output: 3481.26 toks/s]
Processed prompts:  38%|███▊      | 3027/8000 [05:09<13:34,  6.10it/s, est. speed input: 1606.45 toks/s, output: 3481.14 toks/s]
Processed prompts:  38%|███▊      | 3028/8000 [05:09<13:43,  6.04it/s, est. speed input: 1606.07 toks/s, output: 3480.29 toks/s]
Processed prompts:  38%|███▊      | 3029/8000 [05:09<17:49,  4.65it/s, est. speed input: 1609.09 toks/s, output: 3477.65 toks/s]
Processed prompts:  38%|███▊      | 3030/8000 [05:09<16:30,  5.02it/s, est. speed input: 1608.66 toks/s, output: 3477.07 toks/s]
Processed prompts:  38%|███▊      | 3032/8000 [05:10<12:58,  6.38it/s, est. speed input: 1607.88 toks/s, output: 3478.21 toks/s]
Processed prompts:  38%|███▊      | 3034/8000 [05:10<11:47,  7.02it/s, est. speed input: 1607.58 toks/s, output: 3478.86 toks/s]
Processed prompts:  38%|███▊      | 3036/8000 [05:10<09:28,  8.73it/s, est. speed input: 1607.89 toks/s, output: 3479.74 toks/s]
Processed prompts:  38%|███▊      | 3038/8000 [05:10<10:25,  7.93it/s, est. speed input: 1606.97 toks/s, output: 3479.69 toks/s]
Processed prompts:  38%|███▊      | 3039/8000 [05:11<13:47,  6.00it/s, est. speed input: 1606.12 toks/s, output: 3477.55 toks/s]
Processed prompts:  38%|███▊      | 3041/8000 [05:11<11:29,  7.19it/s, est. speed input: 1605.96 toks/s, output: 3478.38 toks/s]
Processed prompts:  38%|███▊      | 3043/8000 [05:11<09:48,  8.43it/s, est. speed input: 1605.79 toks/s, output: 3479.93 toks/s]
Processed prompts:  38%|███▊      | 3046/8000 [05:11<09:09,  9.01it/s, est. speed input: 1606.21 toks/s, output: 3481.45 toks/s]
Processed prompts:  38%|███▊      | 3047/8000 [05:11<09:50,  8.39it/s, est. speed input: 1606.08 toks/s, output: 3481.00 toks/s]
Processed prompts:  38%|███▊      | 3048/8000 [05:12<11:31,  7.17it/s, est. speed input: 1605.04 toks/s, output: 3480.13 toks/s]
Processed prompts:  38%|███▊      | 3049/8000 [05:12<11:15,  7.33it/s, est. speed input: 1604.49 toks/s, output: 3480.38 toks/s]
Processed prompts:  38%|███▊      | 3050/8000 [05:12<11:15,  7.32it/s, est. speed input: 1604.53 toks/s, output: 3480.49 toks/s]
Processed prompts:  38%|███▊      | 3051/8000 [05:12<10:59,  7.51it/s, est. speed input: 1604.02 toks/s, output: 3480.35 toks/s]
Processed prompts:  38%|███▊      | 3054/8000 [05:12<06:52, 12.00it/s, est. speed input: 1605.73 toks/s, output: 3483.63 toks/s]
Processed prompts:  38%|███▊      | 3056/8000 [05:12<08:17,  9.94it/s, est. speed input: 1605.20 toks/s, output: 3483.88 toks/s]
Processed prompts:  38%|███▊      | 3058/8000 [05:13<09:57,  8.27it/s, est. speed input: 1605.38 toks/s, output: 3483.50 toks/s]
Processed prompts:  38%|███▊      | 3060/8000 [05:13<11:02,  7.46it/s, est. speed input: 1605.09 toks/s, output: 3482.78 toks/s]
Processed prompts:  38%|███▊      | 3063/8000 [05:13<09:06,  9.04it/s, est. speed input: 1604.39 toks/s, output: 3485.15 toks/s]
Processed prompts:  38%|███▊      | 3065/8000 [05:14<11:12,  7.34it/s, est. speed input: 1603.87 toks/s, output: 3483.91 toks/s]
Processed prompts:  38%|███▊      | 3067/8000 [05:14<11:02,  7.45it/s, est. speed input: 1604.32 toks/s, output: 3484.30 toks/s]
Processed prompts:  38%|███▊      | 3069/8000 [05:14<09:27,  8.69it/s, est. speed input: 1605.05 toks/s, output: 3485.76 toks/s]
Processed prompts:  38%|███▊      | 3071/8000 [05:14<11:29,  7.15it/s, est. speed input: 1605.03 toks/s, output: 3484.57 toks/s]
Processed prompts:  38%|███▊      | 3073/8000 [05:15<09:52,  8.31it/s, est. speed input: 1605.32 toks/s, output: 3486.20 toks/s]
Processed prompts:  38%|███▊      | 3075/8000 [05:15<09:24,  8.72it/s, est. speed input: 1606.22 toks/s, output: 3487.21 toks/s]
Processed prompts:  38%|███▊      | 3077/8000 [05:15<11:06,  7.38it/s, est. speed input: 1605.61 toks/s, output: 3485.94 toks/s]
Processed prompts:  38%|███▊      | 3079/8000 [05:15<09:39,  8.50it/s, est. speed input: 1606.38 toks/s, output: 3487.51 toks/s]
Processed prompts:  39%|███▊      | 3082/8000 [05:16<09:05,  9.01it/s, est. speed input: 1605.44 toks/s, output: 3488.81 toks/s]
Processed prompts:  39%|███▊      | 3086/8000 [05:16<07:41, 10.65it/s, est. speed input: 1605.99 toks/s, output: 3492.15 toks/s]
Processed prompts:  39%|███▊      | 3088/8000 [05:16<07:53, 10.38it/s, est. speed input: 1606.87 toks/s, output: 3493.09 toks/s]
Processed prompts:  39%|███▊      | 3094/8000 [05:17<07:07, 11.47it/s, est. speed input: 1605.51 toks/s, output: 3496.23 toks/s]
Processed prompts:  39%|███▊      | 3096/8000 [05:17<07:14, 11.28it/s, est. speed input: 1605.48 toks/s, output: 3497.37 toks/s]
Processed prompts:  39%|███▊      | 3099/8000 [05:17<07:29, 10.91it/s, est. speed input: 1604.72 toks/s, output: 3498.74 toks/s]
Processed prompts:  39%|███▉      | 3101/8000 [05:17<07:17, 11.19it/s, est. speed input: 1605.39 toks/s, output: 3500.17 toks/s]
Processed prompts:  39%|███▉      | 3104/8000 [05:17<06:57, 11.72it/s, est. speed input: 1604.94 toks/s, output: 3501.21 toks/s]
Processed prompts:  39%|███▉      | 3110/8000 [05:18<05:10, 15.75it/s, est. speed input: 1607.43 toks/s, output: 3507.95 toks/s]
Processed prompts:  39%|███▉      | 3112/8000 [05:18<06:26, 12.65it/s, est. speed input: 1607.27 toks/s, output: 3507.76 toks/s]
Processed prompts:  39%|███▉      | 3117/8000 [05:18<04:54, 16.56it/s, est. speed input: 1608.81 toks/s, output: 3512.76 toks/s]
Processed prompts:  39%|███▉      | 3119/8000 [05:18<05:16, 15.44it/s, est. speed input: 1609.07 toks/s, output: 3514.10 toks/s]
Processed prompts:  39%|███▉      | 3121/8000 [05:19<06:54, 11.76it/s, est. speed input: 1608.76 toks/s, output: 3513.75 toks/s]
Processed prompts:  39%|███▉      | 3125/8000 [05:19<06:59, 11.61it/s, est. speed input: 1609.04 toks/s, output: 3516.28 toks/s]
Processed prompts:  39%|███▉      | 3128/8000 [05:19<06:18, 12.87it/s, est. speed input: 1609.92 toks/s, output: 3517.74 toks/s]
Processed prompts:  39%|███▉      | 3131/8000 [05:19<05:55, 13.69it/s, est. speed input: 1610.71 toks/s, output: 3519.33 toks/s]
Processed prompts:  39%|███▉      | 3136/8000 [05:20<05:56, 13.64it/s, est. speed input: 1611.52 toks/s, output: 3521.81 toks/s]
Processed prompts:  39%|███▉      | 3138/8000 [05:20<06:14, 12.97it/s, est. speed input: 1612.79 toks/s, output: 3522.95 toks/s]
Processed prompts:  39%|███▉      | 3142/8000 [05:20<06:33, 12.35it/s, est. speed input: 1612.86 toks/s, output: 3525.38 toks/s]
Processed prompts:  39%|███▉      | 3147/8000 [05:21<06:35, 12.27it/s, est. speed input: 1614.16 toks/s, output: 3525.97 toks/s]
Processed prompts:  39%|███▉      | 3149/8000 [05:21<06:57, 11.62it/s, est. speed input: 1613.81 toks/s, output: 3525.18 toks/s]
Processed prompts:  39%|███▉      | 3151/8000 [05:21<06:34, 12.30it/s, est. speed input: 1613.64 toks/s, output: 3526.99 toks/s]
Processed prompts:  39%|███▉      | 3154/8000 [05:21<06:50, 11.81it/s, est. speed input: 1615.37 toks/s, output: 3527.16 toks/s]
Processed prompts:  39%|███▉      | 3156/8000 [05:21<06:49, 11.82it/s, est. speed input: 1616.17 toks/s, output: 3527.19 toks/s]
Processed prompts:  40%|███▉      | 3161/8000 [05:22<07:09, 11.27it/s, est. speed input: 1616.50 toks/s, output: 3528.69 toks/s]
Processed prompts:  40%|███▉      | 3164/8000 [05:22<06:56, 11.62it/s, est. speed input: 1617.18 toks/s, output: 3530.86 toks/s]
Processed prompts:  40%|███▉      | 3166/8000 [05:22<07:20, 10.98it/s, est. speed input: 1617.56 toks/s, output: 3531.62 toks/s]
Processed prompts:  40%|████      | 3220/8000 [05:23<01:17, 61.64it/s, est. speed input: 1649.12 toks/s, output: 3611.78 toks/s]
Processed prompts:  41%|████      | 3258/8000 [05:24<02:06, 37.58it/s, est. speed input: 1661.32 toks/s, output: 3654.05 toks/s]
Processed prompts:  41%|████      | 3263/8000 [05:28<06:51, 11.50it/s, est. speed input: 1643.43 toks/s, output: 3614.17 toks/s]
Processed prompts:  41%|████      | 3269/8000 [05:28<06:16, 12.57it/s, est. speed input: 1644.32 toks/s, output: 3612.55 toks/s]
Processed prompts:  41%|████      | 3279/8000 [05:28<05:07, 15.37it/s, est. speed input: 1646.38 toks/s, output: 3611.11 toks/s]
Processed prompts:  41%|████      | 3288/8000 [05:29<04:24, 17.83it/s, est. speed input: 1649.05 toks/s, output: 3611.30 toks/s]
Processed prompts:  41%|████      | 3293/8000 [05:29<04:21, 18.00it/s, est. speed input: 1649.98 toks/s, output: 3608.63 toks/s]
Processed prompts:  41%|████      | 3297/8000 [05:29<05:24, 14.51it/s, est. speed input: 1649.27 toks/s, output: 3602.51 toks/s]
Processed prompts:  41%|████▏     | 3300/8000 [05:30<05:41, 13.76it/s, est. speed input: 1649.21 toks/s, output: 3600.00 toks/s]
Processed prompts:  41%|████▏     | 3303/8000 [05:30<06:26, 12.15it/s, est. speed input: 1650.02 toks/s, output: 3597.43 toks/s]
Processed prompts:  41%|████▏     | 3305/8000 [05:30<06:38, 11.77it/s, est. speed input: 1650.13 toks/s, output: 3595.43 toks/s]
Processed prompts:  41%|████▏     | 3308/8000 [05:30<05:55, 13.19it/s, est. speed input: 1650.57 toks/s, output: 3594.32 toks/s]
Processed prompts:  41%|████▏     | 3310/8000 [05:31<06:49, 11.46it/s, est. speed input: 1649.67 toks/s, output: 3591.83 toks/s]
Processed prompts:  41%|████▏     | 3312/8000 [05:31<07:03, 11.08it/s, est. speed input: 1649.89 toks/s, output: 3590.23 toks/s]
Processed prompts:  41%|████▏     | 3314/8000 [05:31<06:39, 11.74it/s, est. speed input: 1651.01 toks/s, output: 3590.45 toks/s]
Processed prompts:  41%|████▏     | 3316/8000 [05:32<09:53,  7.89it/s, est. speed input: 1649.17 toks/s, output: 3586.37 toks/s]
Processed prompts:  41%|████▏     | 3319/8000 [05:32<07:51,  9.94it/s, est. speed input: 1649.87 toks/s, output: 3585.97 toks/s]
Processed prompts:  42%|████▏     | 3321/8000 [05:32<08:31,  9.15it/s, est. speed input: 1649.00 toks/s, output: 3583.51 toks/s]
Processed prompts:  42%|████▏     | 3323/8000 [05:32<07:37, 10.23it/s, est. speed input: 1649.69 toks/s, output: 3582.49 toks/s]
Processed prompts:  42%|████▏     | 3325/8000 [05:32<08:56,  8.71it/s, est. speed input: 1649.63 toks/s, output: 3580.07 toks/s]
Processed prompts:  42%|████▏     | 3327/8000 [05:33<07:53,  9.88it/s, est. speed input: 1650.39 toks/s, output: 3579.63 toks/s]
Processed prompts:  42%|████▏     | 3329/8000 [05:33<07:48,  9.97it/s, est. speed input: 1650.67 toks/s, output: 3578.31 toks/s]
Processed prompts:  42%|████▏     | 3331/8000 [05:33<07:44, 10.05it/s, est. speed input: 1650.16 toks/s, output: 3578.01 toks/s]
Processed prompts:  42%|████▏     | 3333/8000 [05:33<11:19,  6.87it/s, est. speed input: 1648.80 toks/s, output: 3573.07 toks/s]
Processed prompts:  42%|████▏     | 3336/8000 [05:34<09:14,  8.41it/s, est. speed input: 1649.86 toks/s, output: 3572.66 toks/s]
Processed prompts:  42%|████▏     | 3338/8000 [05:34<11:18,  6.87it/s, est. speed input: 1649.86 toks/s, output: 3568.99 toks/s]
Processed prompts:  42%|████▏     | 3341/8000 [05:34<08:41,  8.93it/s, est. speed input: 1650.42 toks/s, output: 3569.37 toks/s]
Processed prompts:  42%|████▏     | 3343/8000 [05:35<10:13,  7.59it/s, est. speed input: 1649.19 toks/s, output: 3567.18 toks/s]
Processed prompts:  42%|████▏     | 3345/8000 [05:35<10:36,  7.31it/s, est. speed input: 1648.27 toks/s, output: 3564.61 toks/s]
Processed prompts:  42%|████▏     | 3346/8000 [05:35<10:24,  7.46it/s, est. speed input: 1647.91 toks/s, output: 3563.87 toks/s]
Processed prompts:  42%|████▏     | 3347/8000 [05:35<10:10,  7.62it/s, est. speed input: 1648.15 toks/s, output: 3564.13 toks/s]
Processed prompts:  42%|████▏     | 3348/8000 [05:35<11:13,  6.91it/s, est. speed input: 1647.36 toks/s, output: 3562.40 toks/s]
Processed prompts:  42%|████▏     | 3349/8000 [05:36<10:43,  7.23it/s, est. speed input: 1647.16 toks/s, output: 3561.80 toks/s]
Processed prompts:  42%|████▏     | 3350/8000 [05:36<13:44,  5.64it/s, est. speed input: 1645.88 toks/s, output: 3559.03 toks/s]
Processed prompts:  42%|████▏     | 3351/8000 [05:36<12:31,  6.18it/s, est. speed input: 1646.20 toks/s, output: 3558.73 toks/s]
Processed prompts:  42%|████▏     | 3352/8000 [05:36<14:44,  5.25it/s, est. speed input: 1645.15 toks/s, output: 3556.29 toks/s]
Processed prompts:  42%|████▏     | 3354/8000 [05:36<12:17,  6.30it/s, est. speed input: 1645.07 toks/s, output: 3556.11 toks/s]
Processed prompts:  42%|████▏     | 3355/8000 [05:37<13:12,  5.86it/s, est. speed input: 1644.20 toks/s, output: 3554.31 toks/s]
Processed prompts:  42%|████▏     | 3357/8000 [05:37<11:26,  6.76it/s, est. speed input: 1643.75 toks/s, output: 3552.80 toks/s]
Processed prompts:  42%|████▏     | 3360/8000 [05:37<07:33, 10.23it/s, est. speed input: 1645.02 toks/s, output: 3553.76 toks/s]
Processed prompts:  42%|████▏     | 3362/8000 [05:37<07:10, 10.78it/s, est. speed input: 1645.69 toks/s, output: 3554.06 toks/s]
Processed prompts:  42%|████▏     | 3364/8000 [05:37<07:03, 10.94it/s, est. speed input: 1645.59 toks/s, output: 3553.09 toks/s]
Processed prompts:  42%|████▏     | 3366/8000 [05:38<08:48,  8.76it/s, est. speed input: 1644.20 toks/s, output: 3551.75 toks/s]
Processed prompts:  42%|████▏     | 3368/8000 [05:38<11:18,  6.82it/s, est. speed input: 1642.54 toks/s, output: 3549.16 toks/s]
Processed prompts:  42%|████▏     | 3370/8000 [05:38<10:02,  7.68it/s, est. speed input: 1642.79 toks/s, output: 3548.16 toks/s]
Processed prompts:  42%|████▏     | 3371/8000 [05:38<09:49,  7.85it/s, est. speed input: 1642.48 toks/s, output: 3547.44 toks/s]
Processed prompts:  42%|████▏     | 3372/8000 [05:39<10:26,  7.39it/s, est. speed input: 1642.18 toks/s, output: 3546.18 toks/s]
Processed prompts:  42%|████▏     | 3374/8000 [05:39<08:18,  9.28it/s, est. speed input: 1642.53 toks/s, output: 3546.23 toks/s]
Processed prompts:  42%|████▏     | 3377/8000 [05:39<06:42, 11.47it/s, est. speed input: 1642.66 toks/s, output: 3545.96 toks/s]
Processed prompts:  42%|████▏     | 3379/8000 [05:39<08:37,  8.93it/s, est. speed input: 1642.15 toks/s, output: 3544.49 toks/s]
Processed prompts:  42%|████▏     | 3381/8000 [05:39<08:50,  8.71it/s, est. speed input: 1641.29 toks/s, output: 3543.04 toks/s]
Processed prompts:  42%|████▏     | 3382/8000 [05:40<09:30,  8.10it/s, est. speed input: 1641.08 toks/s, output: 3541.86 toks/s]
Processed prompts:  42%|████▏     | 3383/8000 [05:40<10:55,  7.04it/s, est. speed input: 1640.36 toks/s, output: 3541.12 toks/s]
Processed prompts:  42%|████▏     | 3384/8000 [05:40<12:38,  6.08it/s, est. speed input: 1639.39 toks/s, output: 3539.16 toks/s]
Processed prompts:  42%|████▏     | 3385/8000 [05:40<15:23,  5.00it/s, est. speed input: 1638.39 toks/s, output: 3536.49 toks/s]
Processed prompts:  42%|████▏     | 3386/8000 [05:41<15:34,  4.94it/s, est. speed input: 1637.83 toks/s, output: 3534.90 toks/s]
Processed prompts:  42%|████▏     | 3388/8000 [05:41<12:54,  5.95it/s, est. speed input: 1637.67 toks/s, output: 3534.99 toks/s]
Processed prompts:  42%|████▏     | 3389/8000 [05:41<16:13,  4.74it/s, est. speed input: 1636.54 toks/s, output: 3531.94 toks/s]
Processed prompts:  42%|████▏     | 3391/8000 [05:41<13:41,  5.61it/s, est. speed input: 1635.56 toks/s, output: 3530.84 toks/s]
Processed prompts:  42%|████▏     | 3392/8000 [05:42<12:23,  6.20it/s, est. speed input: 1635.87 toks/s, output: 3530.43 toks/s]
Processed prompts:  42%|████▏     | 3393/8000 [05:42<11:37,  6.61it/s, est. speed input: 1635.70 toks/s, output: 3529.83 toks/s]
Processed prompts:  42%|████▏     | 3396/8000 [05:42<07:12, 10.65it/s, est. speed input: 1635.99 toks/s, output: 3530.60 toks/s]
Processed prompts:  42%|████▏     | 3398/8000 [05:42<06:58, 11.00it/s, est. speed input: 1635.99 toks/s, output: 3530.19 toks/s]
Processed prompts:  42%|████▎     | 3400/8000 [05:43<11:16,  6.80it/s, est. speed input: 1635.07 toks/s, output: 3526.86 toks/s]
Processed prompts:  43%|████▎     | 3402/8000 [05:43<13:40,  5.61it/s, est. speed input: 1633.12 toks/s, output: 3523.22 toks/s]
Processed prompts:  43%|████▎     | 3403/8000 [05:43<13:14,  5.78it/s, est. speed input: 1632.94 toks/s, output: 3522.41 toks/s]
Processed prompts:  43%|████▎     | 3407/8000 [05:43<09:28,  8.08it/s, est. speed input: 1633.05 toks/s, output: 3523.42 toks/s]
Processed prompts:  43%|████▎     | 3409/8000 [05:44<09:11,  8.33it/s, est. speed input: 1632.72 toks/s, output: 3523.67 toks/s]
Processed prompts:  43%|████▎     | 3410/8000 [05:44<10:08,  7.54it/s, est. speed input: 1632.16 toks/s, output: 3522.50 toks/s]
Processed prompts:  43%|████▎     | 3412/8000 [05:44<13:59,  5.46it/s, est. speed input: 1631.30 toks/s, output: 3518.21 toks/s]
Processed prompts:  43%|████▎     | 3413/8000 [05:45<13:07,  5.82it/s, est. speed input: 1631.42 toks/s, output: 3517.76 toks/s]
Processed prompts:  43%|████▎     | 3414/8000 [05:45<14:03,  5.44it/s, est. speed input: 1630.87 toks/s, output: 3516.90 toks/s]
Processed prompts:  43%|████▎     | 3415/8000 [05:45<12:54,  5.92it/s, est. speed input: 1631.30 toks/s, output: 3516.52 toks/s]
Processed prompts:  43%|████▎     | 3417/8000 [05:45<10:14,  7.46it/s, est. speed input: 1631.76 toks/s, output: 3516.49 toks/s]
Processed prompts:  43%|████▎     | 3418/8000 [05:45<09:48,  7.79it/s, est. speed input: 1631.55 toks/s, output: 3516.24 toks/s]
Processed prompts:  43%|████▎     | 3421/8000 [05:45<06:25, 11.86it/s, est. speed input: 1633.45 toks/s, output: 3518.28 toks/s]
Processed prompts:  43%|████▎     | 3423/8000 [05:46<07:37, 10.01it/s, est. speed input: 1633.03 toks/s, output: 3517.99 toks/s]
Processed prompts:  43%|████▎     | 3425/8000 [05:46<09:38,  7.91it/s, est. speed input: 1632.01 toks/s, output: 3516.53 toks/s]
Processed prompts:  43%|████▎     | 3427/8000 [05:46<11:15,  6.77it/s, est. speed input: 1631.38 toks/s, output: 3515.06 toks/s]
Processed prompts:  43%|████▎     | 3428/8000 [05:46<11:15,  6.77it/s, est. speed input: 1632.12 toks/s, output: 3514.42 toks/s]
Processed prompts:  43%|████▎     | 3429/8000 [05:47<13:13,  5.76it/s, est. speed input: 1631.81 toks/s, output: 3512.53 toks/s]
Processed prompts:  43%|████▎     | 3431/8000 [05:47<11:00,  6.92it/s, est. speed input: 1632.22 toks/s, output: 3513.56 toks/s]
Processed prompts:  43%|████▎     | 3432/8000 [05:47<10:59,  6.93it/s, est. speed input: 1631.75 toks/s, output: 3513.04 toks/s]
Processed prompts:  43%|████▎     | 3433/8000 [05:47<12:57,  5.87it/s, est. speed input: 1630.76 toks/s, output: 3511.90 toks/s]
Processed prompts:  43%|████▎     | 3435/8000 [05:48<14:23,  5.28it/s, est. speed input: 1631.18 toks/s, output: 3510.07 toks/s]
Processed prompts:  43%|████▎     | 3436/8000 [05:48<14:33,  5.23it/s, est. speed input: 1630.37 toks/s, output: 3509.53 toks/s]
Processed prompts:  43%|████▎     | 3437/8000 [05:48<15:29,  4.91it/s, est. speed input: 1629.32 toks/s, output: 3508.04 toks/s]
Processed prompts:  43%|████▎     | 3438/8000 [05:49<17:48,  4.27it/s, est. speed input: 1629.31 toks/s, output: 3506.25 toks/s]
Processed prompts:  43%|████▎     | 3441/8000 [05:49<12:32,  6.06it/s, est. speed input: 1629.32 toks/s, output: 3506.51 toks/s]
Processed prompts:  43%|████▎     | 3443/8000 [05:49<10:50,  7.01it/s, est. speed input: 1630.25 toks/s, output: 3507.03 toks/s]
Processed prompts:  43%|████▎     | 3447/8000 [05:49<09:20,  8.13it/s, est. speed input: 1629.30 toks/s, output: 3507.86 toks/s]
Processed prompts:  43%|████▎     | 3451/8000 [05:50<07:33, 10.04it/s, est. speed input: 1629.22 toks/s, output: 3510.68 toks/s]
Processed prompts:  43%|████▎     | 3453/8000 [05:50<07:24, 10.24it/s, est. speed input: 1628.69 toks/s, output: 3511.77 toks/s]
Processed prompts:  43%|████▎     | 3455/8000 [05:50<10:36,  7.14it/s, est. speed input: 1628.04 toks/s, output: 3509.27 toks/s]
Processed prompts:  43%|████▎     | 3457/8000 [05:51<09:43,  7.78it/s, est. speed input: 1627.81 toks/s, output: 3510.28 toks/s]
Processed prompts:  43%|████▎     | 3460/8000 [05:51<07:35,  9.96it/s, est. speed input: 1627.99 toks/s, output: 3512.34 toks/s]
Processed prompts:  43%|████▎     | 3462/8000 [05:51<07:55,  9.54it/s, est. speed input: 1628.01 toks/s, output: 3512.49 toks/s]
Processed prompts:  43%|████▎     | 3464/8000 [05:51<07:12, 10.49it/s, est. speed input: 1629.37 toks/s, output: 3513.64 toks/s]
Processed prompts:  43%|████▎     | 3466/8000 [05:51<07:55,  9.54it/s, est. speed input: 1628.84 toks/s, output: 3513.96 toks/s]
Processed prompts:  43%|████▎     | 3468/8000 [05:52<09:13,  8.18it/s, est. speed input: 1628.12 toks/s, output: 3513.17 toks/s]
Processed prompts:  43%|████▎     | 3469/8000 [05:52<09:27,  7.98it/s, est. speed input: 1627.69 toks/s, output: 3513.22 toks/s]
Processed prompts:  43%|████▎     | 3472/8000 [05:52<08:00,  9.43it/s, est. speed input: 1627.48 toks/s, output: 3515.21 toks/s]
Processed prompts:  43%|████▎     | 3474/8000 [05:52<07:29, 10.07it/s, est. speed input: 1627.12 toks/s, output: 3516.10 toks/s]
Processed prompts:  43%|████▎     | 3476/8000 [05:53<08:58,  8.40it/s, est. speed input: 1627.54 toks/s, output: 3515.67 toks/s]
Processed prompts:  43%|████▎     | 3477/8000 [05:53<08:46,  8.60it/s, est. speed input: 1627.34 toks/s, output: 3516.09 toks/s]
Processed prompts:  43%|████▎     | 3478/8000 [05:53<08:53,  8.48it/s, est. speed input: 1628.13 toks/s, output: 3516.30 toks/s]
Processed prompts:  44%|████▎     | 3481/8000 [05:53<08:48,  8.54it/s, est. speed input: 1627.62 toks/s, output: 3516.68 toks/s]
Processed prompts:  44%|████▎     | 3484/8000 [05:53<06:31, 11.53it/s, est. speed input: 1627.92 toks/s, output: 3519.52 toks/s]
Processed prompts:  44%|████▎     | 3486/8000 [05:54<08:03,  9.33it/s, est. speed input: 1627.40 toks/s, output: 3519.20 toks/s]
Processed prompts:  44%|████▎     | 3488/8000 [05:54<08:34,  8.77it/s, est. speed input: 1627.32 toks/s, output: 3519.48 toks/s]
Processed prompts:  44%|████▎     | 3490/8000 [05:54<09:15,  8.13it/s, est. speed input: 1626.26 toks/s, output: 3519.31 toks/s]
Processed prompts:  44%|████▎     | 3491/8000 [05:54<09:43,  7.73it/s, est. speed input: 1626.86 toks/s, output: 3519.17 toks/s]
Processed prompts:  44%|████▎     | 3492/8000 [05:55<09:59,  7.52it/s, est. speed input: 1626.89 toks/s, output: 3519.15 toks/s]
Processed prompts:  44%|████▎     | 3497/8000 [05:55<05:18, 14.14it/s, est. speed input: 1628.06 toks/s, output: 3524.22 toks/s]
Processed prompts:  44%|████▎     | 3499/8000 [05:55<07:39,  9.80it/s, est. speed input: 1627.59 toks/s, output: 3523.21 toks/s]
Processed prompts:  44%|████▍     | 3501/8000 [05:55<06:54, 10.86it/s, est. speed input: 1628.60 toks/s, output: 3524.82 toks/s]
Processed prompts:  44%|████▍     | 3503/8000 [05:55<07:31,  9.95it/s, est. speed input: 1628.14 toks/s, output: 3525.05 toks/s]
Processed prompts:  44%|████▍     | 3505/8000 [05:56<09:27,  7.92it/s, est. speed input: 1628.67 toks/s, output: 3524.12 toks/s]
Processed prompts:  44%|████▍     | 3507/8000 [05:56<12:19,  6.08it/s, est. speed input: 1627.92 toks/s, output: 3521.84 toks/s]
Processed prompts:  44%|████▍     | 3509/8000 [05:57<10:47,  6.94it/s, est. speed input: 1628.91 toks/s, output: 3522.76 toks/s]
Processed prompts:  44%|████▍     | 3511/8000 [05:57<10:03,  7.44it/s, est. speed input: 1628.55 toks/s, output: 3523.44 toks/s]
Processed prompts:  44%|████▍     | 3513/8000 [05:57<08:31,  8.77it/s, est. speed input: 1628.73 toks/s, output: 3523.94 toks/s]
Processed prompts:  44%|████▍     | 3515/8000 [05:57<09:05,  8.23it/s, est. speed input: 1628.71 toks/s, output: 3524.06 toks/s]
Processed prompts:  44%|████▍     | 3518/8000 [05:57<07:28,  9.99it/s, est. speed input: 1628.26 toks/s, output: 3525.18 toks/s]
Processed prompts:  44%|████▍     | 3520/8000 [05:58<08:18,  8.99it/s, est. speed input: 1628.98 toks/s, output: 3525.27 toks/s]
Processed prompts:  44%|████▍     | 3522/8000 [05:58<08:13,  9.08it/s, est. speed input: 1629.76 toks/s, output: 3526.01 toks/s]
Processed prompts:  44%|████▍     | 3524/8000 [05:58<07:23, 10.10it/s, est. speed input: 1630.07 toks/s, output: 3527.47 toks/s]
Processed prompts:  44%|████▍     | 3526/8000 [05:58<06:22, 11.69it/s, est. speed input: 1630.31 toks/s, output: 3529.29 toks/s]
Processed prompts:  44%|████▍     | 3528/8000 [05:58<08:47,  8.48it/s, est. speed input: 1629.29 toks/s, output: 3528.28 toks/s]
Processed prompts:  44%|████▍     | 3530/8000 [05:59<07:32,  9.88it/s, est. speed input: 1629.23 toks/s, output: 3529.84 toks/s]
Processed prompts:  44%|████▍     | 3532/8000 [05:59<07:58,  9.35it/s, est. speed input: 1629.22 toks/s, output: 3530.32 toks/s]
Processed prompts:  44%|████▍     | 3537/8000 [05:59<05:36, 13.27it/s, est. speed input: 1632.07 toks/s, output: 3535.20 toks/s]
Processed prompts:  44%|████▍     | 3539/8000 [05:59<07:53,  9.42it/s, est. speed input: 1631.24 toks/s, output: 3533.90 toks/s]
Processed prompts:  44%|████▍     | 3541/8000 [06:00<08:34,  8.67it/s, est. speed input: 1630.76 toks/s, output: 3532.89 toks/s]
Processed prompts:  44%|████▍     | 3543/8000 [06:00<07:58,  9.31it/s, est. speed input: 1631.18 toks/s, output: 3534.07 toks/s]
Processed prompts:  44%|████▍     | 3547/8000 [06:00<07:19, 10.14it/s, est. speed input: 1631.19 toks/s, output: 3536.35 toks/s]
Processed prompts:  44%|████▍     | 3552/8000 [06:01<05:37, 13.18it/s, est. speed input: 1631.82 toks/s, output: 3540.41 toks/s]
Processed prompts:  44%|████▍     | 3557/8000 [06:01<04:18, 17.16it/s, est. speed input: 1632.87 toks/s, output: 3546.04 toks/s]
Processed prompts:  44%|████▍     | 3560/8000 [06:01<05:46, 12.82it/s, est. speed input: 1633.20 toks/s, output: 3546.12 toks/s]
Processed prompts:  45%|████▍     | 3562/8000 [06:01<06:05, 12.15it/s, est. speed input: 1633.85 toks/s, output: 3546.98 toks/s]
Processed prompts:  45%|████▍     | 3565/8000 [06:01<05:44, 12.86it/s, est. speed input: 1634.89 toks/s, output: 3548.30 toks/s]
Processed prompts:  45%|████▍     | 3570/8000 [06:02<04:59, 14.80it/s, est. speed input: 1635.73 toks/s, output: 3552.78 toks/s]
Processed prompts:  45%|████▍     | 3581/8000 [06:02<02:42, 27.13it/s, est. speed input: 1640.77 toks/s, output: 3566.93 toks/s]
Processed prompts:  45%|████▌     | 3629/8000 [06:03<01:20, 54.46it/s, est. speed input: 1665.32 toks/s, output: 3628.45 toks/s]
Processed prompts:  46%|████▌     | 3661/8000 [06:04<02:08, 33.69it/s, est. speed input: 1674.14 toks/s, output: 3658.18 toks/s]
Processed prompts:  46%|████▌     | 3665/8000 [06:07<06:12, 11.64it/s, est. speed input: 1661.04 toks/s, output: 3625.72 toks/s]
Processed prompts:  46%|████▌     | 3668/8000 [06:08<06:10, 11.68it/s, est. speed input: 1661.38 toks/s, output: 3624.70 toks/s]
Processed prompts:  46%|████▌     | 3673/8000 [06:08<05:36, 12.87it/s, est. speed input: 1662.35 toks/s, output: 3623.39 toks/s]
Processed prompts:  46%|████▌     | 3683/8000 [06:08<04:17, 16.78it/s, est. speed input: 1663.95 toks/s, output: 3622.67 toks/s]
Processed prompts:  46%|████▌     | 3688/8000 [06:08<04:05, 17.56it/s, est. speed input: 1664.47 toks/s, output: 3621.99 toks/s]
Processed prompts:  46%|████▌     | 3692/8000 [06:08<03:52, 18.49it/s, est. speed input: 1665.52 toks/s, output: 3620.60 toks/s]
Processed prompts:  46%|████▌     | 3696/8000 [06:09<05:52, 12.19it/s, est. speed input: 1662.62 toks/s, output: 3615.46 toks/s]
Processed prompts:  46%|████▌     | 3699/8000 [06:09<05:27, 13.12it/s, est. speed input: 1662.97 toks/s, output: 3614.80 toks/s]
Processed prompts:  46%|████▋     | 3702/8000 [06:09<05:04, 14.12it/s, est. speed input: 1662.99 toks/s, output: 3614.04 toks/s]
Processed prompts:  46%|████▋     | 3705/8000 [06:10<05:44, 12.46it/s, est. speed input: 1662.90 toks/s, output: 3611.58 toks/s]
Processed prompts:  46%|████▋     | 3707/8000 [06:10<09:45,  7.34it/s, est. speed input: 1659.97 toks/s, output: 3604.22 toks/s]
Processed prompts:  46%|████▋     | 3709/8000 [06:11<12:34,  5.69it/s, est. speed input: 1657.79 toks/s, output: 3597.98 toks/s]
Processed prompts:  46%|████▋     | 3711/8000 [06:11<10:49,  6.60it/s, est. speed input: 1657.74 toks/s, output: 3597.68 toks/s]
Processed prompts:  46%|████▋     | 3713/8000 [06:12<10:25,  6.85it/s, est. speed input: 1658.12 toks/s, output: 3597.07 toks/s]
Processed prompts:  46%|████▋     | 3715/8000 [06:12<12:21,  5.78it/s, est. speed input: 1656.29 toks/s, output: 3592.83 toks/s]
Processed prompts:  46%|████▋     | 3717/8000 [06:12<10:55,  6.53it/s, est. speed input: 1656.64 toks/s, output: 3591.55 toks/s]
Processed prompts:  46%|████▋     | 3720/8000 [06:13<09:56,  7.17it/s, est. speed input: 1657.41 toks/s, output: 3589.16 toks/s]
Processed prompts:  47%|████▋     | 3721/8000 [06:13<09:47,  7.28it/s, est. speed input: 1657.12 toks/s, output: 3588.17 toks/s]
Processed prompts:  47%|████▋     | 3722/8000 [06:13<09:39,  7.38it/s, est. speed input: 1656.67 toks/s, output: 3587.18 toks/s]
Processed prompts:  47%|████▋     | 3723/8000 [06:13<13:54,  5.12it/s, est. speed input: 1655.49 toks/s, output: 3583.76 toks/s]
Processed prompts:  47%|████▋     | 3727/8000 [06:13<08:07,  8.76it/s, est. speed input: 1656.46 toks/s, output: 3583.21 toks/s]
Processed prompts:  47%|████▋     | 3729/8000 [06:14<11:12,  6.35it/s, est. speed input: 1655.43 toks/s, output: 3579.65 toks/s]
Processed prompts:  47%|████▋     | 3731/8000 [06:14<10:40,  6.67it/s, est. speed input: 1654.88 toks/s, output: 3577.70 toks/s]
Processed prompts:  47%|████▋     | 3733/8000 [06:15<11:15,  6.31it/s, est. speed input: 1654.20 toks/s, output: 3575.82 toks/s]
Processed prompts:  47%|████▋     | 3736/8000 [06:15<08:53,  7.99it/s, est. speed input: 1654.63 toks/s, output: 3575.70 toks/s]
Processed prompts:  47%|████▋     | 3741/8000 [06:16<10:18,  6.89it/s, est. speed input: 1653.50 toks/s, output: 3571.63 toks/s]
Processed prompts:  47%|████▋     | 3742/8000 [06:16<10:04,  7.04it/s, est. speed input: 1653.12 toks/s, output: 3571.04 toks/s]
Processed prompts:  47%|████▋     | 3745/8000 [06:16<07:40,  9.24it/s, est. speed input: 1654.30 toks/s, output: 3571.87 toks/s]
Processed prompts:  47%|████▋     | 3748/8000 [06:16<07:22,  9.60it/s, est. speed input: 1654.69 toks/s, output: 3570.56 toks/s]
Processed prompts:  47%|████▋     | 3750/8000 [06:16<07:05, 10.00it/s, est. speed input: 1654.42 toks/s, output: 3570.71 toks/s]
Processed prompts:  47%|████▋     | 3754/8000 [06:17<06:22, 11.10it/s, est. speed input: 1655.11 toks/s, output: 3570.00 toks/s]
Processed prompts:  47%|████▋     | 3756/8000 [06:17<05:49, 12.13it/s, est. speed input: 1655.25 toks/s, output: 3570.66 toks/s]
Processed prompts:  47%|████▋     | 3758/8000 [06:17<05:30, 12.83it/s, est. speed input: 1655.21 toks/s, output: 3570.21 toks/s]
Processed prompts:  47%|████▋     | 3760/8000 [06:17<05:10, 13.65it/s, est. speed input: 1656.52 toks/s, output: 3569.96 toks/s]
Processed prompts:  47%|████▋     | 3762/8000 [06:17<07:18,  9.68it/s, est. speed input: 1655.25 toks/s, output: 3567.24 toks/s]
Processed prompts:  47%|████▋     | 3764/8000 [06:18<09:07,  7.74it/s, est. speed input: 1654.19 toks/s, output: 3565.29 toks/s]
Processed prompts:  47%|████▋     | 3767/8000 [06:18<07:28,  9.45it/s, est. speed input: 1653.79 toks/s, output: 3565.26 toks/s]
Processed prompts:  47%|████▋     | 3769/8000 [06:18<07:08,  9.87it/s, est. speed input: 1653.47 toks/s, output: 3564.45 toks/s]
Processed prompts:  47%|████▋     | 3772/8000 [06:18<06:10, 11.42it/s, est. speed input: 1654.00 toks/s, output: 3564.88 toks/s]
Processed prompts:  47%|████▋     | 3774/8000 [06:19<06:38, 10.61it/s, est. speed input: 1653.39 toks/s, output: 3564.54 toks/s]
Processed prompts:  47%|████▋     | 3776/8000 [06:19<06:57, 10.11it/s, est. speed input: 1654.08 toks/s, output: 3564.25 toks/s]
Processed prompts:  47%|████▋     | 3779/8000 [06:19<06:33, 10.73it/s, est. speed input: 1653.63 toks/s, output: 3564.19 toks/s]
Processed prompts:  47%|████▋     | 3782/8000 [06:19<05:18, 13.23it/s, est. speed input: 1654.19 toks/s, output: 3565.30 toks/s]
Processed prompts:  47%|████▋     | 3784/8000 [06:19<05:07, 13.70it/s, est. speed input: 1654.65 toks/s, output: 3565.90 toks/s]
Processed prompts:  47%|████▋     | 3786/8000 [06:19<05:19, 13.19it/s, est. speed input: 1654.89 toks/s, output: 3565.29 toks/s]
Processed prompts:  47%|████▋     | 3788/8000 [06:20<05:44, 12.21it/s, est. speed input: 1654.65 toks/s, output: 3565.00 toks/s]
Processed prompts:  47%|████▋     | 3791/8000 [06:20<05:16, 13.32it/s, est. speed input: 1655.46 toks/s, output: 3565.73 toks/s]
Processed prompts:  47%|████▋     | 3794/8000 [06:20<06:31, 10.74it/s, est. speed input: 1654.95 toks/s, output: 3563.74 toks/s]
Processed prompts:  47%|████▋     | 3797/8000 [06:20<05:15, 13.31it/s, est. speed input: 1655.06 toks/s, output: 3565.23 toks/s]
Processed prompts:  47%|████▋     | 3799/8000 [06:21<07:06,  9.84it/s, est. speed input: 1654.06 toks/s, output: 3562.74 toks/s]
Processed prompts:  48%|████▊     | 3801/8000 [06:21<08:27,  8.28it/s, est. speed input: 1654.62 toks/s, output: 3561.32 toks/s]
Processed prompts:  48%|████▊     | 3803/8000 [06:21<09:20,  7.49it/s, est. speed input: 1654.37 toks/s, output: 3560.08 toks/s]
Processed prompts:  48%|████▊     | 3805/8000 [06:22<08:39,  8.07it/s, est. speed input: 1654.11 toks/s, output: 3560.14 toks/s]
Processed prompts:  48%|████▊     | 3806/8000 [06:22<09:22,  7.46it/s, est. speed input: 1653.54 toks/s, output: 3559.76 toks/s]
Processed prompts:  48%|████▊     | 3808/8000 [06:22<08:41,  8.04it/s, est. speed input: 1653.29 toks/s, output: 3559.00 toks/s]
Processed prompts:  48%|████▊     | 3809/8000 [06:22<11:00,  6.34it/s, est. speed input: 1652.09 toks/s, output: 3557.21 toks/s]
Processed prompts:  48%|████▊     | 3811/8000 [06:22<08:34,  8.14it/s, est. speed input: 1652.24 toks/s, output: 3558.09 toks/s]
Processed prompts:  48%|████▊     | 3813/8000 [06:23<07:39,  9.11it/s, est. speed input: 1652.08 toks/s, output: 3557.76 toks/s]
Processed prompts:  48%|████▊     | 3815/8000 [06:23<07:06,  9.82it/s, est. speed input: 1652.82 toks/s, output: 3557.42 toks/s]
Processed prompts:  48%|████▊     | 3817/8000 [06:23<06:23, 10.92it/s, est. speed input: 1653.65 toks/s, output: 3558.09 toks/s]
Processed prompts:  48%|████▊     | 3819/8000 [06:23<07:02,  9.89it/s, est. speed input: 1653.21 toks/s, output: 3557.12 toks/s]
Processed prompts:  48%|████▊     | 3821/8000 [06:23<07:22,  9.44it/s, est. speed input: 1653.96 toks/s, output: 3557.00 toks/s]
Processed prompts:  48%|████▊     | 3823/8000 [06:24<06:47, 10.26it/s, est. speed input: 1654.22 toks/s, output: 3557.53 toks/s]
Processed prompts:  48%|████▊     | 3825/8000 [06:24<07:11,  9.68it/s, est. speed input: 1653.67 toks/s, output: 3557.53 toks/s]
Processed prompts:  48%|████▊     | 3827/8000 [06:24<07:32,  9.23it/s, est. speed input: 1652.81 toks/s, output: 3557.97 toks/s]
Processed prompts:  48%|████▊     | 3828/8000 [06:24<08:50,  7.86it/s, est. speed input: 1652.41 toks/s, output: 3557.32 toks/s]
Processed prompts:  48%|████▊     | 3829/8000 [06:25<14:45,  4.71it/s, est. speed input: 1650.80 toks/s, output: 3552.96 toks/s]
Processed prompts:  48%|████▊     | 3830/8000 [06:25<14:22,  4.84it/s, est. speed input: 1650.46 toks/s, output: 3552.56 toks/s]
Processed prompts:  48%|████▊     | 3831/8000 [06:25<15:47,  4.40it/s, est. speed input: 1649.98 toks/s, output: 3551.20 toks/s]
Processed prompts:  48%|████▊     | 3832/8000 [06:25<16:01,  4.33it/s, est. speed input: 1649.53 toks/s, output: 3549.72 toks/s]
Processed prompts:  48%|████▊     | 3835/8000 [06:26<11:34,  5.99it/s, est. speed input: 1650.21 toks/s, output: 3549.51 toks/s]
Processed prompts:  48%|████▊     | 3836/8000 [06:26<16:10,  4.29it/s, est. speed input: 1648.54 toks/s, output: 3546.26 toks/s]
Processed prompts:  48%|████▊     | 3837/8000 [06:26<15:19,  4.53it/s, est. speed input: 1647.87 toks/s, output: 3545.96 toks/s]
Processed prompts:  48%|████▊     | 3838/8000 [06:27<14:53,  4.66it/s, est. speed input: 1647.30 toks/s, output: 3545.49 toks/s]
Processed prompts:  48%|████▊     | 3839/8000 [06:27<13:45,  5.04it/s, est. speed input: 1646.83 toks/s, output: 3545.43 toks/s]
Processed prompts:  48%|████▊     | 3840/8000 [06:27<12:41,  5.46it/s, est. speed input: 1646.47 toks/s, output: 3544.93 toks/s]
Processed prompts:  48%|████▊     | 3843/8000 [06:27<07:20,  9.43it/s, est. speed input: 1648.22 toks/s, output: 3547.31 toks/s]
Processed prompts:  48%|████▊     | 3845/8000 [06:27<09:08,  7.58it/s, est. speed input: 1647.05 toks/s, output: 3546.10 toks/s]
Processed prompts:  48%|████▊     | 3847/8000 [06:28<11:37,  5.95it/s, est. speed input: 1645.97 toks/s, output: 3544.10 toks/s]
Processed prompts:  48%|████▊     | 3849/8000 [06:28<10:11,  6.79it/s, est. speed input: 1645.28 toks/s, output: 3544.38 toks/s]
Processed prompts:  48%|████▊     | 3851/8000 [06:28<09:10,  7.54it/s, est. speed input: 1644.65 toks/s, output: 3545.18 toks/s]
Processed prompts:  48%|████▊     | 3852/8000 [06:28<08:57,  7.71it/s, est. speed input: 1644.22 toks/s, output: 3544.97 toks/s]
Processed prompts:  48%|████▊     | 3854/8000 [06:29<07:53,  8.75it/s, est. speed input: 1644.07 toks/s, output: 3545.60 toks/s]
Processed prompts:  48%|████▊     | 3855/8000 [06:29<09:31,  7.25it/s, est. speed input: 1643.87 toks/s, output: 3544.79 toks/s]
Processed prompts:  48%|████▊     | 3856/8000 [06:29<14:44,  4.68it/s, est. speed input: 1642.28 toks/s, output: 3541.71 toks/s]
Processed prompts:  48%|████▊     | 3857/8000 [06:30<14:23,  4.80it/s, est. speed input: 1641.93 toks/s, output: 3540.87 toks/s]
Processed prompts:  48%|████▊     | 3859/8000 [06:30<10:31,  6.55it/s, est. speed input: 1641.83 toks/s, output: 3541.40 toks/s]
Processed prompts:  48%|████▊     | 3860/8000 [06:30<10:15,  6.73it/s, est. speed input: 1641.33 toks/s, output: 3541.49 toks/s]
Processed prompts:  48%|████▊     | 3861/8000 [06:30<14:02,  4.91it/s, est. speed input: 1640.55 toks/s, output: 3539.40 toks/s]
Processed prompts:  48%|████▊     | 3862/8000 [06:30<13:49,  4.99it/s, est. speed input: 1639.88 toks/s, output: 3538.86 toks/s]
Processed prompts:  48%|████▊     | 3863/8000 [06:31<16:15,  4.24it/s, est. speed input: 1639.21 toks/s, output: 3537.16 toks/s]
Processed prompts:  48%|████▊     | 3866/8000 [06:31<10:39,  6.46it/s, est. speed input: 1639.27 toks/s, output: 3538.09 toks/s]
Processed prompts:  48%|████▊     | 3867/8000 [06:31<10:18,  6.68it/s, est. speed input: 1639.32 toks/s, output: 3537.87 toks/s]
Processed prompts:  48%|████▊     | 3868/8000 [06:31<10:32,  6.53it/s, est. speed input: 1639.35 toks/s, output: 3537.69 toks/s]
Processed prompts:  48%|████▊     | 3869/8000 [06:31<10:02,  6.86it/s, est. speed input: 1639.56 toks/s, output: 3537.89 toks/s]
Processed prompts:  48%|████▊     | 3873/8000 [06:32<05:38, 12.18it/s, est. speed input: 1639.56 toks/s, output: 3541.48 toks/s]
Processed prompts:  48%|████▊     | 3875/8000 [06:32<10:37,  6.47it/s, est. speed input: 1637.64 toks/s, output: 3537.85 toks/s]
Processed prompts:  48%|████▊     | 3877/8000 [06:32<09:15,  7.42it/s, est. speed input: 1638.07 toks/s, output: 3538.59 toks/s]
Processed prompts:  48%|████▊     | 3879/8000 [06:33<10:27,  6.56it/s, est. speed input: 1636.70 toks/s, output: 3537.37 toks/s]
Processed prompts:  49%|████▊     | 3881/8000 [06:33<10:32,  6.52it/s, est. speed input: 1637.82 toks/s, output: 3537.16 toks/s]
Processed prompts:  49%|████▊     | 3883/8000 [06:33<08:42,  7.87it/s, est. speed input: 1638.31 toks/s, output: 3538.34 toks/s]
Processed prompts:  49%|████▊     | 3885/8000 [06:33<07:25,  9.25it/s, est. speed input: 1637.99 toks/s, output: 3539.28 toks/s]
Processed prompts:  49%|████▊     | 3887/8000 [06:34<07:50,  8.74it/s, est. speed input: 1638.63 toks/s, output: 3539.55 toks/s]
Processed prompts:  49%|████▊     | 3890/8000 [06:34<07:14,  9.46it/s, est. speed input: 1638.63 toks/s, output: 3539.99 toks/s]
Processed prompts:  49%|████▊     | 3892/8000 [06:34<08:10,  8.37it/s, est. speed input: 1637.95 toks/s, output: 3539.55 toks/s]
Processed prompts:  49%|████▊     | 3895/8000 [06:35<09:29,  7.20it/s, est. speed input: 1637.46 toks/s, output: 3538.64 toks/s]
Processed prompts:  49%|████▊     | 3898/8000 [06:35<08:16,  8.26it/s, est. speed input: 1636.59 toks/s, output: 3540.18 toks/s]
Processed prompts:  49%|████▊     | 3899/8000 [06:35<08:16,  8.26it/s, est. speed input: 1636.48 toks/s, output: 3540.40 toks/s]
Processed prompts:  49%|████▉     | 3900/8000 [06:35<08:13,  8.30it/s, est. speed input: 1636.28 toks/s, output: 3540.64 toks/s]
Processed prompts:  49%|████▉     | 3903/8000 [06:35<06:28, 10.56it/s, est. speed input: 1636.32 toks/s, output: 3542.94 toks/s]
Processed prompts:  49%|████▉     | 3908/8000 [06:36<04:59, 13.64it/s, est. speed input: 1637.96 toks/s, output: 3545.88 toks/s]
Processed prompts:  49%|████▉     | 3910/8000 [06:36<06:29, 10.50it/s, est. speed input: 1638.57 toks/s, output: 3545.38 toks/s]
Processed prompts:  49%|████▉     | 3912/8000 [06:36<06:03, 11.24it/s, est. speed input: 1638.28 toks/s, output: 3546.65 toks/s]
Processed prompts:  49%|████▉     | 3914/8000 [06:37<09:15,  7.36it/s, est. speed input: 1636.65 toks/s, output: 3544.23 toks/s]
Processed prompts:  49%|████▉     | 3915/8000 [06:37<09:14,  7.37it/s, est. speed input: 1637.44 toks/s, output: 3544.31 toks/s]
Processed prompts:  49%|████▉     | 3916/8000 [06:37<10:05,  6.74it/s, est. speed input: 1637.04 toks/s, output: 3543.77 toks/s]
Processed prompts:  49%|████▉     | 3918/8000 [06:37<09:38,  7.05it/s, est. speed input: 1637.05 toks/s, output: 3543.22 toks/s]
Processed prompts:  49%|████▉     | 3921/8000 [06:37<07:52,  8.64it/s, est. speed input: 1637.12 toks/s, output: 3544.94 toks/s]
Processed prompts:  49%|████▉     | 3923/8000 [06:38<08:01,  8.47it/s, est. speed input: 1636.64 toks/s, output: 3545.31 toks/s]
Processed prompts:  49%|████▉     | 3924/8000 [06:38<08:33,  7.94it/s, est. speed input: 1638.30 toks/s, output: 3545.13 toks/s]
Processed prompts:  49%|████▉     | 3925/8000 [06:38<09:13,  7.36it/s, est. speed input: 1638.22 toks/s, output: 3544.85 toks/s]
Processed prompts:  49%|████▉     | 3930/8000 [06:38<06:57,  9.74it/s, est. speed input: 1638.40 toks/s, output: 3547.68 toks/s]
Processed prompts:  49%|████▉     | 3932/8000 [06:39<08:01,  8.44it/s, est. speed input: 1638.13 toks/s, output: 3547.30 toks/s]
Processed prompts:  49%|████▉     | 3935/8000 [06:39<06:27, 10.49it/s, est. speed input: 1638.14 toks/s, output: 3549.76 toks/s]
Processed prompts:  49%|████▉     | 3937/8000 [06:39<06:15, 10.83it/s, est. speed input: 1638.44 toks/s, output: 3549.87 toks/s]
Processed prompts:  49%|████▉     | 3939/8000 [06:39<05:58, 11.33it/s, est. speed input: 1638.69 toks/s, output: 3551.03 toks/s]
Processed prompts:  49%|████▉     | 3943/8000 [06:39<04:34, 14.75it/s, est. speed input: 1639.41 toks/s, output: 3554.71 toks/s]
Processed prompts:  49%|████▉     | 3945/8000 [06:40<05:57, 11.36it/s, est. speed input: 1639.06 toks/s, output: 3554.53 toks/s]
Processed prompts:  49%|████▉     | 3948/8000 [06:40<05:28, 12.33it/s, est. speed input: 1638.89 toks/s, output: 3555.53 toks/s]
Processed prompts:  49%|████▉     | 3950/8000 [06:40<05:36, 12.05it/s, est. speed input: 1639.35 toks/s, output: 3556.51 toks/s]
Processed prompts:  49%|████▉     | 3952/8000 [06:40<05:25, 12.44it/s, est. speed input: 1639.61 toks/s, output: 3557.77 toks/s]
Processed prompts:  49%|████▉     | 3957/8000 [06:41<05:00, 13.47it/s, est. speed input: 1641.46 toks/s, output: 3560.32 toks/s]
Processed prompts:  50%|████▉     | 3968/8000 [06:41<03:38, 18.43it/s, est. speed input: 1644.57 toks/s, output: 3570.35 toks/s]
Processed prompts:  50%|████▉     | 3989/8000 [06:41<02:01, 32.97it/s, est. speed input: 1653.65 toks/s, output: 3594.17 toks/s]
Processed prompts:  51%|█████     | 4045/8000 [06:43<01:35, 41.41it/s, est. speed input: 1675.48 toks/s, output: 3654.55 toks/s]
Processed prompts:  51%|█████     | 4076/8000 [06:44<02:05, 31.33it/s, est. speed input: 1686.90 toks/s, output: 3680.93 toks/s]
Processed prompts:  51%|█████     | 4080/8000 [06:48<05:49, 11.22it/s, est. speed input: 1672.63 toks/s, output: 3647.65 toks/s]
Processed prompts:  51%|█████     | 4083/8000 [06:48<05:46, 11.30it/s, est. speed input: 1672.34 toks/s, output: 3645.60 toks/s]
Processed prompts:  51%|█████     | 4098/8000 [06:48<04:12, 15.48it/s, est. speed input: 1674.84 toks/s, output: 3644.45 toks/s]
Processed prompts:  51%|█████▏    | 4107/8000 [06:48<03:40, 17.66it/s, est. speed input: 1676.00 toks/s, output: 3642.51 toks/s]
Processed prompts:  51%|█████▏    | 4113/8000 [06:49<03:20, 19.39it/s, est. speed input: 1677.55 toks/s, output: 3641.66 toks/s]
Processed prompts:  51%|█████▏    | 4117/8000 [06:49<04:35, 14.08it/s, est. speed input: 1676.28 toks/s, output: 3635.12 toks/s]
Processed prompts:  52%|█████▏    | 4120/8000 [06:50<05:10, 12.51it/s, est. speed input: 1675.66 toks/s, output: 3633.13 toks/s]
Processed prompts:  52%|█████▏    | 4123/8000 [06:51<08:04,  7.99it/s, est. speed input: 1672.69 toks/s, output: 3623.55 toks/s]
Processed prompts:  52%|█████▏    | 4125/8000 [06:51<07:38,  8.46it/s, est. speed input: 1673.27 toks/s, output: 3622.51 toks/s]
Processed prompts:  52%|█████▏    | 4127/8000 [06:51<07:31,  8.57it/s, est. speed input: 1673.28 toks/s, output: 3622.34 toks/s]
Processed prompts:  52%|█████▏    | 4129/8000 [06:52<07:52,  8.19it/s, est. speed input: 1672.31 toks/s, output: 3620.14 toks/s]
Processed prompts:  52%|█████▏    | 4131/8000 [06:52<08:59,  7.17it/s, est. speed input: 1671.70 toks/s, output: 3616.78 toks/s]
Processed prompts:  52%|█████▏    | 4134/8000 [06:52<07:07,  9.05it/s, est. speed input: 1673.10 toks/s, output: 3616.44 toks/s]
Processed prompts:  52%|█████▏    | 4136/8000 [06:52<07:27,  8.63it/s, est. speed input: 1673.28 toks/s, output: 3614.42 toks/s]
Processed prompts:  52%|█████▏    | 4138/8000 [06:53<07:27,  8.64it/s, est. speed input: 1672.88 toks/s, output: 3612.92 toks/s]
Processed prompts:  52%|█████▏    | 4140/8000 [06:53<06:39,  9.66it/s, est. speed input: 1672.71 toks/s, output: 3613.17 toks/s]
Processed prompts:  52%|█████▏    | 4143/8000 [06:53<05:28, 11.73it/s, est. speed input: 1672.78 toks/s, output: 3612.47 toks/s]
Processed prompts:  52%|█████▏    | 4147/8000 [06:53<04:08, 15.54it/s, est. speed input: 1674.53 toks/s, output: 3612.16 toks/s]
Processed prompts:  52%|█████▏    | 4149/8000 [06:53<05:44, 11.19it/s, est. speed input: 1673.49 toks/s, output: 3609.54 toks/s]
Processed prompts:  52%|█████▏    | 4151/8000 [06:54<06:55,  9.27it/s, est. speed input: 1672.41 toks/s, output: 3607.41 toks/s]
Processed prompts:  52%|█████▏    | 4155/8000 [06:54<06:01, 10.63it/s, est. speed input: 1671.98 toks/s, output: 3606.97 toks/s]
Processed prompts:  52%|█████▏    | 4157/8000 [06:54<06:29,  9.86it/s, est. speed input: 1671.35 toks/s, output: 3605.27 toks/s]
Processed prompts:  52%|█████▏    | 4159/8000 [06:55<07:25,  8.61it/s, est. speed input: 1670.40 toks/s, output: 3602.91 toks/s]
Processed prompts:  52%|█████▏    | 4161/8000 [06:55<07:39,  8.35it/s, est. speed input: 1669.58 toks/s, output: 3601.34 toks/s]
Processed prompts:  52%|█████▏    | 4163/8000 [06:55<06:57,  9.19it/s, est. speed input: 1669.62 toks/s, output: 3600.69 toks/s]
Processed prompts:  52%|█████▏    | 4165/8000 [06:55<08:31,  7.49it/s, est. speed input: 1668.89 toks/s, output: 3599.12 toks/s]
Processed prompts:  52%|█████▏    | 4168/8000 [06:56<06:39,  9.58it/s, est. speed input: 1668.77 toks/s, output: 3598.46 toks/s]
Processed prompts:  52%|█████▏    | 4170/8000 [06:56<11:02,  5.78it/s, est. speed input: 1666.36 toks/s, output: 3592.70 toks/s]
Processed prompts:  52%|█████▏    | 4172/8000 [06:56<09:03,  7.05it/s, est. speed input: 1666.79 toks/s, output: 3592.48 toks/s]
Processed prompts:  52%|█████▏    | 4175/8000 [06:57<07:14,  8.81it/s, est. speed input: 1666.36 toks/s, output: 3591.77 toks/s]
Processed prompts:  52%|█████▏    | 4177/8000 [06:57<06:22,  9.99it/s, est. speed input: 1666.46 toks/s, output: 3591.68 toks/s]
Processed prompts:  52%|█████▏    | 4179/8000 [06:57<05:38, 11.30it/s, est. speed input: 1666.35 toks/s, output: 3591.32 toks/s]
Processed prompts:  52%|█████▏    | 4181/8000 [06:57<08:00,  7.95it/s, est. speed input: 1665.63 toks/s, output: 3589.06 toks/s]
Processed prompts:  52%|█████▏    | 4184/8000 [06:57<06:11, 10.28it/s, est. speed input: 1666.49 toks/s, output: 3588.79 toks/s]
Processed prompts:  52%|█████▏    | 4186/8000 [06:58<06:34,  9.67it/s, est. speed input: 1665.97 toks/s, output: 3587.77 toks/s]
Processed prompts:  52%|█████▏    | 4188/8000 [06:58<05:48, 10.94it/s, est. speed input: 1665.86 toks/s, output: 3587.83 toks/s]
Processed prompts:  52%|█████▏    | 4190/8000 [06:58<06:28,  9.81it/s, est. speed input: 1665.63 toks/s, output: 3586.50 toks/s]
Processed prompts:  52%|█████▏    | 4192/8000 [06:58<08:03,  7.88it/s, est. speed input: 1664.97 toks/s, output: 3584.21 toks/s]
Processed prompts:  52%|█████▏    | 4194/8000 [06:59<12:17,  5.16it/s, est. speed input: 1663.01 toks/s, output: 3579.74 toks/s]
Processed prompts:  52%|█████▏    | 4197/8000 [06:59<08:52,  7.14it/s, est. speed input: 1664.30 toks/s, output: 3579.88 toks/s]
Processed prompts:  52%|█████▏    | 4199/8000 [06:59<07:28,  8.48it/s, est. speed input: 1664.20 toks/s, output: 3579.75 toks/s]
Processed prompts:  53%|█████▎    | 4201/8000 [07:00<07:51,  8.06it/s, est. speed input: 1663.43 toks/s, output: 3578.20 toks/s]
Processed prompts:  53%|█████▎    | 4203/8000 [07:00<08:02,  7.86it/s, est. speed input: 1662.95 toks/s, output: 3576.77 toks/s]
Processed prompts:  53%|█████▎    | 4207/8000 [07:00<05:19, 11.88it/s, est. speed input: 1663.37 toks/s, output: 3578.24 toks/s]
Processed prompts:  53%|█████▎    | 4209/8000 [07:00<04:48, 13.14it/s, est. speed input: 1663.79 toks/s, output: 3578.43 toks/s]
Processed prompts:  53%|█████▎    | 4211/8000 [07:01<06:25,  9.83it/s, est. speed input: 1662.94 toks/s, output: 3576.48 toks/s]
Processed prompts:  53%|█████▎    | 4213/8000 [07:01<07:06,  8.88it/s, est. speed input: 1662.62 toks/s, output: 3574.98 toks/s]
Processed prompts:  53%|█████▎    | 4215/8000 [07:01<08:51,  7.12it/s, est. speed input: 1661.36 toks/s, output: 3572.42 toks/s]
Processed prompts:  53%|█████▎    | 4218/8000 [07:02<09:42,  6.49it/s, est. speed input: 1660.16 toks/s, output: 3570.13 toks/s]
Processed prompts:  53%|█████▎    | 4220/8000 [07:02<08:17,  7.59it/s, est. speed input: 1660.21 toks/s, output: 3570.00 toks/s]
Processed prompts:  53%|█████▎    | 4222/8000 [07:02<09:16,  6.79it/s, est. speed input: 1658.96 toks/s, output: 3567.84 toks/s]
Processed prompts:  53%|█████▎    | 4224/8000 [07:03<08:35,  7.32it/s, est. speed input: 1658.40 toks/s, output: 3567.28 toks/s]
Processed prompts:  53%|█████▎    | 4228/8000 [07:03<06:11, 10.15it/s, est. speed input: 1658.96 toks/s, output: 3568.47 toks/s]
Processed prompts:  53%|█████▎    | 4230/8000 [07:03<05:51, 10.73it/s, est. speed input: 1658.60 toks/s, output: 3568.27 toks/s]
Processed prompts:  53%|█████▎    | 4232/8000 [07:03<05:59, 10.47it/s, est. speed input: 1658.68 toks/s, output: 3568.42 toks/s]
Processed prompts:  53%|█████▎    | 4236/8000 [07:03<04:51, 12.89it/s, est. speed input: 1659.68 toks/s, output: 3568.92 toks/s]
Processed prompts:  53%|█████▎    | 4239/8000 [07:04<05:37, 11.15it/s, est. speed input: 1659.71 toks/s, output: 3567.79 toks/s]
Processed prompts:  53%|█████▎    | 4241/8000 [07:04<05:42, 10.98it/s, est. speed input: 1659.23 toks/s, output: 3567.96 toks/s]
Processed prompts:  53%|█████▎    | 4244/8000 [07:04<05:41, 10.99it/s, est. speed input: 1658.81 toks/s, output: 3567.92 toks/s]
Processed prompts:  53%|█████▎    | 4246/8000 [07:05<09:28,  6.61it/s, est. speed input: 1657.02 toks/s, output: 3563.97 toks/s]
Processed prompts:  53%|█████▎    | 4248/8000 [07:05<08:36,  7.26it/s, est. speed input: 1657.34 toks/s, output: 3563.58 toks/s]
Processed prompts:  53%|█████▎    | 4251/8000 [07:05<06:52,  9.08it/s, est. speed input: 1657.38 toks/s, output: 3564.11 toks/s]
Processed prompts:  53%|█████▎    | 4253/8000 [07:06<08:15,  7.56it/s, est. speed input: 1656.47 toks/s, output: 3562.65 toks/s]
Processed prompts:  53%|█████▎    | 4255/8000 [07:06<07:17,  8.56it/s, est. speed input: 1656.42 toks/s, output: 3562.91 toks/s]
Processed prompts:  53%|█████▎    | 4257/8000 [07:06<08:58,  6.95it/s, est. speed input: 1655.32 toks/s, output: 3560.65 toks/s]
Processed prompts:  53%|█████▎    | 4258/8000 [07:06<10:15,  6.08it/s, est. speed input: 1654.39 toks/s, output: 3559.09 toks/s]
Processed prompts:  53%|█████▎    | 4259/8000 [07:07<10:57,  5.69it/s, est. speed input: 1654.03 toks/s, output: 3558.43 toks/s]
Processed prompts:  53%|█████▎    | 4260/8000 [07:07<11:04,  5.63it/s, est. speed input: 1653.90 toks/s, output: 3557.59 toks/s]
Processed prompts:  53%|█████▎    | 4262/8000 [07:07<08:15,  7.54it/s, est. speed input: 1653.87 toks/s, output: 3558.52 toks/s]
Processed prompts:  53%|█████▎    | 4264/8000 [07:07<08:15,  7.54it/s, est. speed input: 1653.16 toks/s, output: 3558.71 toks/s]
Processed prompts:  53%|█████▎    | 4265/8000 [07:07<08:03,  7.73it/s, est. speed input: 1652.99 toks/s, output: 3558.93 toks/s]
Processed prompts:  53%|█████▎    | 4267/8000 [07:08<09:22,  6.64it/s, est. speed input: 1652.00 toks/s, output: 3557.73 toks/s]
Processed prompts:  53%|█████▎    | 4268/8000 [07:08<10:32,  5.90it/s, est. speed input: 1651.37 toks/s, output: 3556.92 toks/s]
Processed prompts:  53%|█████▎    | 4269/8000 [07:08<10:46,  5.77it/s, est. speed input: 1650.76 toks/s, output: 3556.57 toks/s]
Processed prompts:  53%|█████▎    | 4271/8000 [07:08<09:42,  6.40it/s, est. speed input: 1649.95 toks/s, output: 3556.80 toks/s]
Processed prompts:  53%|█████▎    | 4273/8000 [07:09<09:29,  6.54it/s, est. speed input: 1649.02 toks/s, output: 3555.93 toks/s]
Processed prompts:  53%|█████▎    | 4274/8000 [07:09<11:38,  5.33it/s, est. speed input: 1647.96 toks/s, output: 3554.46 toks/s]
Processed prompts:  53%|█████▎    | 4275/8000 [07:09<11:28,  5.41it/s, est. speed input: 1647.60 toks/s, output: 3554.20 toks/s]
Processed prompts:  53%|█████▎    | 4276/8000 [07:09<10:46,  5.76it/s, est. speed input: 1648.08 toks/s, output: 3554.24 toks/s]
Processed prompts:  53%|█████▎    | 4277/8000 [07:10<12:26,  4.99it/s, est. speed input: 1647.80 toks/s, output: 3553.14 toks/s]
Processed prompts:  53%|█████▎    | 4278/8000 [07:10<11:19,  5.48it/s, est. speed input: 1648.25 toks/s, output: 3552.85 toks/s]
Processed prompts:  53%|█████▎    | 4279/8000 [07:10<12:07,  5.11it/s, est. speed input: 1647.62 toks/s, output: 3552.15 toks/s]
Processed prompts:  54%|█████▎    | 4282/8000 [07:10<08:11,  7.56it/s, est. speed input: 1648.19 toks/s, output: 3553.76 toks/s]
Processed prompts:  54%|█████▎    | 4283/8000 [07:10<08:25,  7.35it/s, est. speed input: 1647.69 toks/s, output: 3553.70 toks/s]
Processed prompts:  54%|█████▎    | 4285/8000 [07:11<07:19,  8.46it/s, est. speed input: 1647.92 toks/s, output: 3553.94 toks/s]
Processed prompts:  54%|█████▎    | 4287/8000 [07:11<07:06,  8.71it/s, est. speed input: 1647.88 toks/s, output: 3554.53 toks/s]
Processed prompts:  54%|█████▎    | 4289/8000 [07:11<07:29,  8.26it/s, est. speed input: 1647.55 toks/s, output: 3554.03 toks/s]
Processed prompts:  54%|█████▎    | 4291/8000 [07:12<10:27,  5.91it/s, est. speed input: 1646.61 toks/s, output: 3551.65 toks/s]
Processed prompts:  54%|█████▎    | 4293/8000 [07:12<09:57,  6.20it/s, est. speed input: 1647.42 toks/s, output: 3551.34 toks/s]
Processed prompts:  54%|█████▎    | 4294/8000 [07:12<09:40,  6.39it/s, est. speed input: 1647.15 toks/s, output: 3551.13 toks/s]
Processed prompts:  54%|█████▎    | 4295/8000 [07:12<10:53,  5.67it/s, est. speed input: 1646.80 toks/s, output: 3550.24 toks/s]
Processed prompts:  54%|█████▎    | 4296/8000 [07:12<10:59,  5.61it/s, est. speed input: 1646.44 toks/s, output: 3549.64 toks/s]
Processed prompts:  54%|█████▎    | 4298/8000 [07:13<08:34,  7.20it/s, est. speed input: 1646.55 toks/s, output: 3550.45 toks/s]
Processed prompts:  54%|█████▎    | 4299/8000 [07:13<09:16,  6.65it/s, est. speed input: 1646.13 toks/s, output: 3550.07 toks/s]
Processed prompts:  54%|█████▍    | 4300/8000 [07:13<09:22,  6.58it/s, est. speed input: 1646.15 toks/s, output: 3549.96 toks/s]
Processed prompts:  54%|█████▍    | 4302/8000 [07:13<08:52,  6.94it/s, est. speed input: 1646.80 toks/s, output: 3550.04 toks/s]
Processed prompts:  54%|█████▍    | 4303/8000 [07:13<09:41,  6.36it/s, est. speed input: 1646.65 toks/s, output: 3549.56 toks/s]
Processed prompts:  54%|█████▍    | 4304/8000 [07:14<10:00,  6.16it/s, est. speed input: 1646.11 toks/s, output: 3549.06 toks/s]
Processed prompts:  54%|█████▍    | 4305/8000 [07:14<10:59,  5.60it/s, est. speed input: 1645.63 toks/s, output: 3548.18 toks/s]
Processed prompts:  54%|█████▍    | 4307/8000 [07:14<07:48,  7.88it/s, est. speed input: 1645.69 toks/s, output: 3549.19 toks/s]
Processed prompts:  54%|█████▍    | 4308/8000 [07:14<09:35,  6.42it/s, est. speed input: 1645.53 toks/s, output: 3548.31 toks/s]
Processed prompts:  54%|█████▍    | 4310/8000 [07:14<07:17,  8.44it/s, est. speed input: 1646.52 toks/s, output: 3549.45 toks/s]
Processed prompts:  54%|█████▍    | 4312/8000 [07:15<06:38,  9.24it/s, est. speed input: 1646.01 toks/s, output: 3550.34 toks/s]
Processed prompts:  54%|█████▍    | 4317/8000 [07:15<06:14,  9.83it/s, est. speed input: 1646.28 toks/s, output: 3552.28 toks/s]
Processed prompts:  54%|█████▍    | 4319/8000 [07:15<05:37, 10.91it/s, est. speed input: 1646.99 toks/s, output: 3553.46 toks/s]
Processed prompts:  54%|█████▍    | 4321/8000 [07:15<06:55,  8.86it/s, est. speed input: 1646.73 toks/s, output: 3552.81 toks/s]
Processed prompts:  54%|█████▍    | 4323/8000 [07:16<07:47,  7.86it/s, est. speed input: 1646.10 toks/s, output: 3551.77 toks/s]
Processed prompts:  54%|█████▍    | 4324/8000 [07:16<07:33,  8.10it/s, est. speed input: 1646.22 toks/s, output: 3552.10 toks/s]
Processed prompts:  54%|█████▍    | 4327/8000 [07:16<05:35, 10.95it/s, est. speed input: 1646.39 toks/s, output: 3554.40 toks/s]
Processed prompts:  54%|█████▍    | 4329/8000 [07:16<06:12,  9.85it/s, est. speed input: 1647.22 toks/s, output: 3554.66 toks/s]
Processed prompts:  54%|█████▍    | 4331/8000 [07:17<06:33,  9.32it/s, est. speed input: 1647.39 toks/s, output: 3554.90 toks/s]
Processed prompts:  54%|█████▍    | 4333/8000 [07:17<08:57,  6.82it/s, est. speed input: 1647.14 toks/s, output: 3553.30 toks/s]
Processed prompts:  54%|█████▍    | 4334/8000 [07:17<09:45,  6.27it/s, est. speed input: 1646.41 toks/s, output: 3552.66 toks/s]
Processed prompts:  54%|█████▍    | 4337/8000 [07:18<07:49,  7.80it/s, est. speed input: 1646.24 toks/s, output: 3553.99 toks/s]
Processed prompts:  54%|█████▍    | 4341/8000 [07:18<06:27,  9.43it/s, est. speed input: 1646.76 toks/s, output: 3555.36 toks/s]
Processed prompts:  54%|█████▍    | 4343/8000 [07:18<07:12,  8.46it/s, est. speed input: 1646.15 toks/s, output: 3555.16 toks/s]
Processed prompts:  54%|█████▍    | 4345/8000 [07:18<06:17,  9.67it/s, est. speed input: 1647.17 toks/s, output: 3556.46 toks/s]
Processed prompts:  54%|█████▍    | 4347/8000 [07:18<06:23,  9.53it/s, est. speed input: 1647.18 toks/s, output: 3557.02 toks/s]
Processed prompts:  54%|█████▍    | 4352/8000 [07:19<04:24, 13.80it/s, est. speed input: 1648.34 toks/s, output: 3559.51 toks/s]
Processed prompts:  54%|█████▍    | 4354/8000 [07:19<05:37, 10.81it/s, est. speed input: 1648.44 toks/s, output: 3559.18 toks/s]
Processed prompts:  54%|█████▍    | 4356/8000 [07:19<05:43, 10.61it/s, est. speed input: 1648.68 toks/s, output: 3559.84 toks/s]
Processed prompts:  55%|█████▍    | 4360/8000 [07:20<05:56, 10.20it/s, est. speed input: 1649.51 toks/s, output: 3561.14 toks/s]
Processed prompts:  55%|█████▍    | 4363/8000 [07:20<05:07, 11.85it/s, est. speed input: 1649.26 toks/s, output: 3563.34 toks/s]
Processed prompts:  55%|█████▍    | 4366/8000 [07:20<04:22, 13.84it/s, est. speed input: 1650.45 toks/s, output: 3565.20 toks/s]
Processed prompts:  55%|█████▍    | 4368/8000 [07:20<05:03, 11.96it/s, est. speed input: 1649.74 toks/s, output: 3565.01 toks/s]
Processed prompts:  55%|█████▍    | 4370/8000 [07:20<05:53, 10.27it/s, est. speed input: 1649.35 toks/s, output: 3565.06 toks/s]
Processed prompts:  55%|█████▍    | 4373/8000 [07:21<06:23,  9.45it/s, est. speed input: 1649.29 toks/s, output: 3565.58 toks/s]
Processed prompts:  55%|█████▌    | 4432/8000 [07:21<01:10, 50.79it/s, est. speed input: 1672.95 toks/s, output: 3628.84 toks/s]
Processed prompts:  56%|█████▌    | 4486/8000 [07:23<01:21, 43.17it/s, est. speed input: 1690.26 toks/s, output: 3679.66 toks/s]
Processed prompts:  56%|█████▌    | 4498/8000 [07:26<03:12, 18.24it/s, est. speed input: 1684.66 toks/s, output: 3668.73 toks/s]
Processed prompts:  56%|█████▋    | 4501/8000 [07:28<05:26, 10.73it/s, est. speed input: 1676.42 toks/s, output: 3649.09 toks/s]
Processed prompts:  56%|█████▋    | 4503/8000 [07:28<05:27, 10.69it/s, est. speed input: 1675.96 toks/s, output: 3647.74 toks/s]
Processed prompts:  56%|█████▋    | 4510/8000 [07:29<04:40, 12.44it/s, est. speed input: 1676.94 toks/s, output: 3647.69 toks/s]
Processed prompts:  56%|█████▋    | 4515/8000 [07:29<04:12, 13.79it/s, est. speed input: 1677.34 toks/s, output: 3646.93 toks/s]
Processed prompts:  57%|█████▋    | 4524/8000 [07:29<03:24, 16.96it/s, est. speed input: 1678.30 toks/s, output: 3645.25 toks/s]
Processed prompts:  57%|█████▋    | 4528/8000 [07:29<04:07, 14.05it/s, est. speed input: 1676.77 toks/s, output: 3642.05 toks/s]
Processed prompts:  57%|█████▋    | 4531/8000 [07:30<04:46, 12.12it/s, est. speed input: 1675.45 toks/s, output: 3640.08 toks/s]
Processed prompts:  57%|█████▋    | 4533/8000 [07:30<05:42, 10.11it/s, est. speed input: 1674.22 toks/s, output: 3637.77 toks/s]
Processed prompts:  57%|█████▋    | 4535/8000 [07:31<06:40,  8.65it/s, est. speed input: 1673.21 toks/s, output: 3635.05 toks/s]
Processed prompts:  57%|█████▋    | 4537/8000 [07:31<07:17,  7.92it/s, est. speed input: 1672.90 toks/s, output: 3632.38 toks/s]
Processed prompts:  57%|█████▋    | 4538/8000 [07:31<07:47,  7.41it/s, est. speed input: 1672.99 toks/s, output: 3630.83 toks/s]
Processed prompts:  57%|█████▋    | 4539/8000 [07:32<08:19,  6.93it/s, est. speed input: 1673.20 toks/s, output: 3630.33 toks/s]
Processed prompts:  57%|█████▋    | 4540/8000 [07:32<09:09,  6.30it/s, est. speed input: 1672.48 toks/s, output: 3628.70 toks/s]
Processed prompts:  57%|█████▋    | 4543/8000 [07:32<06:27,  8.92it/s, est. speed input: 1672.82 toks/s, output: 3628.29 toks/s]
Processed prompts:  57%|█████▋    | 4546/8000 [07:32<05:20, 10.78it/s, est. speed input: 1672.58 toks/s, output: 3627.24 toks/s]
Processed prompts:  57%|█████▋    | 4548/8000 [07:33<08:57,  6.42it/s, est. speed input: 1670.47 toks/s, output: 3623.16 toks/s]
Processed prompts:  57%|█████▋    | 4549/8000 [07:33<11:00,  5.22it/s, est. speed input: 1669.54 toks/s, output: 3620.25 toks/s]
Processed prompts:  57%|█████▋    | 4550/8000 [07:33<11:00,  5.22it/s, est. speed input: 1669.05 toks/s, output: 3618.96 toks/s]
Processed prompts:  57%|█████▋    | 4551/8000 [07:34<12:39,  4.54it/s, est. speed input: 1668.59 toks/s, output: 3617.46 toks/s]
Processed prompts:  57%|█████▋    | 4553/8000 [07:34<09:51,  5.83it/s, est. speed input: 1668.19 toks/s, output: 3616.70 toks/s]
Processed prompts:  57%|█████▋    | 4554/8000 [07:34<09:24,  6.11it/s, est. speed input: 1668.13 toks/s, output: 3615.81 toks/s]
Processed prompts:  57%|█████▋    | 4556/8000 [07:34<07:15,  7.90it/s, est. speed input: 1668.44 toks/s, output: 3615.66 toks/s]
Processed prompts:  57%|█████▋    | 4557/8000 [07:34<07:17,  7.87it/s, est. speed input: 1668.11 toks/s, output: 3614.92 toks/s]
Processed prompts:  57%|█████▋    | 4558/8000 [07:34<08:07,  7.07it/s, est. speed input: 1667.55 toks/s, output: 3613.62 toks/s]
Processed prompts:  57%|█████▋    | 4559/8000 [07:35<09:39,  5.94it/s, est. speed input: 1666.91 toks/s, output: 3611.87 toks/s]
Processed prompts:  57%|█████▋    | 4561/8000 [07:35<07:07,  8.04it/s, est. speed input: 1666.68 toks/s, output: 3611.34 toks/s]
Processed prompts:  57%|█████▋    | 4562/8000 [07:35<07:52,  7.27it/s, est. speed input: 1666.28 toks/s, output: 3610.19 toks/s]
Processed prompts:  57%|█████▋    | 4566/8000 [07:35<04:24, 12.98it/s, est. speed input: 1666.56 toks/s, output: 3610.30 toks/s]
Processed prompts:  57%|█████▋    | 4568/8000 [07:35<05:11, 11.02it/s, est. speed input: 1666.54 toks/s, output: 3609.68 toks/s]
Processed prompts:  57%|█████▋    | 4571/8000 [07:36<04:26, 12.84it/s, est. speed input: 1666.49 toks/s, output: 3609.21 toks/s]
Processed prompts:  57%|█████▋    | 4573/8000 [07:36<04:46, 11.97it/s, est. speed input: 1666.45 toks/s, output: 3608.41 toks/s]
Processed prompts:  57%|█████▋    | 4575/8000 [07:36<04:51, 11.76it/s, est. speed input: 1666.02 toks/s, output: 3607.56 toks/s]
Processed prompts:  57%|█████▋    | 4580/8000 [07:36<03:30, 16.28it/s, est. speed input: 1666.65 toks/s, output: 3607.34 toks/s]
Processed prompts:  57%|█████▋    | 4582/8000 [07:36<03:50, 14.80it/s, est. speed input: 1666.15 toks/s, output: 3607.31 toks/s]
Processed prompts:  57%|█████▋    | 4585/8000 [07:37<04:15, 13.34it/s, est. speed input: 1665.67 toks/s, output: 3605.97 toks/s]
Processed prompts:  57%|█████▋    | 4587/8000 [07:37<04:25, 12.84it/s, est. speed input: 1665.47 toks/s, output: 3605.40 toks/s]
Processed prompts:  57%|█████▋    | 4589/8000 [07:37<04:11, 13.57it/s, est. speed input: 1665.56 toks/s, output: 3605.32 toks/s]
Processed prompts:  57%|█████▋    | 4591/8000 [07:37<04:06, 13.80it/s, est. speed input: 1665.63 toks/s, output: 3604.93 toks/s]
Processed prompts:  57%|█████▋    | 4593/8000 [07:37<03:54, 14.52it/s, est. speed input: 1666.11 toks/s, output: 3604.91 toks/s]
Processed prompts:  57%|█████▋    | 4598/8000 [07:37<03:35, 15.78it/s, est. speed input: 1665.99 toks/s, output: 3605.14 toks/s]
Processed prompts:  58%|█████▊    | 4601/8000 [07:38<03:50, 14.77it/s, est. speed input: 1666.34 toks/s, output: 3604.29 toks/s]
Processed prompts:  58%|█████▊    | 4603/8000 [07:38<03:49, 14.77it/s, est. speed input: 1666.96 toks/s, output: 3603.93 toks/s]
Processed prompts:  58%|█████▊    | 4605/8000 [07:38<03:39, 15.46it/s, est. speed input: 1666.99 toks/s, output: 3603.70 toks/s]
Processed prompts:  58%|█████▊    | 4607/8000 [07:38<03:56, 14.35it/s, est. speed input: 1666.56 toks/s, output: 3603.71 toks/s]
Processed prompts:  58%|█████▊    | 4610/8000 [07:38<04:07, 13.71it/s, est. speed input: 1666.26 toks/s, output: 3603.75 toks/s]
Processed prompts:  58%|█████▊    | 4612/8000 [07:39<06:07,  9.23it/s, est. speed input: 1665.94 toks/s, output: 3601.32 toks/s]
Processed prompts:  58%|█████▊    | 4614/8000 [07:39<06:20,  8.90it/s, est. speed input: 1665.94 toks/s, output: 3600.44 toks/s]
Processed prompts:  58%|█████▊    | 4616/8000 [07:39<06:43,  8.38it/s, est. speed input: 1665.94 toks/s, output: 3599.14 toks/s]
Processed prompts:  58%|█████▊    | 4620/8000 [07:39<04:38, 12.12it/s, est. speed input: 1666.56 toks/s, output: 3599.70 toks/s]
Processed prompts:  58%|█████▊    | 4622/8000 [07:39<04:27, 12.65it/s, est. speed input: 1666.57 toks/s, output: 3599.42 toks/s]
Processed prompts:  58%|█████▊    | 4624/8000 [07:40<05:21, 10.51it/s, est. speed input: 1666.07 toks/s, output: 3598.01 toks/s]
Processed prompts:  58%|█████▊    | 4626/8000 [07:40<04:45, 11.83it/s, est. speed input: 1666.76 toks/s, output: 3598.65 toks/s]
Processed prompts:  58%|█████▊    | 4628/8000 [07:40<06:05,  9.24it/s, est. speed input: 1666.73 toks/s, output: 3597.49 toks/s]
Processed prompts:  58%|█████▊    | 4630/8000 [07:41<06:40,  8.41it/s, est. speed input: 1666.16 toks/s, output: 3596.12 toks/s]
Processed prompts:  58%|█████▊    | 4632/8000 [07:41<05:42,  9.84it/s, est. speed input: 1667.24 toks/s, output: 3596.05 toks/s]
Processed prompts:  58%|█████▊    | 4634/8000 [07:41<06:05,  9.20it/s, est. speed input: 1667.05 toks/s, output: 3595.12 toks/s]
Processed prompts:  58%|█████▊    | 4637/8000 [07:41<04:41, 11.96it/s, est. speed input: 1667.30 toks/s, output: 3595.38 toks/s]
Processed prompts:  58%|█████▊    | 4639/8000 [07:41<04:32, 12.33it/s, est. speed input: 1667.28 toks/s, output: 3595.07 toks/s]
Processed prompts:  58%|█████▊    | 4642/8000 [07:41<03:39, 15.31it/s, est. speed input: 1667.82 toks/s, output: 3596.57 toks/s]
Processed prompts:  58%|█████▊    | 4644/8000 [07:42<04:17, 13.05it/s, est. speed input: 1667.40 toks/s, output: 3595.75 toks/s]
Processed prompts:  58%|█████▊    | 4647/8000 [07:42<03:32, 15.75it/s, est. speed input: 1668.05 toks/s, output: 3596.15 toks/s]
Processed prompts:  58%|█████▊    | 4649/8000 [07:42<05:47,  9.65it/s, est. speed input: 1667.07 toks/s, output: 3593.75 toks/s]
Processed prompts:  58%|█████▊    | 4651/8000 [07:42<05:30, 10.15it/s, est. speed input: 1667.44 toks/s, output: 3594.01 toks/s]
Processed prompts:  58%|█████▊    | 4653/8000 [07:43<06:02,  9.23it/s, est. speed input: 1667.31 toks/s, output: 3592.87 toks/s]
Processed prompts:  58%|█████▊    | 4655/8000 [07:43<06:28,  8.61it/s, est. speed input: 1667.58 toks/s, output: 3592.49 toks/s]
Processed prompts:  58%|█████▊    | 4657/8000 [07:43<06:09,  9.05it/s, est. speed input: 1667.68 toks/s, output: 3591.97 toks/s]
Processed prompts:  58%|█████▊    | 4659/8000 [07:43<05:21, 10.40it/s, est. speed input: 1667.82 toks/s, output: 3592.62 toks/s]
Processed prompts:  58%|█████▊    | 4661/8000 [07:43<04:51, 11.47it/s, est. speed input: 1667.51 toks/s, output: 3593.81 toks/s]
Processed prompts:  58%|█████▊    | 4664/8000 [07:44<05:13, 10.65it/s, est. speed input: 1667.41 toks/s, output: 3593.96 toks/s]
Processed prompts:  58%|█████▊    | 4666/8000 [07:44<06:29,  8.55it/s, est. speed input: 1666.94 toks/s, output: 3592.86 toks/s]
Processed prompts:  58%|█████▊    | 4668/8000 [07:44<06:28,  8.57it/s, est. speed input: 1666.49 toks/s, output: 3592.80 toks/s]
Processed prompts:  58%|█████▊    | 4669/8000 [07:44<07:39,  7.24it/s, est. speed input: 1666.05 toks/s, output: 3591.53 toks/s]
Processed prompts:  58%|█████▊    | 4670/8000 [07:44<07:23,  7.51it/s, est. speed input: 1665.81 toks/s, output: 3591.32 toks/s]
Processed prompts:  58%|█████▊    | 4672/8000 [07:45<08:22,  6.63it/s, est. speed input: 1665.37 toks/s, output: 3590.14 toks/s]
Processed prompts:  58%|█████▊    | 4674/8000 [07:45<08:56,  6.20it/s, est. speed input: 1665.34 toks/s, output: 3588.60 toks/s]
Processed prompts:  58%|█████▊    | 4675/8000 [07:45<08:37,  6.42it/s, est. speed input: 1664.92 toks/s, output: 3588.68 toks/s]
Processed prompts:  58%|█████▊    | 4676/8000 [07:46<09:08,  6.06it/s, est. speed input: 1664.29 toks/s, output: 3587.86 toks/s]
Processed prompts:  58%|█████▊    | 4677/8000 [07:46<08:55,  6.21it/s, est. speed input: 1663.88 toks/s, output: 3587.31 toks/s]
Processed prompts:  58%|█████▊    | 4678/8000 [07:46<09:20,  5.92it/s, est. speed input: 1663.62 toks/s, output: 3586.93 toks/s]
Processed prompts:  59%|█████▊    | 4681/8000 [07:46<05:41,  9.72it/s, est. speed input: 1663.62 toks/s, output: 3588.51 toks/s]
Processed prompts:  59%|█████▊    | 4683/8000 [07:46<06:34,  8.40it/s, est. speed input: 1663.61 toks/s, output: 3587.96 toks/s]
Processed prompts:  59%|█████▊    | 4685/8000 [07:47<07:30,  7.36it/s, est. speed input: 1662.75 toks/s, output: 3586.64 toks/s]
Processed prompts:  59%|█████▊    | 4689/8000 [07:47<04:45, 11.58it/s, est. speed input: 1663.15 toks/s, output: 3588.66 toks/s]
Processed prompts:  59%|█████▊    | 4691/8000 [07:47<04:45, 11.59it/s, est. speed input: 1662.80 toks/s, output: 3589.53 toks/s]
Processed prompts:  59%|█████▊    | 4693/8000 [07:47<05:02, 10.94it/s, est. speed input: 1662.69 toks/s, output: 3589.50 toks/s]
Processed prompts:  59%|█████▊    | 4695/8000 [07:47<05:25, 10.17it/s, est. speed input: 1662.50 toks/s, output: 3589.06 toks/s]
Processed prompts:  59%|█████▊    | 4697/8000 [07:48<05:48,  9.49it/s, est. speed input: 1662.24 toks/s, output: 3589.36 toks/s]
Processed prompts:  59%|█████▊    | 4699/8000 [07:48<06:16,  8.77it/s, est. speed input: 1661.57 toks/s, output: 3589.03 toks/s]
Processed prompts:  59%|█████▉    | 4700/8000 [07:48<06:39,  8.26it/s, est. speed input: 1661.21 toks/s, output: 3588.51 toks/s]
Processed prompts:  59%|█████▉    | 4701/8000 [07:48<09:50,  5.58it/s, est. speed input: 1660.16 toks/s, output: 3586.41 toks/s]
Processed prompts:  59%|█████▉    | 4702/8000 [07:49<12:59,  4.23it/s, est. speed input: 1659.18 toks/s, output: 3584.13 toks/s]
Processed prompts:  59%|█████▉    | 4703/8000 [07:49<12:25,  4.42it/s, est. speed input: 1659.06 toks/s, output: 3583.74 toks/s]
Processed prompts:  59%|█████▉    | 4705/8000 [07:49<09:02,  6.07it/s, est. speed input: 1658.73 toks/s, output: 3584.42 toks/s]
Processed prompts:  59%|█████▉    | 4706/8000 [07:50<10:13,  5.37it/s, est. speed input: 1658.31 toks/s, output: 3583.52 toks/s]
Processed prompts:  59%|█████▉    | 4708/8000 [07:50<08:10,  6.71it/s, est. speed input: 1658.33 toks/s, output: 3583.85 toks/s]
Processed prompts:  59%|█████▉    | 4710/8000 [07:50<10:46,  5.09it/s, est. speed input: 1656.83 toks/s, output: 3581.08 toks/s]
Processed prompts:  59%|█████▉    | 4712/8000 [07:51<09:18,  5.89it/s, est. speed input: 1656.69 toks/s, output: 3581.47 toks/s]
Processed prompts:  59%|█████▉    | 4713/8000 [07:51<10:49,  5.06it/s, est. speed input: 1655.90 toks/s, output: 3580.17 toks/s]
Processed prompts:  59%|█████▉    | 4715/8000 [07:51<08:21,  6.55it/s, est. speed input: 1656.02 toks/s, output: 3581.05 toks/s]
Processed prompts:  59%|█████▉    | 4716/8000 [07:51<08:57,  6.12it/s, est. speed input: 1655.77 toks/s, output: 3580.57 toks/s]
Processed prompts:  59%|█████▉    | 4718/8000 [07:51<07:50,  6.98it/s, est. speed input: 1656.12 toks/s, output: 3581.09 toks/s]
Processed prompts:  59%|█████▉    | 4722/8000 [07:52<05:07, 10.66it/s, est. speed input: 1656.38 toks/s, output: 3583.94 toks/s]
Processed prompts:  59%|█████▉    | 4724/8000 [07:52<06:13,  8.77it/s, est. speed input: 1656.15 toks/s, output: 3583.53 toks/s]
Processed prompts:  59%|█████▉    | 4726/8000 [07:52<07:03,  7.74it/s, est. speed input: 1655.60 toks/s, output: 3583.14 toks/s]
Processed prompts:  59%|█████▉    | 4727/8000 [07:53<08:25,  6.48it/s, est. speed input: 1654.68 toks/s, output: 3582.09 toks/s]
Processed prompts:  59%|█████▉    | 4728/8000 [07:53<09:44,  5.60it/s, est. speed input: 1654.74 toks/s, output: 3581.05 toks/s]
Processed prompts:  59%|█████▉    | 4730/8000 [07:53<07:36,  7.17it/s, est. speed input: 1656.08 toks/s, output: 3582.01 toks/s]
Processed prompts:  59%|█████▉    | 4731/8000 [07:53<07:10,  7.59it/s, est. speed input: 1655.91 toks/s, output: 3581.63 toks/s]
Processed prompts:  59%|█████▉    | 4732/8000 [07:53<07:26,  7.31it/s, est. speed input: 1655.76 toks/s, output: 3581.55 toks/s]
Processed prompts:  59%|█████▉    | 4735/8000 [07:53<06:13,  8.74it/s, est. speed input: 1655.70 toks/s, output: 3582.25 toks/s]
Processed prompts:  59%|█████▉    | 4736/8000 [07:54<07:44,  7.03it/s, est. speed input: 1655.83 toks/s, output: 3581.35 toks/s]
Processed prompts:  59%|█████▉    | 4739/8000 [07:54<05:29,  9.90it/s, est. speed input: 1655.94 toks/s, output: 3583.45 toks/s]
Processed prompts:  59%|█████▉    | 4741/8000 [07:54<05:52,  9.24it/s, est. speed input: 1655.63 toks/s, output: 3583.72 toks/s]
Processed prompts:  59%|█████▉    | 4743/8000 [07:54<06:40,  8.12it/s, est. speed input: 1655.59 toks/s, output: 3583.29 toks/s]
Processed prompts:  59%|█████▉    | 4745/8000 [07:55<06:33,  8.27it/s, est. speed input: 1655.58 toks/s, output: 3582.83 toks/s]
Processed prompts:  59%|█████▉    | 4747/8000 [07:55<06:04,  8.93it/s, est. speed input: 1655.15 toks/s, output: 3583.43 toks/s]
Processed prompts:  59%|█████▉    | 4748/8000 [07:55<05:57,  9.09it/s, est. speed input: 1654.85 toks/s, output: 3583.74 toks/s]
Processed prompts:  59%|█████▉    | 4749/8000 [07:55<07:58,  6.80it/s, est. speed input: 1654.39 toks/s, output: 3582.60 toks/s]
Processed prompts:  59%|█████▉    | 4750/8000 [07:55<07:36,  7.11it/s, est. speed input: 1654.22 toks/s, output: 3582.79 toks/s]
Processed prompts:  59%|█████▉    | 4752/8000 [07:56<06:23,  8.47it/s, est. speed input: 1654.26 toks/s, output: 3583.69 toks/s]
Processed prompts:  59%|█████▉    | 4754/8000 [07:56<05:04, 10.65it/s, est. speed input: 1654.76 toks/s, output: 3584.92 toks/s]
Processed prompts:  59%|█████▉    | 4756/8000 [07:56<05:40,  9.53it/s, est. speed input: 1654.20 toks/s, output: 3584.29 toks/s]
Processed prompts:  59%|█████▉    | 4758/8000 [07:56<07:23,  7.31it/s, est. speed input: 1653.18 toks/s, output: 3582.75 toks/s]
Processed prompts:  59%|█████▉    | 4759/8000 [07:56<07:20,  7.36it/s, est. speed input: 1653.75 toks/s, output: 3582.84 toks/s]
Processed prompts:  60%|█████▉    | 4761/8000 [07:57<06:52,  7.86it/s, est. speed input: 1654.27 toks/s, output: 3583.31 toks/s]
Processed prompts:  60%|█████▉    | 4764/8000 [07:57<05:35,  9.65it/s, est. speed input: 1654.37 toks/s, output: 3584.90 toks/s]
Processed prompts:  60%|█████▉    | 4766/8000 [07:57<06:21,  8.47it/s, est. speed input: 1654.47 toks/s, output: 3584.75 toks/s]
Processed prompts:  60%|█████▉    | 4767/8000 [07:57<07:03,  7.64it/s, est. speed input: 1654.56 toks/s, output: 3584.37 toks/s]
Processed prompts:  60%|█████▉    | 4769/8000 [07:58<06:29,  8.30it/s, est. speed input: 1654.33 toks/s, output: 3585.02 toks/s]
Processed prompts:  60%|█████▉    | 4772/8000 [07:58<05:11, 10.36it/s, est. speed input: 1654.34 toks/s, output: 3586.83 toks/s]
Processed prompts:  60%|█████▉    | 4777/8000 [07:58<04:32, 11.81it/s, est. speed input: 1654.68 toks/s, output: 3588.49 toks/s]
Processed prompts:  60%|█████▉    | 4781/8000 [07:58<04:24, 12.15it/s, est. speed input: 1654.61 toks/s, output: 3590.43 toks/s]
Processed prompts:  60%|█████▉    | 4783/8000 [07:59<04:14, 12.64it/s, est. speed input: 1655.21 toks/s, output: 3591.57 toks/s]
Processed prompts:  60%|█████▉    | 4785/8000 [07:59<04:31, 11.85it/s, est. speed input: 1654.83 toks/s, output: 3592.17 toks/s]
Processed prompts:  60%|█████▉    | 4787/8000 [07:59<04:24, 12.15it/s, est. speed input: 1655.60 toks/s, output: 3593.17 toks/s]
Processed prompts:  60%|█████▉    | 4790/8000 [07:59<03:58, 13.45it/s, est. speed input: 1656.18 toks/s, output: 3595.04 toks/s]
Processed prompts:  60%|█████▉    | 4792/8000 [07:59<05:14, 10.19it/s, est. speed input: 1656.44 toks/s, output: 3594.62 toks/s]
Processed prompts:  60%|█████▉    | 4795/8000 [08:00<04:23, 12.17it/s, est. speed input: 1657.57 toks/s, output: 3596.00 toks/s]
Processed prompts:  60%|█████▉    | 4797/8000 [08:00<04:04, 13.10it/s, est. speed input: 1658.40 toks/s, output: 3597.25 toks/s]
Processed prompts:  60%|█████▉    | 4799/8000 [08:00<05:48,  9.19it/s, est. speed input: 1658.93 toks/s, output: 3596.38 toks/s]
Processed prompts:  60%|██████    | 4804/8000 [08:00<03:55, 13.55it/s, est. speed input: 1660.81 toks/s, output: 3600.34 toks/s]
Processed prompts:  60%|██████    | 4806/8000 [08:01<05:50,  9.10it/s, est. speed input: 1660.57 toks/s, output: 3598.87 toks/s]
Processed prompts:  60%|██████    | 4810/8000 [08:01<04:36, 11.53it/s, est. speed input: 1661.16 toks/s, output: 3601.63 toks/s]
Processed prompts:  60%|██████    | 4812/8000 [08:01<04:53, 10.86it/s, est. speed input: 1661.56 toks/s, output: 3602.09 toks/s]
Processed prompts:  60%|██████    | 4817/8000 [08:01<03:41, 14.35it/s, est. speed input: 1662.16 toks/s, output: 3605.89 toks/s]
Processed prompts:  60%|██████    | 4819/8000 [08:02<04:07, 12.83it/s, est. speed input: 1662.40 toks/s, output: 3606.35 toks/s]
Processed prompts:  60%|██████    | 4821/8000 [08:02<04:38, 11.42it/s, est. speed input: 1662.05 toks/s, output: 3606.65 toks/s]
Processed prompts:  61%|██████    | 4873/8000 [08:02<00:38, 81.63it/s, est. speed input: 1682.28 toks/s, output: 3660.63 toks/s]
Processed prompts:  62%|██████▏   | 4926/8000 [08:05<01:49, 28.01it/s, est. speed input: 1692.40 toks/s, output: 3695.04 toks/s]
Processed prompts:  62%|██████▏   | 4935/8000 [08:09<04:05, 12.49it/s, est. speed input: 1682.58 toks/s, output: 3667.95 toks/s]
Processed prompts:  62%|██████▏   | 4943/8000 [08:09<03:40, 13.88it/s, est. speed input: 1684.05 toks/s, output: 3666.96 toks/s]
Processed prompts:  62%|██████▏   | 4952/8000 [08:09<03:10, 16.01it/s, est. speed input: 1685.25 toks/s, output: 3665.95 toks/s]
Processed prompts:  62%|██████▏   | 4958/8000 [08:10<03:47, 13.36it/s, est. speed input: 1683.95 toks/s, output: 3660.88 toks/s]
Processed prompts:  62%|██████▏   | 4963/8000 [08:10<04:14, 11.94it/s, est. speed input: 1684.70 toks/s, output: 3656.11 toks/s]
Processed prompts:  62%|██████▏   | 4967/8000 [08:11<04:49, 10.47it/s, est. speed input: 1683.99 toks/s, output: 3652.17 toks/s]
Processed prompts:  62%|██████▏   | 4970/8000 [08:11<04:59, 10.11it/s, est. speed input: 1684.16 toks/s, output: 3649.99 toks/s]
Processed prompts:  62%|██████▏   | 4972/8000 [08:12<05:00, 10.06it/s, est. speed input: 1684.03 toks/s, output: 3648.65 toks/s]
Processed prompts:  62%|██████▏   | 4974/8000 [08:12<06:18,  7.99it/s, est. speed input: 1682.59 toks/s, output: 3645.56 toks/s]
Processed prompts:  62%|██████▏   | 4976/8000 [08:13<06:57,  7.24it/s, est. speed input: 1681.76 toks/s, output: 3643.01 toks/s]
Processed prompts:  62%|██████▏   | 4978/8000 [08:13<06:55,  7.27it/s, est. speed input: 1681.12 toks/s, output: 3641.29 toks/s]
Processed prompts:  62%|██████▏   | 4979/8000 [08:13<07:19,  6.88it/s, est. speed input: 1680.65 toks/s, output: 3639.94 toks/s]
Processed prompts:  62%|██████▏   | 4982/8000 [08:13<05:35,  8.99it/s, est. speed input: 1680.90 toks/s, output: 3639.59 toks/s]
Processed prompts:  62%|██████▏   | 4984/8000 [08:14<05:48,  8.65it/s, est. speed input: 1680.76 toks/s, output: 3638.26 toks/s]
Processed prompts:  62%|██████▏   | 4986/8000 [08:14<05:19,  9.43it/s, est. speed input: 1680.65 toks/s, output: 3637.60 toks/s]
Processed prompts:  62%|██████▏   | 4988/8000 [08:14<05:11,  9.67it/s, est. speed input: 1680.25 toks/s, output: 3636.67 toks/s]
Processed prompts:  62%|██████▏   | 4992/8000 [08:14<04:30, 11.12it/s, est. speed input: 1679.64 toks/s, output: 3636.23 toks/s]
Processed prompts:  62%|██████▏   | 4994/8000 [08:14<04:36, 10.89it/s, est. speed input: 1679.33 toks/s, output: 3635.23 toks/s]
Processed prompts:  62%|██████▏   | 4996/8000 [08:15<05:28,  9.14it/s, est. speed input: 1679.07 toks/s, output: 3633.37 toks/s]
Processed prompts:  62%|██████▏   | 4997/8000 [08:15<06:33,  7.63it/s, est. speed input: 1678.44 toks/s, output: 3631.84 toks/s]
Processed prompts:  62%|██████▏   | 4999/8000 [08:15<05:30,  9.07it/s, est. speed input: 1678.46 toks/s, output: 3631.34 toks/s]
Processed prompts:  63%|██████▎   | 5001/8000 [08:15<05:14,  9.55it/s, est. speed input: 1678.58 toks/s, output: 3630.60 toks/s]
Processed prompts:  63%|██████▎   | 5003/8000 [08:15<05:00,  9.97it/s, est. speed input: 1678.37 toks/s, output: 3630.14 toks/s]
Processed prompts:  63%|██████▎   | 5005/8000 [08:16<05:19,  9.37it/s, est. speed input: 1678.46 toks/s, output: 3629.28 toks/s]
Processed prompts:  63%|██████▎   | 5006/8000 [08:16<06:50,  7.29it/s, est. speed input: 1677.84 toks/s, output: 3627.48 toks/s]
Processed prompts:  63%|██████▎   | 5007/8000 [08:16<10:52,  4.59it/s, est. speed input: 1676.28 toks/s, output: 3623.80 toks/s]
Processed prompts:  63%|██████▎   | 5009/8000 [08:17<08:00,  6.23it/s, est. speed input: 1676.82 toks/s, output: 3623.41 toks/s]
Processed prompts:  63%|██████▎   | 5012/8000 [08:17<06:15,  7.96it/s, est. speed input: 1676.54 toks/s, output: 3623.32 toks/s]
Processed prompts:  63%|██████▎   | 5014/8000 [08:17<08:45,  5.69it/s, est. speed input: 1675.34 toks/s, output: 3619.82 toks/s]
Processed prompts:  63%|██████▎   | 5017/8000 [08:18<06:33,  7.59it/s, est. speed input: 1675.47 toks/s, output: 3619.31 toks/s]
Processed prompts:  63%|██████▎   | 5019/8000 [08:18<07:04,  7.02it/s, est. speed input: 1674.49 toks/s, output: 3617.41 toks/s]
Processed prompts:  63%|██████▎   | 5020/8000 [08:18<07:17,  6.80it/s, est. speed input: 1674.28 toks/s, output: 3617.20 toks/s]
Processed prompts:  63%|██████▎   | 5021/8000 [08:19<10:45,  4.61it/s, est. speed input: 1673.09 toks/s, output: 3613.80 toks/s]
Processed prompts:  63%|██████▎   | 5022/8000 [08:19<13:29,  3.68it/s, est. speed input: 1671.74 toks/s, output: 3610.69 toks/s]
Processed prompts:  63%|██████▎   | 5024/8000 [08:19<10:36,  4.67it/s, est. speed input: 1671.35 toks/s, output: 3609.82 toks/s]
Processed prompts:  63%|██████▎   | 5026/8000 [08:19<07:51,  6.31it/s, est. speed input: 1671.20 toks/s, output: 3609.78 toks/s]
Processed prompts:  63%|██████▎   | 5030/8000 [08:20<04:42, 10.51it/s, est. speed input: 1671.87 toks/s, output: 3610.96 toks/s]
Processed prompts:  63%|██████▎   | 5034/8000 [08:20<03:43, 13.28it/s, est. speed input: 1672.65 toks/s, output: 3611.10 toks/s]
Processed prompts:  63%|██████▎   | 5036/8000 [08:20<03:34, 13.83it/s, est. speed input: 1672.89 toks/s, output: 3610.92 toks/s]
Processed prompts:  63%|██████▎   | 5038/8000 [08:20<04:17, 11.50it/s, est. speed input: 1673.21 toks/s, output: 3609.95 toks/s]
Processed prompts:  63%|██████▎   | 5040/8000 [08:21<07:27,  6.62it/s, est. speed input: 1671.91 toks/s, output: 3606.70 toks/s]
Processed prompts:  63%|██████▎   | 5042/8000 [08:21<06:42,  7.35it/s, est. speed input: 1671.85 toks/s, output: 3606.28 toks/s]
Processed prompts:  63%|██████▎   | 5044/8000 [08:21<07:42,  6.39it/s, est. speed input: 1670.73 toks/s, output: 3604.69 toks/s]
Processed prompts:  63%|██████▎   | 5046/8000 [08:22<07:08,  6.89it/s, est. speed input: 1670.72 toks/s, output: 3604.20 toks/s]
Processed prompts:  63%|██████▎   | 5048/8000 [08:22<06:18,  7.80it/s, est. speed input: 1670.94 toks/s, output: 3603.92 toks/s]
Processed prompts:  63%|██████▎   | 5049/8000 [08:22<07:32,  6.52it/s, est. speed input: 1670.71 toks/s, output: 3602.37 toks/s]
Processed prompts:  63%|██████▎   | 5050/8000 [08:22<07:17,  6.74it/s, est. speed input: 1670.54 toks/s, output: 3601.88 toks/s]
Processed prompts:  63%|██████▎   | 5052/8000 [08:22<06:34,  7.47it/s, est. speed input: 1670.29 toks/s, output: 3601.20 toks/s]
Processed prompts:  63%|██████▎   | 5053/8000 [08:23<08:52,  5.54it/s, est. speed input: 1669.40 toks/s, output: 3599.10 toks/s]
Processed prompts:  63%|██████▎   | 5054/8000 [08:23<09:54,  4.96it/s, est. speed input: 1668.72 toks/s, output: 3597.60 toks/s]
Processed prompts:  63%|██████▎   | 5055/8000 [08:23<10:08,  4.84it/s, est. speed input: 1668.57 toks/s, output: 3596.49 toks/s]
Processed prompts:  63%|██████▎   | 5056/8000 [08:23<09:25,  5.20it/s, est. speed input: 1668.22 toks/s, output: 3595.91 toks/s]
Processed prompts:  63%|██████▎   | 5057/8000 [08:24<09:33,  5.13it/s, est. speed input: 1667.66 toks/s, output: 3595.05 toks/s]
Processed prompts:  63%|██████▎   | 5058/8000 [08:24<10:37,  4.62it/s, est. speed input: 1667.31 toks/s, output: 3593.61 toks/s]
Processed prompts:  63%|██████▎   | 5059/8000 [08:24<09:18,  5.26it/s, est. speed input: 1667.30 toks/s, output: 3593.75 toks/s]
Processed prompts:  63%|██████▎   | 5061/8000 [08:24<06:29,  7.54it/s, est. speed input: 1667.99 toks/s, output: 3593.86 toks/s]
Processed prompts:  63%|██████▎   | 5062/8000 [08:24<07:08,  6.86it/s, est. speed input: 1667.74 toks/s, output: 3593.03 toks/s]
Processed prompts:  63%|██████▎   | 5064/8000 [08:25<06:09,  7.94it/s, est. speed input: 1667.51 toks/s, output: 3593.23 toks/s]
Processed prompts:  63%|██████▎   | 5066/8000 [08:25<05:23,  9.06it/s, est. speed input: 1667.11 toks/s, output: 3593.28 toks/s]
Processed prompts:  63%|██████▎   | 5067/8000 [08:25<06:18,  7.74it/s, est. speed input: 1666.84 toks/s, output: 3592.38 toks/s]
Processed prompts:  63%|██████▎   | 5068/8000 [08:25<06:45,  7.24it/s, est. speed input: 1666.71 toks/s, output: 3591.82 toks/s]
Processed prompts:  63%|██████▎   | 5070/8000 [08:25<06:36,  7.40it/s, est. speed input: 1666.49 toks/s, output: 3591.51 toks/s]
Processed prompts:  63%|██████▎   | 5072/8000 [08:26<07:53,  6.18it/s, est. speed input: 1665.59 toks/s, output: 3590.22 toks/s]
Processed prompts:  63%|██████▎   | 5074/8000 [08:26<08:12,  5.94it/s, est. speed input: 1665.39 toks/s, output: 3589.44 toks/s]
Processed prompts:  63%|██████▎   | 5077/8000 [08:27<07:35,  6.42it/s, est. speed input: 1664.71 toks/s, output: 3588.96 toks/s]
Processed prompts:  64%|██████▎   | 5080/8000 [08:27<06:01,  8.09it/s, est. speed input: 1664.80 toks/s, output: 3589.32 toks/s]
Processed prompts:  64%|██████▎   | 5081/8000 [08:27<06:45,  7.19it/s, est. speed input: 1664.71 toks/s, output: 3588.73 toks/s]
Processed prompts:  64%|██████▎   | 5082/8000 [08:27<07:38,  6.37it/s, est. speed input: 1664.06 toks/s, output: 3588.05 toks/s]
Processed prompts:  64%|██████▎   | 5083/8000 [08:27<07:56,  6.12it/s, est. speed input: 1663.59 toks/s, output: 3587.73 toks/s]
Processed prompts:  64%|██████▎   | 5085/8000 [08:28<06:26,  7.55it/s, est. speed input: 1663.69 toks/s, output: 3588.62 toks/s]
Processed prompts:  64%|██████▎   | 5086/8000 [08:28<07:33,  6.42it/s, est. speed input: 1663.39 toks/s, output: 3587.51 toks/s]
Processed prompts:  64%|██████▎   | 5089/8000 [08:28<05:11,  9.34it/s, est. speed input: 1663.70 toks/s, output: 3589.04 toks/s]
Processed prompts:  64%|██████▎   | 5091/8000 [08:28<05:06,  9.48it/s, est. speed input: 1663.54 toks/s, output: 3588.86 toks/s]
Processed prompts:  64%|██████▎   | 5093/8000 [08:28<05:34,  8.69it/s, est. speed input: 1663.28 toks/s, output: 3588.95 toks/s]
Processed prompts:  64%|██████▎   | 5094/8000 [08:29<09:11,  5.27it/s, est. speed input: 1662.09 toks/s, output: 3586.21 toks/s]
Processed prompts:  64%|██████▎   | 5095/8000 [08:29<09:40,  5.00it/s, est. speed input: 1661.58 toks/s, output: 3585.53 toks/s]
Processed prompts:  64%|██████▎   | 5097/8000 [08:30<08:31,  5.68it/s, est. speed input: 1661.27 toks/s, output: 3585.30 toks/s]
Processed prompts:  64%|██████▎   | 5098/8000 [08:30<08:59,  5.38it/s, est. speed input: 1660.76 toks/s, output: 3584.73 toks/s]
Processed prompts:  64%|██████▎   | 5099/8000 [08:30<08:14,  5.86it/s, est. speed input: 1660.55 toks/s, output: 3584.72 toks/s]
Processed prompts:  64%|██████▍   | 5100/8000 [08:30<07:47,  6.21it/s, est. speed input: 1660.22 toks/s, output: 3584.48 toks/s]
Processed prompts:  64%|██████▍   | 5101/8000 [08:31<12:20,  3.92it/s, est. speed input: 1658.58 toks/s, output: 3581.52 toks/s]
Processed prompts:  64%|██████▍   | 5103/8000 [08:31<08:52,  5.44it/s, est. speed input: 1659.66 toks/s, output: 3582.01 toks/s]
Processed prompts:  64%|██████▍   | 5104/8000 [08:31<09:31,  5.07it/s, est. speed input: 1659.01 toks/s, output: 3581.03 toks/s]
Processed prompts:  64%|██████▍   | 5106/8000 [08:31<07:46,  6.20it/s, est. speed input: 1659.00 toks/s, output: 3581.05 toks/s]
Processed prompts:  64%|██████▍   | 5107/8000 [08:31<08:15,  5.84it/s, est. speed input: 1659.06 toks/s, output: 3580.34 toks/s]
Processed prompts:  64%|██████▍   | 5109/8000 [08:32<07:44,  6.23it/s, est. speed input: 1659.52 toks/s, output: 3580.06 toks/s]
Processed prompts:  64%|██████▍   | 5111/8000 [08:32<06:19,  7.61it/s, est. speed input: 1659.52 toks/s, output: 3580.91 toks/s]
Processed prompts:  64%|██████▍   | 5112/8000 [08:32<07:03,  6.82it/s, est. speed input: 1659.28 toks/s, output: 3580.47 toks/s]
Processed prompts:  64%|██████▍   | 5113/8000 [08:32<07:29,  6.42it/s, est. speed input: 1659.57 toks/s, output: 3580.16 toks/s]
Processed prompts:  64%|██████▍   | 5115/8000 [08:32<06:38,  7.25it/s, est. speed input: 1659.53 toks/s, output: 3580.38 toks/s]
Processed prompts:  64%|██████▍   | 5118/8000 [08:33<05:41,  8.45it/s, est. speed input: 1659.29 toks/s, output: 3581.15 toks/s]
Processed prompts:  64%|██████▍   | 5119/8000 [08:33<07:08,  6.72it/s, est. speed input: 1659.26 toks/s, output: 3580.13 toks/s]
Processed prompts:  64%|██████▍   | 5121/8000 [08:33<05:48,  8.26it/s, est. speed input: 1659.03 toks/s, output: 3581.05 toks/s]
Processed prompts:  64%|██████▍   | 5123/8000 [08:33<05:10,  9.26it/s, est. speed input: 1659.27 toks/s, output: 3581.92 toks/s]
Processed prompts:  64%|██████▍   | 5125/8000 [08:34<05:22,  8.91it/s, est. speed input: 1659.53 toks/s, output: 3582.22 toks/s]
Processed prompts:  64%|██████▍   | 5127/8000 [08:34<05:31,  8.67it/s, est. speed input: 1659.53 toks/s, output: 3582.30 toks/s]
Processed prompts:  64%|██████▍   | 5129/8000 [08:34<04:50,  9.88it/s, est. speed input: 1660.12 toks/s, output: 3583.33 toks/s]
Processed prompts:  64%|██████▍   | 5131/8000 [08:34<06:01,  7.94it/s, est. speed input: 1659.44 toks/s, output: 3582.78 toks/s]
Processed prompts:  64%|██████▍   | 5133/8000 [08:34<05:12,  9.17it/s, est. speed input: 1660.22 toks/s, output: 3583.79 toks/s]
Processed prompts:  64%|██████▍   | 5135/8000 [08:35<07:19,  6.52it/s, est. speed input: 1660.42 toks/s, output: 3582.22 toks/s]
Processed prompts:  64%|██████▍   | 5136/8000 [08:35<07:45,  6.15it/s, est. speed input: 1660.71 toks/s, output: 3581.79 toks/s]
Processed prompts:  64%|██████▍   | 5137/8000 [08:35<07:20,  6.51it/s, est. speed input: 1661.11 toks/s, output: 3581.96 toks/s]
Processed prompts:  64%|██████▍   | 5138/8000 [08:35<07:53,  6.05it/s, est. speed input: 1660.93 toks/s, output: 3581.53 toks/s]
Processed prompts:  64%|██████▍   | 5139/8000 [08:36<07:18,  6.53it/s, est. speed input: 1660.97 toks/s, output: 3581.72 toks/s]
Processed prompts:  64%|██████▍   | 5141/8000 [08:36<05:47,  8.23it/s, est. speed input: 1661.38 toks/s, output: 3582.36 toks/s]
Processed prompts:  64%|██████▍   | 5143/8000 [08:36<05:06,  9.33it/s, est. speed input: 1661.35 toks/s, output: 3583.19 toks/s]
Processed prompts:  64%|██████▍   | 5145/8000 [08:36<04:55,  9.67it/s, est. speed input: 1661.05 toks/s, output: 3583.78 toks/s]
Processed prompts:  64%|██████▍   | 5148/8000 [08:36<03:30, 13.52it/s, est. speed input: 1661.11 toks/s, output: 3586.04 toks/s]
Processed prompts:  64%|██████▍   | 5150/8000 [08:36<03:47, 12.53it/s, est. speed input: 1661.16 toks/s, output: 3586.46 toks/s]
Processed prompts:  64%|██████▍   | 5152/8000 [08:37<04:41, 10.12it/s, est. speed input: 1661.49 toks/s, output: 3586.43 toks/s]
Processed prompts:  64%|██████▍   | 5154/8000 [08:37<04:34, 10.38it/s, est. speed input: 1662.31 toks/s, output: 3587.05 toks/s]
Processed prompts:  64%|██████▍   | 5156/8000 [08:37<05:32,  8.55it/s, est. speed input: 1661.94 toks/s, output: 3586.72 toks/s]
Processed prompts:  64%|██████▍   | 5160/8000 [08:37<04:12, 11.27it/s, est. speed input: 1662.13 toks/s, output: 3589.14 toks/s]
Processed prompts:  65%|██████▍   | 5162/8000 [08:38<04:05, 11.57it/s, est. speed input: 1662.38 toks/s, output: 3589.92 toks/s]
Processed prompts:  65%|██████▍   | 5164/8000 [08:38<04:05, 11.55it/s, est. speed input: 1662.08 toks/s, output: 3590.70 toks/s]
Processed prompts:  65%|██████▍   | 5167/8000 [08:38<03:43, 12.70it/s, est. speed input: 1662.06 toks/s, output: 3592.23 toks/s]
Processed prompts:  65%|██████▍   | 5169/8000 [08:38<04:28, 10.55it/s, est. speed input: 1661.89 toks/s, output: 3592.15 toks/s]
Processed prompts:  65%|██████▍   | 5171/8000 [08:38<04:27, 10.59it/s, est. speed input: 1661.57 toks/s, output: 3592.75 toks/s]
Processed prompts:  65%|██████▍   | 5174/8000 [08:39<03:42, 12.69it/s, est. speed input: 1661.86 toks/s, output: 3594.64 toks/s]
Processed prompts:  65%|██████▍   | 5176/8000 [08:39<04:25, 10.64it/s, est. speed input: 1661.95 toks/s, output: 3594.64 toks/s]
Processed prompts:  65%|██████▍   | 5180/8000 [08:39<03:20, 14.09it/s, est. speed input: 1662.98 toks/s, output: 3596.89 toks/s]
Processed prompts:  65%|██████▍   | 5182/8000 [08:39<03:20, 14.07it/s, est. speed input: 1662.78 toks/s, output: 3597.87 toks/s]
Processed prompts:  65%|██████▍   | 5184/8000 [08:39<03:09, 14.84it/s, est. speed input: 1663.06 toks/s, output: 3599.06 toks/s]
Processed prompts:  65%|██████▍   | 5186/8000 [08:40<04:15, 11.00it/s, est. speed input: 1662.45 toks/s, output: 3598.86 toks/s]
Processed prompts:  65%|██████▍   | 5188/8000 [08:40<03:49, 12.27it/s, est. speed input: 1662.93 toks/s, output: 3600.05 toks/s]
Processed prompts:  65%|██████▍   | 5190/8000 [08:40<04:17, 10.92it/s, est. speed input: 1662.82 toks/s, output: 3599.69 toks/s]
Processed prompts:  65%|██████▍   | 5193/8000 [08:40<03:17, 14.18it/s, est. speed input: 1663.66 toks/s, output: 3600.76 toks/s]
Processed prompts:  65%|██████▍   | 5195/8000 [08:40<03:19, 14.09it/s, est. speed input: 1663.67 toks/s, output: 3600.96 toks/s]
Processed prompts:  65%|██████▍   | 5197/8000 [08:40<03:21, 13.94it/s, est. speed input: 1663.75 toks/s, output: 3601.90 toks/s]
Processed prompts:  65%|██████▍   | 5199/8000 [08:41<04:01, 11.60it/s, est. speed input: 1663.90 toks/s, output: 3602.16 toks/s]
Processed prompts:  65%|██████▌   | 5201/8000 [08:41<04:12, 11.10it/s, est. speed input: 1664.04 toks/s, output: 3602.75 toks/s]
Processed prompts:  65%|██████▌   | 5204/8000 [08:41<04:04, 11.46it/s, est. speed input: 1663.75 toks/s, output: 3603.29 toks/s]
Processed prompts:  65%|██████▌   | 5206/8000 [08:41<03:36, 12.89it/s, est. speed input: 1664.23 toks/s, output: 3604.56 toks/s]
Processed prompts:  65%|██████▌   | 5208/8000 [08:41<03:35, 12.94it/s, est. speed input: 1664.40 toks/s, output: 3604.90 toks/s]
Processed prompts:  65%|██████▌   | 5212/8000 [08:41<03:07, 14.84it/s, est. speed input: 1664.46 toks/s, output: 3607.31 toks/s]
Processed prompts:  65%|██████▌   | 5214/8000 [08:42<03:46, 12.30it/s, est. speed input: 1664.14 toks/s, output: 3607.53 toks/s]
Processed prompts:  65%|██████▌   | 5222/8000 [08:42<02:20, 19.73it/s, est. speed input: 1665.60 toks/s, output: 3613.81 toks/s]
Processed prompts:  65%|██████▌   | 5225/8000 [08:42<02:50, 16.25it/s, est. speed input: 1666.59 toks/s, output: 3614.74 toks/s]
Processed prompts:  65%|██████▌   | 5227/8000 [08:43<03:55, 11.79it/s, est. speed input: 1666.50 toks/s, output: 3614.09 toks/s]
Processed prompts:  67%|██████▋   | 5321/8000 [08:44<00:56, 47.65it/s, est. speed input: 1695.21 toks/s, output: 3694.25 toks/s]
Processed prompts:  67%|██████▋   | 5324/8000 [08:48<03:26, 12.99it/s, est. speed input: 1682.40 toks/s, output: 3665.78 toks/s]
Processed prompts:  67%|██████▋   | 5327/8000 [08:48<03:22, 13.21it/s, est. speed input: 1682.37 toks/s, output: 3664.80 toks/s]
Processed prompts:  67%|██████▋   | 5330/8000 [08:49<03:17, 13.51it/s, est. speed input: 1682.30 toks/s, output: 3663.85 toks/s]
Processed prompts:  67%|██████▋   | 5334/8000 [08:49<03:05, 14.34it/s, est. speed input: 1683.26 toks/s, output: 3663.79 toks/s]
Processed prompts:  67%|██████▋   | 5337/8000 [08:49<03:13, 13.80it/s, est. speed input: 1682.69 toks/s, output: 3662.18 toks/s]
Processed prompts:  67%|██████▋   | 5340/8000 [08:50<04:37,  9.57it/s, est. speed input: 1680.26 toks/s, output: 3656.65 toks/s]
Processed prompts:  67%|██████▋   | 5342/8000 [08:51<06:20,  6.98it/s, est. speed input: 1678.01 toks/s, output: 3651.73 toks/s]
Processed prompts:  67%|██████▋   | 5344/8000 [08:52<08:06,  5.46it/s, est. speed input: 1676.20 toks/s, output: 3646.47 toks/s]
Processed prompts:  67%|██████▋   | 5345/8000 [08:52<09:00,  4.91it/s, est. speed input: 1675.22 toks/s, output: 3644.02 toks/s]
Processed prompts:  67%|██████▋   | 5346/8000 [08:52<09:21,  4.72it/s, est. speed input: 1674.43 toks/s, output: 3642.27 toks/s]
Processed prompts:  67%|██████▋   | 5347/8000 [08:53<10:30,  4.20it/s, est. speed input: 1673.42 toks/s, output: 3639.72 toks/s]
Processed prompts:  67%|██████▋   | 5349/8000 [08:53<08:15,  5.35it/s, est. speed input: 1673.12 toks/s, output: 3639.45 toks/s]
Processed prompts:  67%|██████▋   | 5352/8000 [08:54<09:57,  4.43it/s, est. speed input: 1671.11 toks/s, output: 3634.72 toks/s]
Processed prompts:  67%|██████▋   | 5355/8000 [08:54<07:12,  6.12it/s, est. speed input: 1671.18 toks/s, output: 3634.35 toks/s]
Processed prompts:  67%|██████▋   | 5360/8000 [08:54<05:18,  8.29it/s, est. speed input: 1671.34 toks/s, output: 3632.92 toks/s]
Processed prompts:  67%|██████▋   | 5362/8000 [08:54<05:01,  8.74it/s, est. speed input: 1671.39 toks/s, output: 3632.38 toks/s]
Processed prompts:  67%|██████▋   | 5364/8000 [08:55<05:09,  8.52it/s, est. speed input: 1671.33 toks/s, output: 3632.02 toks/s]
Processed prompts:  67%|██████▋   | 5366/8000 [08:55<04:56,  8.88it/s, est. speed input: 1671.00 toks/s, output: 3631.27 toks/s]
Processed prompts:  67%|██████▋   | 5368/8000 [08:55<05:23,  8.14it/s, est. speed input: 1670.15 toks/s, output: 3630.36 toks/s]
Processed prompts:  67%|██████▋   | 5369/8000 [08:55<05:21,  8.19it/s, est. speed input: 1670.39 toks/s, output: 3630.22 toks/s]
Processed prompts:  67%|██████▋   | 5370/8000 [08:55<05:25,  8.07it/s, est. speed input: 1670.28 toks/s, output: 3629.82 toks/s]
Processed prompts:  67%|██████▋   | 5371/8000 [08:56<07:00,  6.26it/s, est. speed input: 1669.45 toks/s, output: 3628.16 toks/s]
Processed prompts:  67%|██████▋   | 5373/8000 [08:56<06:21,  6.88it/s, est. speed input: 1668.92 toks/s, output: 3626.95 toks/s]
Processed prompts:  67%|██████▋   | 5378/8000 [08:56<05:13,  8.37it/s, est. speed input: 1668.74 toks/s, output: 3625.78 toks/s]
Processed prompts:  67%|██████▋   | 5379/8000 [08:57<05:12,  8.39it/s, est. speed input: 1668.55 toks/s, output: 3625.22 toks/s]
Processed prompts:  67%|██████▋   | 5380/8000 [08:57<05:36,  7.79it/s, est. speed input: 1668.24 toks/s, output: 3624.30 toks/s]
Processed prompts:  67%|██████▋   | 5381/8000 [08:57<05:30,  7.92it/s, est. speed input: 1667.97 toks/s, output: 3623.80 toks/s]
Processed prompts:  67%|██████▋   | 5382/8000 [08:57<05:26,  8.02it/s, est. speed input: 1667.72 toks/s, output: 3623.55 toks/s]
Processed prompts:  67%|██████▋   | 5384/8000 [08:57<04:49,  9.05it/s, est. speed input: 1667.58 toks/s, output: 3622.99 toks/s]
Processed prompts:  67%|██████▋   | 5387/8000 [08:57<03:32, 12.27it/s, est. speed input: 1667.57 toks/s, output: 3623.56 toks/s]
Processed prompts:  67%|██████▋   | 5390/8000 [08:57<02:52, 15.11it/s, est. speed input: 1668.55 toks/s, output: 3623.61 toks/s]
Processed prompts:  67%|██████▋   | 5392/8000 [08:58<03:29, 12.44it/s, est. speed input: 1668.26 toks/s, output: 3622.55 toks/s]
Processed prompts:  67%|██████▋   | 5394/8000 [08:58<04:16, 10.16it/s, est. speed input: 1668.53 toks/s, output: 3621.84 toks/s]
Processed prompts:  67%|██████▋   | 5396/8000 [08:58<04:28,  9.70it/s, est. speed input: 1668.46 toks/s, output: 3621.01 toks/s]
Processed prompts:  67%|██████▋   | 5398/8000 [08:58<04:55,  8.81it/s, est. speed input: 1668.40 toks/s, output: 3619.72 toks/s]
Processed prompts:  68%|██████▊   | 5401/8000 [08:59<04:42,  9.21it/s, est. speed input: 1668.31 toks/s, output: 3619.27 toks/s]
Processed prompts:  68%|██████▊   | 5406/8000 [08:59<03:46, 11.44it/s, est. speed input: 1668.16 toks/s, output: 3619.70 toks/s]
Processed prompts:  68%|██████▊   | 5410/8000 [09:00<04:07, 10.47it/s, est. speed input: 1667.70 toks/s, output: 3619.24 toks/s]
Processed prompts:  68%|██████▊   | 5412/8000 [09:00<03:46, 11.44it/s, est. speed input: 1667.60 toks/s, output: 3619.13 toks/s]
Processed prompts:  68%|██████▊   | 5415/8000 [09:00<03:33, 12.10it/s, est. speed input: 1668.02 toks/s, output: 3619.37 toks/s]
Processed prompts:  68%|██████▊   | 5417/8000 [09:00<03:44, 11.49it/s, est. speed input: 1668.17 toks/s, output: 3619.44 toks/s]
Processed prompts:  68%|██████▊   | 5419/8000 [09:00<04:56,  8.71it/s, est. speed input: 1667.71 toks/s, output: 3618.22 toks/s]
Processed prompts:  68%|██████▊   | 5421/8000 [09:01<04:47,  8.98it/s, est. speed input: 1668.26 toks/s, output: 3618.16 toks/s]
Processed prompts:  68%|██████▊   | 5423/8000 [09:01<05:05,  8.44it/s, est. speed input: 1667.75 toks/s, output: 3617.02 toks/s]
Processed prompts:  68%|██████▊   | 5425/8000 [09:01<04:17,  9.98it/s, est. speed input: 1668.42 toks/s, output: 3617.03 toks/s]
Processed prompts:  68%|██████▊   | 5427/8000 [09:01<04:57,  8.65it/s, est. speed input: 1667.92 toks/s, output: 3616.26 toks/s]
Processed prompts:  68%|██████▊   | 5429/8000 [09:02<07:22,  5.81it/s, est. speed input: 1666.74 toks/s, output: 3612.90 toks/s]
Processed prompts:  68%|██████▊   | 5430/8000 [09:02<08:09,  5.25it/s, est. speed input: 1666.00 toks/s, output: 3611.98 toks/s]
Processed prompts:  68%|██████▊   | 5431/8000 [09:02<08:27,  5.06it/s, est. speed input: 1665.53 toks/s, output: 3611.00 toks/s]
Processed prompts:  68%|██████▊   | 5432/8000 [09:03<07:35,  5.64it/s, est. speed input: 1665.26 toks/s, output: 3610.80 toks/s]
Processed prompts:  68%|██████▊   | 5433/8000 [09:03<06:48,  6.28it/s, est. speed input: 1665.47 toks/s, output: 3611.07 toks/s]
Processed prompts:  68%|██████▊   | 5435/8000 [09:03<06:36,  6.46it/s, est. speed input: 1664.99 toks/s, output: 3610.45 toks/s]
Processed prompts:  68%|██████▊   | 5437/8000 [09:03<06:26,  6.63it/s, est. speed input: 1664.58 toks/s, output: 3609.90 toks/s]
Processed prompts:  68%|██████▊   | 5438/8000 [09:03<06:15,  6.83it/s, est. speed input: 1665.21 toks/s, output: 3609.46 toks/s]
Processed prompts:  68%|██████▊   | 5439/8000 [09:04<06:27,  6.61it/s, est. speed input: 1665.07 toks/s, output: 3608.80 toks/s]
Processed prompts:  68%|██████▊   | 5441/8000 [09:04<07:09,  5.95it/s, est. speed input: 1664.80 toks/s, output: 3607.74 toks/s]
Processed prompts:  68%|██████▊   | 5443/8000 [09:04<06:44,  6.32it/s, est. speed input: 1664.22 toks/s, output: 3607.04 toks/s]
Processed prompts:  68%|██████▊   | 5445/8000 [09:04<05:39,  7.52it/s, est. speed input: 1664.46 toks/s, output: 3606.84 toks/s]
Processed prompts:  68%|██████▊   | 5446/8000 [09:04<05:26,  7.83it/s, est. speed input: 1664.36 toks/s, output: 3607.07 toks/s]
Processed prompts:  68%|██████▊   | 5447/8000 [09:05<06:18,  6.74it/s, est. speed input: 1663.77 toks/s, output: 3606.54 toks/s]
Processed prompts:  68%|██████▊   | 5449/8000 [09:05<09:50,  4.32it/s, est. speed input: 1661.68 toks/s, output: 3602.70 toks/s]
Processed prompts:  68%|██████▊   | 5450/8000 [09:06<09:28,  4.49it/s, est. speed input: 1661.31 toks/s, output: 3601.94 toks/s]
Processed prompts:  68%|██████▊   | 5451/8000 [09:06<09:08,  4.64it/s, est. speed input: 1660.84 toks/s, output: 3601.62 toks/s]
Processed prompts:  68%|██████▊   | 5452/8000 [09:06<08:06,  5.24it/s, est. speed input: 1660.88 toks/s, output: 3601.78 toks/s]
Processed prompts:  68%|██████▊   | 5453/8000 [09:06<08:25,  5.03it/s, est. speed input: 1660.77 toks/s, output: 3600.91 toks/s]
Processed prompts:  68%|██████▊   | 5454/8000 [09:06<08:08,  5.21it/s, est. speed input: 1660.75 toks/s, output: 3600.70 toks/s]
Processed prompts:  68%|██████▊   | 5455/8000 [09:07<08:01,  5.29it/s, est. speed input: 1660.30 toks/s, output: 3600.18 toks/s]
Processed prompts:  68%|██████▊   | 5459/8000 [09:07<05:07,  8.27it/s, est. speed input: 1661.25 toks/s, output: 3601.04 toks/s]
Processed prompts:  68%|██████▊   | 5461/8000 [09:07<04:22,  9.69it/s, est. speed input: 1661.56 toks/s, output: 3601.68 toks/s]
Processed prompts:  68%|██████▊   | 5463/8000 [09:07<05:15,  8.04it/s, est. speed input: 1660.97 toks/s, output: 3601.28 toks/s]
Processed prompts:  68%|██████▊   | 5466/8000 [09:08<04:26,  9.51it/s, est. speed input: 1660.81 toks/s, output: 3602.21 toks/s]
Processed prompts:  68%|██████▊   | 5468/8000 [09:08<05:04,  8.31it/s, est. speed input: 1661.14 toks/s, output: 3601.59 toks/s]
Processed prompts:  68%|██████▊   | 5470/8000 [09:08<04:40,  9.02it/s, est. speed input: 1661.24 toks/s, output: 3602.32 toks/s]
Processed prompts:  68%|██████▊   | 5471/8000 [09:08<05:55,  7.11it/s, est. speed input: 1660.79 toks/s, output: 3601.35 toks/s]
Processed prompts:  68%|██████▊   | 5472/8000 [09:09<08:32,  4.93it/s, est. speed input: 1659.58 toks/s, output: 3598.90 toks/s]
Processed prompts:  68%|██████▊   | 5474/8000 [09:09<06:32,  6.44it/s, est. speed input: 1660.27 toks/s, output: 3599.75 toks/s]
Processed prompts:  68%|██████▊   | 5476/8000 [09:09<06:27,  6.51it/s, est. speed input: 1659.98 toks/s, output: 3599.64 toks/s]
Processed prompts:  68%|██████▊   | 5477/8000 [09:09<07:24,  5.68it/s, est. speed input: 1659.21 toks/s, output: 3598.81 toks/s]
Processed prompts:  68%|██████▊   | 5479/8000 [09:10<07:10,  5.85it/s, est. speed input: 1658.52 toks/s, output: 3598.43 toks/s]
Processed prompts:  69%|██████▊   | 5483/8000 [09:10<04:17,  9.78it/s, est. speed input: 1658.48 toks/s, output: 3601.05 toks/s]
Processed prompts:  69%|██████▊   | 5485/8000 [09:10<04:30,  9.30it/s, est. speed input: 1658.22 toks/s, output: 3601.31 toks/s]
Processed prompts:  69%|██████▊   | 5487/8000 [09:10<04:09, 10.05it/s, est. speed input: 1657.86 toks/s, output: 3601.93 toks/s]
Processed prompts:  69%|██████▊   | 5489/8000 [09:11<04:21,  9.59it/s, est. speed input: 1658.04 toks/s, output: 3601.97 toks/s]
Processed prompts:  69%|██████▊   | 5491/8000 [09:11<04:29,  9.32it/s, est. speed input: 1658.83 toks/s, output: 3602.30 toks/s]
Processed prompts:  69%|██████▊   | 5496/8000 [09:11<03:39, 11.43it/s, est. speed input: 1660.13 toks/s, output: 3603.72 toks/s]
Processed prompts:  69%|██████▊   | 5498/8000 [09:12<06:14,  6.68it/s, est. speed input: 1658.62 toks/s, output: 3600.55 toks/s]
Processed prompts:  69%|██████▉   | 5500/8000 [09:12<05:24,  7.70it/s, est. speed input: 1658.69 toks/s, output: 3601.07 toks/s]
Processed prompts:  69%|██████▉   | 5502/8000 [09:12<06:08,  6.78it/s, est. speed input: 1657.83 toks/s, output: 3600.34 toks/s]
Processed prompts:  69%|██████▉   | 5504/8000 [09:13<06:29,  6.41it/s, est. speed input: 1657.63 toks/s, output: 3599.87 toks/s]
Processed prompts:  69%|██████▉   | 5506/8000 [09:13<05:58,  6.95it/s, est. speed input: 1657.79 toks/s, output: 3600.25 toks/s]
Processed prompts:  69%|██████▉   | 5508/8000 [09:13<05:06,  8.14it/s, est. speed input: 1657.89 toks/s, output: 3601.19 toks/s]
Processed prompts:  69%|██████▉   | 5510/8000 [09:13<05:12,  7.97it/s, est. speed input: 1658.09 toks/s, output: 3601.32 toks/s]
Processed prompts:  69%|██████▉   | 5513/8000 [09:14<05:41,  7.29it/s, est. speed input: 1657.22 toks/s, output: 3600.84 toks/s]
Processed prompts:  69%|██████▉   | 5516/8000 [09:14<05:13,  7.93it/s, est. speed input: 1657.26 toks/s, output: 3601.56 toks/s]
Processed prompts:  69%|██████▉   | 5517/8000 [09:14<05:09,  8.03it/s, est. speed input: 1657.09 toks/s, output: 3601.73 toks/s]
Processed prompts:  69%|██████▉   | 5519/8000 [09:15<06:05,  6.78it/s, est. speed input: 1656.78 toks/s, output: 3600.94 toks/s]
Processed prompts:  69%|██████▉   | 5523/8000 [09:15<04:53,  8.43it/s, est. speed input: 1656.14 toks/s, output: 3602.45 toks/s]
Processed prompts:  69%|██████▉   | 5525/8000 [09:15<04:36,  8.95it/s, est. speed input: 1655.91 toks/s, output: 3602.94 toks/s]
Processed prompts:  69%|██████▉   | 5527/8000 [09:15<04:33,  9.03it/s, est. speed input: 1656.14 toks/s, output: 3603.22 toks/s]
Processed prompts:  69%|██████▉   | 5530/8000 [09:16<04:32,  9.08it/s, est. speed input: 1656.10 toks/s, output: 3603.69 toks/s]
Processed prompts:  69%|██████▉   | 5532/8000 [09:16<04:59,  8.24it/s, est. speed input: 1655.72 toks/s, output: 3603.54 toks/s]
Processed prompts:  69%|██████▉   | 5534/8000 [09:16<05:26,  7.54it/s, est. speed input: 1655.78 toks/s, output: 3603.26 toks/s]
Processed prompts:  69%|██████▉   | 5536/8000 [09:17<04:50,  8.48it/s, est. speed input: 1655.99 toks/s, output: 3603.34 toks/s]
Processed prompts:  69%|██████▉   | 5537/8000 [09:17<05:15,  7.82it/s, est. speed input: 1656.02 toks/s, output: 3603.11 toks/s]
Processed prompts:  69%|██████▉   | 5538/8000 [09:17<05:42,  7.19it/s, est. speed input: 1655.57 toks/s, output: 3602.82 toks/s]
Processed prompts:  69%|██████▉   | 5540/8000 [09:17<04:31,  9.07it/s, est. speed input: 1656.08 toks/s, output: 3603.79 toks/s]
Processed prompts:  69%|██████▉   | 5542/8000 [09:17<04:21,  9.40it/s, est. speed input: 1656.34 toks/s, output: 3604.35 toks/s]
Processed prompts:  69%|██████▉   | 5544/8000 [09:18<04:37,  8.84it/s, est. speed input: 1655.85 toks/s, output: 3604.54 toks/s]
Processed prompts:  69%|██████▉   | 5545/8000 [09:18<05:49,  7.01it/s, est. speed input: 1655.91 toks/s, output: 3603.72 toks/s]
Processed prompts:  69%|██████▉   | 5546/8000 [09:18<06:05,  6.72it/s, est. speed input: 1656.12 toks/s, output: 3603.52 toks/s]
Processed prompts:  69%|██████▉   | 5548/8000 [09:18<06:17,  6.50it/s, est. speed input: 1655.98 toks/s, output: 3603.27 toks/s]
Processed prompts:  69%|██████▉   | 5549/8000 [09:18<06:15,  6.53it/s, est. speed input: 1655.60 toks/s, output: 3603.22 toks/s]
Processed prompts:  69%|██████▉   | 5553/8000 [09:19<04:02, 10.09it/s, est. speed input: 1656.27 toks/s, output: 3604.78 toks/s]
Processed prompts:  69%|██████▉   | 5557/8000 [09:19<02:51, 14.29it/s, est. speed input: 1656.74 toks/s, output: 3607.51 toks/s]
Processed prompts:  69%|██████▉   | 5559/8000 [09:19<03:03, 13.27it/s, est. speed input: 1656.71 toks/s, output: 3608.15 toks/s]
Processed prompts:  70%|██████▉   | 5562/8000 [09:19<03:16, 12.42it/s, est. speed input: 1656.32 toks/s, output: 3608.47 toks/s]
Processed prompts:  70%|██████▉   | 5564/8000 [09:19<03:36, 11.28it/s, est. speed input: 1655.91 toks/s, output: 3608.83 toks/s]
Processed prompts:  70%|██████▉   | 5569/8000 [09:20<02:25, 16.73it/s, est. speed input: 1656.52 toks/s, output: 3611.88 toks/s]
Processed prompts:  70%|██████▉   | 5571/8000 [09:20<03:16, 12.38it/s, est. speed input: 1655.91 toks/s, output: 3610.83 toks/s]
Processed prompts:  70%|██████▉   | 5575/8000 [09:20<02:33, 15.79it/s, est. speed input: 1656.27 toks/s, output: 3613.60 toks/s]
Processed prompts:  70%|██████▉   | 5577/8000 [09:20<03:04, 13.16it/s, est. speed input: 1656.43 toks/s, output: 3613.84 toks/s]
Processed prompts:  70%|██████▉   | 5580/8000 [09:21<03:07, 12.88it/s, est. speed input: 1656.57 toks/s, output: 3615.00 toks/s]
Processed prompts:  70%|██████▉   | 5586/8000 [09:21<03:06, 12.95it/s, est. speed input: 1657.11 toks/s, output: 3616.70 toks/s]
Processed prompts:  70%|██████▉   | 5589/8000 [09:21<02:54, 13.82it/s, est. speed input: 1657.90 toks/s, output: 3618.32 toks/s]
Processed prompts:  70%|██████▉   | 5591/8000 [09:21<02:52, 13.98it/s, est. speed input: 1658.16 toks/s, output: 3619.26 toks/s]
Processed prompts:  70%|██████▉   | 5594/8000 [09:22<03:05, 12.98it/s, est. speed input: 1658.29 toks/s, output: 3620.22 toks/s]
Processed prompts:  70%|██████▉   | 5597/8000 [09:22<03:00, 13.31it/s, est. speed input: 1658.72 toks/s, output: 3621.55 toks/s]
Processed prompts:  70%|██████▉   | 5599/8000 [09:22<03:56, 10.17it/s, est. speed input: 1658.74 toks/s, output: 3621.04 toks/s]
Processed prompts:  70%|███████   | 5604/8000 [09:23<03:43, 10.70it/s, est. speed input: 1658.66 toks/s, output: 3622.77 toks/s]
Processed prompts:  70%|███████   | 5609/8000 [09:23<03:11, 12.50it/s, est. speed input: 1658.72 toks/s, output: 3624.50 toks/s]
Processed prompts:  70%|███████   | 5613/8000 [09:23<02:47, 14.29it/s, est. speed input: 1659.84 toks/s, output: 3626.91 toks/s]
Processed prompts:  70%|███████   | 5615/8000 [09:23<02:46, 14.33it/s, est. speed input: 1659.72 toks/s, output: 3627.84 toks/s]
Processed prompts:  70%|███████   | 5619/8000 [09:23<02:18, 17.23it/s, est. speed input: 1660.20 toks/s, output: 3630.56 toks/s]
Processed prompts:  70%|███████   | 5621/8000 [09:24<02:48, 14.10it/s, est. speed input: 1660.10 toks/s, output: 3630.04 toks/s]
Processed prompts:  70%|███████   | 5624/8000 [09:24<02:22, 16.65it/s, est. speed input: 1660.47 toks/s, output: 3631.45 toks/s]
Processed prompts:  71%|███████   | 5662/8000 [09:24<00:29, 78.88it/s, est. speed input: 1671.39 toks/s, output: 3665.00 toks/s]
Processed prompts:  71%|███████▏  | 5706/8000 [09:27<01:39, 23.04it/s, est. speed input: 1676.09 toks/s, output: 3685.51 toks/s]
Processed prompts:  71%|███████▏  | 5713/8000 [09:29<02:44, 13.87it/s, est. speed input: 1672.77 toks/s, output: 3674.60 toks/s]
Processed prompts:  71%|███████▏  | 5718/8000 [09:29<02:35, 14.69it/s, est. speed input: 1673.07 toks/s, output: 3673.56 toks/s]
Processed prompts:  72%|███████▏  | 5724/8000 [09:29<02:20, 16.23it/s, est. speed input: 1673.59 toks/s, output: 3672.63 toks/s]
Processed prompts:  72%|███████▏  | 5731/8000 [09:29<02:06, 17.95it/s, est. speed input: 1674.07 toks/s, output: 3671.27 toks/s]
Processed prompts:  72%|███████▏  | 5735/8000 [09:30<02:06, 17.88it/s, est. speed input: 1674.23 toks/s, output: 3670.15 toks/s]
Processed prompts:  72%|███████▏  | 5739/8000 [09:30<02:36, 14.47it/s, est. speed input: 1674.44 toks/s, output: 3668.58 toks/s]
Processed prompts:  72%|███████▏  | 5742/8000 [09:30<02:30, 15.01it/s, est. speed input: 1674.74 toks/s, output: 3668.71 toks/s]
Processed prompts:  72%|███████▏  | 5745/8000 [09:31<02:58, 12.64it/s, est. speed input: 1674.00 toks/s, output: 3667.13 toks/s]
Processed prompts:  72%|███████▏  | 5747/8000 [09:31<03:54,  9.59it/s, est. speed input: 1674.15 toks/s, output: 3664.87 toks/s]
Processed prompts:  72%|███████▏  | 5749/8000 [09:31<03:58,  9.45it/s, est. speed input: 1674.09 toks/s, output: 3663.55 toks/s]
Processed prompts:  72%|███████▏  | 5751/8000 [09:32<04:31,  8.28it/s, est. speed input: 1673.65 toks/s, output: 3662.20 toks/s]
Processed prompts:  72%|███████▏  | 5753/8000 [09:32<04:55,  7.60it/s, est. speed input: 1672.95 toks/s, output: 3661.00 toks/s]
Processed prompts:  72%|███████▏  | 5755/8000 [09:32<04:20,  8.62it/s, est. speed input: 1673.75 toks/s, output: 3660.56 toks/s]
Processed prompts:  72%|███████▏  | 5757/8000 [09:33<05:36,  6.67it/s, est. speed input: 1672.65 toks/s, output: 3658.12 toks/s]
Processed prompts:  72%|███████▏  | 5759/8000 [09:33<04:45,  7.84it/s, est. speed input: 1672.50 toks/s, output: 3658.42 toks/s]
Processed prompts:  72%|███████▏  | 5761/8000 [09:33<04:08,  9.03it/s, est. speed input: 1672.30 toks/s, output: 3657.92 toks/s]
Processed prompts:  72%|███████▏  | 5763/8000 [09:33<05:39,  6.59it/s, est. speed input: 1670.98 toks/s, output: 3655.81 toks/s]
Processed prompts:  72%|███████▏  | 5764/8000 [09:34<05:54,  6.31it/s, est. speed input: 1671.29 toks/s, output: 3654.71 toks/s]
Processed prompts:  72%|███████▏  | 5765/8000 [09:34<08:39,  4.30it/s, est. speed input: 1670.09 toks/s, output: 3651.41 toks/s]
Processed prompts:  72%|███████▏  | 5767/8000 [09:34<06:25,  5.79it/s, est. speed input: 1669.94 toks/s, output: 3650.87 toks/s]
Processed prompts:  72%|███████▏  | 5768/8000 [09:35<07:57,  4.67it/s, est. speed input: 1668.96 toks/s, output: 3648.75 toks/s]
Processed prompts:  72%|███████▏  | 5769/8000 [09:35<07:43,  4.81it/s, est. speed input: 1668.48 toks/s, output: 3647.75 toks/s]
Processed prompts:  72%|███████▏  | 5772/8000 [09:35<04:39,  7.96it/s, est. speed input: 1668.58 toks/s, output: 3647.47 toks/s]
Processed prompts:  72%|███████▏  | 5774/8000 [09:35<04:33,  8.14it/s, est. speed input: 1668.31 toks/s, output: 3646.39 toks/s]
Processed prompts:  72%|███████▏  | 5776/8000 [09:35<04:10,  8.89it/s, est. speed input: 1668.01 toks/s, output: 3645.68 toks/s]
Processed prompts:  72%|███████▏  | 5778/8000 [09:36<05:34,  6.65it/s, est. speed input: 1667.14 toks/s, output: 3643.20 toks/s]
Processed prompts:  72%|███████▏  | 5779/8000 [09:37<08:54,  4.16it/s, est. speed input: 1665.58 toks/s, output: 3639.99 toks/s]
Processed prompts:  72%|███████▏  | 5782/8000 [09:37<06:39,  5.56it/s, est. speed input: 1665.30 toks/s, output: 3638.88 toks/s]
Processed prompts:  72%|███████▏  | 5784/8000 [09:37<05:19,  6.93it/s, est. speed input: 1665.67 toks/s, output: 3638.92 toks/s]
Processed prompts:  72%|███████▏  | 5786/8000 [09:37<06:38,  5.56it/s, est. speed input: 1664.68 toks/s, output: 3636.69 toks/s]
Processed prompts:  72%|███████▏  | 5788/8000 [09:38<05:30,  6.70it/s, est. speed input: 1664.98 toks/s, output: 3636.61 toks/s]
Processed prompts:  72%|███████▏  | 5789/8000 [09:38<05:16,  6.98it/s, est. speed input: 1664.76 toks/s, output: 3636.17 toks/s]
Processed prompts:  72%|███████▏  | 5791/8000 [09:38<04:12,  8.73it/s, est. speed input: 1665.15 toks/s, output: 3636.78 toks/s]
Processed prompts:  72%|███████▏  | 5793/8000 [09:38<03:36, 10.18it/s, est. speed input: 1665.14 toks/s, output: 3636.47 toks/s]
Processed prompts:  72%|███████▏  | 5795/8000 [09:38<03:06, 11.84it/s, est. speed input: 1665.40 toks/s, output: 3636.57 toks/s]
Processed prompts:  72%|███████▏  | 5797/8000 [09:38<02:55, 12.54it/s, est. speed input: 1665.36 toks/s, output: 3637.47 toks/s]
Processed prompts:  72%|███████▏  | 5799/8000 [09:39<04:49,  7.59it/s, est. speed input: 1664.71 toks/s, output: 3636.11 toks/s]
Processed prompts:  73%|███████▎  | 5801/8000 [09:39<06:22,  5.74it/s, est. speed input: 1663.45 toks/s, output: 3634.40 toks/s]
Processed prompts:  73%|███████▎  | 5803/8000 [09:39<05:16,  6.93it/s, est. speed input: 1663.85 toks/s, output: 3634.19 toks/s]
Processed prompts:  73%|███████▎  | 5805/8000 [09:40<04:54,  7.46it/s, est. speed input: 1663.48 toks/s, output: 3633.39 toks/s]
Processed prompts:  73%|███████▎  | 5806/8000 [09:40<05:06,  7.15it/s, est. speed input: 1663.06 toks/s, output: 3632.82 toks/s]
Processed prompts:  73%|███████▎  | 5808/8000 [09:40<04:24,  8.28it/s, est. speed input: 1662.88 toks/s, output: 3632.49 toks/s]
Processed prompts:  73%|███████▎  | 5811/8000 [09:40<04:00,  9.11it/s, est. speed input: 1663.02 toks/s, output: 3631.63 toks/s]
Processed prompts:  73%|███████▎  | 5813/8000 [09:40<03:29, 10.45it/s, est. speed input: 1662.93 toks/s, output: 3631.64 toks/s]
Processed prompts:  73%|███████▎  | 5815/8000 [09:41<03:03, 11.91it/s, est. speed input: 1663.15 toks/s, output: 3631.74 toks/s]
Processed prompts:  73%|███████▎  | 5817/8000 [09:41<03:30, 10.35it/s, est. speed input: 1662.82 toks/s, output: 3630.93 toks/s]
Processed prompts:  73%|███████▎  | 5819/8000 [09:41<03:07, 11.61it/s, est. speed input: 1663.41 toks/s, output: 3630.83 toks/s]
Processed prompts:  73%|███████▎  | 5823/8000 [09:41<02:33, 14.16it/s, est. speed input: 1664.36 toks/s, output: 3631.40 toks/s]
Processed prompts:  73%|███████▎  | 5825/8000 [09:41<03:20, 10.84it/s, est. speed input: 1663.99 toks/s, output: 3630.13 toks/s]
Processed prompts:  73%|███████▎  | 5827/8000 [09:42<02:59, 12.11it/s, est. speed input: 1663.92 toks/s, output: 3630.21 toks/s]
Processed prompts:  73%|███████▎  | 5829/8000 [09:42<05:31,  6.55it/s, est. speed input: 1663.04 toks/s, output: 3626.75 toks/s]
Processed prompts:  73%|███████▎  | 5831/8000 [09:43<05:55,  6.10it/s, est. speed input: 1662.28 toks/s, output: 3625.63 toks/s]
Processed prompts:  73%|███████▎  | 5832/8000 [09:43<05:57,  6.06it/s, est. speed input: 1661.85 toks/s, output: 3625.17 toks/s]
Processed prompts:  73%|███████▎  | 5834/8000 [09:43<06:04,  5.95it/s, est. speed input: 1661.44 toks/s, output: 3624.22 toks/s]
Processed prompts:  73%|███████▎  | 5837/8000 [09:43<04:58,  7.24it/s, est. speed input: 1661.69 toks/s, output: 3623.74 toks/s]
Processed prompts:  73%|███████▎  | 5840/8000 [09:44<04:05,  8.81it/s, est. speed input: 1661.88 toks/s, output: 3623.71 toks/s]
Processed prompts:  73%|███████▎  | 5842/8000 [09:44<04:09,  8.66it/s, est. speed input: 1661.97 toks/s, output: 3623.49 toks/s]
Processed prompts:  73%|███████▎  | 5844/8000 [09:44<04:58,  7.23it/s, est. speed input: 1661.42 toks/s, output: 3621.92 toks/s]
Processed prompts:  73%|███████▎  | 5845/8000 [09:45<05:51,  6.13it/s, est. speed input: 1660.71 toks/s, output: 3620.99 toks/s]
Processed prompts:  73%|███████▎  | 5846/8000 [09:45<09:08,  3.93it/s, est. speed input: 1659.63 toks/s, output: 3617.84 toks/s]
Processed prompts:  73%|███████▎  | 5847/8000 [09:45<08:08,  4.41it/s, est. speed input: 1659.60 toks/s, output: 3617.54 toks/s]
Processed prompts:  73%|███████▎  | 5850/8000 [09:45<04:54,  7.31it/s, est. speed input: 1660.51 toks/s, output: 3618.65 toks/s]
Processed prompts:  73%|███████▎  | 5852/8000 [09:46<05:35,  6.39it/s, est. speed input: 1660.26 toks/s, output: 3617.60 toks/s]
Processed prompts:  73%|███████▎  | 5854/8000 [09:46<05:36,  6.38it/s, est. speed input: 1659.72 toks/s, output: 3617.40 toks/s]
Processed prompts:  73%|███████▎  | 5855/8000 [09:46<06:33,  5.45it/s, est. speed input: 1659.10 toks/s, output: 3616.39 toks/s]
Processed prompts:  73%|███████▎  | 5856/8000 [09:47<06:04,  5.88it/s, est. speed input: 1658.82 toks/s, output: 3616.20 toks/s]
Processed prompts:  73%|███████▎  | 5857/8000 [09:47<06:48,  5.24it/s, est. speed input: 1658.34 toks/s, output: 3615.13 toks/s]
Processed prompts:  73%|███████▎  | 5858/8000 [09:47<06:48,  5.25it/s, est. speed input: 1657.88 toks/s, output: 3614.47 toks/s]
Processed prompts:  73%|███████▎  | 5860/8000 [09:47<04:51,  7.33it/s, est. speed input: 1658.49 toks/s, output: 3615.15 toks/s]
Processed prompts:  73%|███████▎  | 5861/8000 [09:47<05:06,  6.98it/s, est. speed input: 1658.26 toks/s, output: 3615.00 toks/s]
Processed prompts:  73%|███████▎  | 5862/8000 [09:48<06:05,  5.85it/s, est. speed input: 1658.11 toks/s, output: 3614.29 toks/s]
Processed prompts:  73%|███████▎  | 5864/8000 [09:48<05:18,  6.70it/s, est. speed input: 1657.75 toks/s, output: 3614.58 toks/s]
Processed prompts:  73%|███████▎  | 5865/8000 [09:48<05:02,  7.05it/s, est. speed input: 1657.50 toks/s, output: 3614.73 toks/s]
Processed prompts:  73%|███████▎  | 5866/8000 [09:48<07:19,  4.85it/s, est. speed input: 1656.74 toks/s, output: 3612.79 toks/s]
Processed prompts:  73%|███████▎  | 5868/8000 [09:49<06:02,  5.88it/s, est. speed input: 1656.71 toks/s, output: 3613.08 toks/s]
Processed prompts:  73%|███████▎  | 5871/8000 [09:49<05:04,  7.00it/s, est. speed input: 1655.99 toks/s, output: 3613.27 toks/s]
Processed prompts:  73%|███████▎  | 5872/8000 [09:49<05:16,  6.72it/s, est. speed input: 1655.91 toks/s, output: 3613.06 toks/s]
Processed prompts:  73%|███████▎  | 5873/8000 [09:49<05:49,  6.09it/s, est. speed input: 1655.35 toks/s, output: 3612.27 toks/s]
Processed prompts:  73%|███████▎  | 5875/8000 [09:49<04:48,  7.37it/s, est. speed input: 1655.08 toks/s, output: 3612.94 toks/s]
Processed prompts:  73%|███████▎  | 5876/8000 [09:50<06:32,  5.41it/s, est. speed input: 1654.48 toks/s, output: 3611.29 toks/s]
Processed prompts:  73%|███████▎  | 5878/8000 [09:50<05:54,  5.99it/s, est. speed input: 1654.24 toks/s, output: 3611.36 toks/s]
Processed prompts:  74%|███████▎  | 5880/8000 [09:51<06:38,  5.33it/s, est. speed input: 1653.56 toks/s, output: 3610.05 toks/s]
Processed prompts:  74%|███████▎  | 5883/8000 [09:51<05:52,  6.01it/s, est. speed input: 1653.24 toks/s, output: 3609.71 toks/s]
Processed prompts:  74%|███████▎  | 5885/8000 [09:51<05:22,  6.57it/s, est. speed input: 1652.93 toks/s, output: 3610.00 toks/s]
Processed prompts:  74%|███████▎  | 5886/8000 [09:51<05:35,  6.30it/s, est. speed input: 1653.12 toks/s, output: 3609.71 toks/s]
Processed prompts:  74%|███████▎  | 5888/8000 [09:52<04:43,  7.46it/s, est. speed input: 1653.23 toks/s, output: 3610.42 toks/s]
Processed prompts:  74%|███████▎  | 5890/8000 [09:52<05:17,  6.65it/s, est. speed input: 1652.52 toks/s, output: 3609.66 toks/s]
Processed prompts:  74%|███████▎  | 5892/8000 [09:52<05:17,  6.64it/s, est. speed input: 1652.12 toks/s, output: 3609.55 toks/s]
Processed prompts:  74%|███████▎  | 5894/8000 [09:52<04:34,  7.69it/s, est. speed input: 1651.76 toks/s, output: 3610.04 toks/s]
Processed prompts:  74%|███████▎  | 5896/8000 [09:53<04:47,  7.33it/s, est. speed input: 1651.41 toks/s, output: 3609.92 toks/s]
Processed prompts:  74%|███████▎  | 5897/8000 [09:53<04:53,  7.16it/s, est. speed input: 1651.24 toks/s, output: 3609.65 toks/s]
Processed prompts:  74%|███████▎  | 5898/8000 [09:53<04:40,  7.50it/s, est. speed input: 1651.08 toks/s, output: 3609.85 toks/s]
Processed prompts:  74%|███████▍  | 5901/8000 [09:53<03:16, 10.70it/s, est. speed input: 1651.16 toks/s, output: 3611.50 toks/s]
Processed prompts:  74%|███████▍  | 5903/8000 [09:53<02:49, 12.37it/s, est. speed input: 1651.49 toks/s, output: 3612.59 toks/s]
Processed prompts:  74%|███████▍  | 5905/8000 [09:54<03:47,  9.22it/s, est. speed input: 1651.46 toks/s, output: 3612.05 toks/s]
Processed prompts:  74%|███████▍  | 5908/8000 [09:54<03:03, 11.38it/s, est. speed input: 1651.87 toks/s, output: 3613.60 toks/s]
Processed prompts:  74%|███████▍  | 5910/8000 [09:54<03:11, 10.93it/s, est. speed input: 1651.86 toks/s, output: 3614.10 toks/s]
Processed prompts:  74%|███████▍  | 5914/8000 [09:54<03:03, 11.36it/s, est. speed input: 1652.05 toks/s, output: 3615.01 toks/s]
Processed prompts:  74%|███████▍  | 5916/8000 [09:54<02:54, 11.95it/s, est. speed input: 1652.63 toks/s, output: 3615.72 toks/s]
Processed prompts:  74%|███████▍  | 5920/8000 [09:55<02:57, 11.74it/s, est. speed input: 1652.94 toks/s, output: 3616.47 toks/s]
Processed prompts:  74%|███████▍  | 5922/8000 [09:55<03:13, 10.74it/s, est. speed input: 1652.72 toks/s, output: 3616.73 toks/s]
Processed prompts:  74%|███████▍  | 5924/8000 [09:55<03:08, 10.99it/s, est. speed input: 1652.84 toks/s, output: 3617.27 toks/s]
Processed prompts:  74%|███████▍  | 5926/8000 [09:55<03:06, 11.13it/s, est. speed input: 1652.51 toks/s, output: 3617.32 toks/s]
Processed prompts:  74%|███████▍  | 5929/8000 [09:55<02:32, 13.62it/s, est. speed input: 1652.60 toks/s, output: 3618.92 toks/s]
Processed prompts:  74%|███████▍  | 5932/8000 [09:56<02:28, 13.94it/s, est. speed input: 1653.19 toks/s, output: 3620.25 toks/s]
Processed prompts:  74%|███████▍  | 5934/8000 [09:56<03:04, 11.19it/s, est. speed input: 1653.20 toks/s, output: 3620.21 toks/s]
Processed prompts:  74%|███████▍  | 5936/8000 [09:56<02:55, 11.73it/s, est. speed input: 1653.03 toks/s, output: 3621.04 toks/s]
Processed prompts:  74%|███████▍  | 5938/8000 [09:56<02:49, 12.17it/s, est. speed input: 1653.29 toks/s, output: 3621.73 toks/s]
Processed prompts:  74%|███████▍  | 5940/8000 [09:56<02:57, 11.60it/s, est. speed input: 1653.00 toks/s, output: 3621.58 toks/s]
Processed prompts:  74%|███████▍  | 5943/8000 [09:57<02:49, 12.15it/s, est. speed input: 1652.98 toks/s, output: 3622.78 toks/s]
Processed prompts:  74%|███████▍  | 5945/8000 [09:57<02:41, 12.72it/s, est. speed input: 1653.14 toks/s, output: 3623.66 toks/s]
Processed prompts:  74%|███████▍  | 5950/8000 [09:57<02:20, 14.62it/s, est. speed input: 1653.20 toks/s, output: 3625.78 toks/s]
Processed prompts:  74%|███████▍  | 5952/8000 [09:57<02:43, 12.49it/s, est. speed input: 1652.65 toks/s, output: 3626.00 toks/s]
Processed prompts:  74%|███████▍  | 5955/8000 [09:57<02:18, 14.79it/s, est. speed input: 1653.34 toks/s, output: 3627.15 toks/s]
Processed prompts:  74%|███████▍  | 5957/8000 [09:58<02:58, 11.44it/s, est. speed input: 1653.84 toks/s, output: 3627.01 toks/s]
Processed prompts:  74%|███████▍  | 5959/8000 [09:58<02:56, 11.58it/s, est. speed input: 1654.07 toks/s, output: 3627.71 toks/s]
Processed prompts:  75%|███████▍  | 5961/8000 [09:58<03:14, 10.47it/s, est. speed input: 1654.10 toks/s, output: 3627.95 toks/s]
Processed prompts:  75%|███████▍  | 5963/8000 [09:58<02:59, 11.33it/s, est. speed input: 1654.47 toks/s, output: 3628.81 toks/s]
Processed prompts:  75%|███████▍  | 5965/8000 [09:59<03:50,  8.83it/s, est. speed input: 1655.10 toks/s, output: 3628.37 toks/s]
Processed prompts:  75%|███████▍  | 5967/8000 [09:59<03:38,  9.28it/s, est. speed input: 1654.70 toks/s, output: 3628.94 toks/s]
Processed prompts:  75%|███████▍  | 5970/8000 [09:59<03:11, 10.60it/s, est. speed input: 1655.21 toks/s, output: 3629.43 toks/s]
Processed prompts:  75%|███████▍  | 5972/8000 [09:59<03:12, 10.55it/s, est. speed input: 1655.13 toks/s, output: 3629.97 toks/s]
Processed prompts:  75%|███████▍  | 5977/8000 [10:00<03:17, 10.24it/s, est. speed input: 1655.12 toks/s, output: 3631.19 toks/s]
Processed prompts:  75%|███████▍  | 5979/8000 [10:00<03:09, 10.64it/s, est. speed input: 1655.35 toks/s, output: 3631.86 toks/s]
Processed prompts:  75%|███████▍  | 5981/8000 [10:00<03:12, 10.48it/s, est. speed input: 1655.42 toks/s, output: 3632.36 toks/s]
Processed prompts:  75%|███████▍  | 5983/8000 [10:00<03:36,  9.33it/s, est. speed input: 1655.16 toks/s, output: 3631.63 toks/s]
Processed prompts:  75%|███████▍  | 5987/8000 [10:01<03:15, 10.32it/s, est. speed input: 1655.52 toks/s, output: 3632.45 toks/s]
Processed prompts:  75%|███████▍  | 5990/8000 [10:01<02:48, 11.93it/s, est. speed input: 1656.18 toks/s, output: 3633.97 toks/s]
Processed prompts:  75%|███████▍  | 5992/8000 [10:01<02:51, 11.71it/s, est. speed input: 1655.88 toks/s, output: 3634.58 toks/s]
Processed prompts:  75%|███████▍  | 5995/8000 [10:01<02:36, 12.82it/s, est. speed input: 1656.23 toks/s, output: 3635.28 toks/s]
Processed prompts:  75%|███████▍  | 5997/8000 [10:01<02:34, 12.95it/s, est. speed input: 1656.59 toks/s, output: 3635.42 toks/s]
Processed prompts:  75%|███████▍  | 5999/8000 [10:02<02:44, 12.16it/s, est. speed input: 1656.22 toks/s, output: 3635.95 toks/s]
Processed prompts:  75%|███████▌  | 6002/8000 [10:02<02:44, 12.15it/s, est. speed input: 1656.42 toks/s, output: 3636.27 toks/s]
Processed prompts:  75%|███████▌  | 6005/8000 [10:02<02:16, 14.63it/s, est. speed input: 1656.94 toks/s, output: 3638.09 toks/s]
Processed prompts:  75%|███████▌  | 6007/8000 [10:02<02:42, 12.23it/s, est. speed input: 1656.65 toks/s, output: 3638.29 toks/s]
Processed prompts:  75%|███████▌  | 6014/8000 [10:03<02:09, 15.28it/s, est. speed input: 1657.91 toks/s, output: 3640.59 toks/s]
Processed prompts:  75%|███████▌  | 6017/8000 [10:03<01:55, 17.14it/s, est. speed input: 1659.10 toks/s, output: 3642.46 toks/s]
Processed prompts:  75%|███████▌  | 6021/8000 [10:03<01:52, 17.52it/s, est. speed input: 1660.53 toks/s, output: 3644.54 toks/s]
Processed prompts:  75%|███████▌  | 6026/8000 [10:03<01:52, 17.60it/s, est. speed input: 1660.85 toks/s, output: 3646.30 toks/s]
Processed prompts:  75%|███████▌  | 6031/8000 [10:03<01:42, 19.24it/s, est. speed input: 1661.85 toks/s, output: 3649.25 toks/s]
Processed prompts:  76%|███████▌  | 6092/8000 [10:04<00:24, 78.20it/s, est. speed input: 1681.46 toks/s, output: 3697.78 toks/s]
Processed prompts:  76%|███████▋  | 6105/8000 [10:07<01:45, 17.91it/s, est. speed input: 1677.97 toks/s, output: 3690.42 toks/s]
Processed prompts:  76%|███████▋  | 6110/8000 [10:08<02:34, 12.22it/s, est. speed input: 1674.63 toks/s, output: 3681.90 toks/s]
Processed prompts:  76%|███████▋  | 6114/8000 [10:08<02:30, 12.57it/s, est. speed input: 1674.48 toks/s, output: 3680.69 toks/s]
Processed prompts:  77%|███████▋  | 6122/8000 [10:09<02:03, 15.22it/s, est. speed input: 1675.26 toks/s, output: 3680.42 toks/s]
Processed prompts:  77%|███████▋  | 6128/8000 [10:09<01:48, 17.31it/s, est. speed input: 1675.75 toks/s, output: 3679.58 toks/s]
Processed prompts:  77%|███████▋  | 6133/8000 [10:09<01:37, 19.06it/s, est. speed input: 1676.12 toks/s, output: 3679.04 toks/s]
Processed prompts:  77%|███████▋  | 6137/8000 [10:10<02:33, 12.11it/s, est. speed input: 1674.89 toks/s, output: 3674.72 toks/s]
Processed prompts:  77%|███████▋  | 6140/8000 [10:10<02:57, 10.47it/s, est. speed input: 1674.33 toks/s, output: 3672.35 toks/s]
Processed prompts:  77%|███████▋  | 6143/8000 [10:12<04:45,  6.50it/s, est. speed input: 1671.74 toks/s, output: 3665.92 toks/s]
Processed prompts:  77%|███████▋  | 6147/8000 [10:12<03:52,  7.98it/s, est. speed input: 1672.19 toks/s, output: 3666.03 toks/s]
Processed prompts:  77%|███████▋  | 6149/8000 [10:12<03:42,  8.31it/s, est. speed input: 1672.52 toks/s, output: 3665.07 toks/s]
Processed prompts:  77%|███████▋  | 6151/8000 [10:12<03:37,  8.51it/s, est. speed input: 1672.52 toks/s, output: 3664.36 toks/s]
Processed prompts:  77%|███████▋  | 6153/8000 [10:13<04:10,  7.38it/s, est. speed input: 1672.40 toks/s, output: 3662.79 toks/s]
Processed prompts:  77%|███████▋  | 6155/8000 [10:13<04:07,  7.45it/s, est. speed input: 1672.12 toks/s, output: 3661.44 toks/s]
Processed prompts:  77%|███████▋  | 6156/8000 [10:13<04:06,  7.47it/s, est. speed input: 1672.27 toks/s, output: 3660.77 toks/s]
Processed prompts:  77%|███████▋  | 6157/8000 [10:13<04:26,  6.92it/s, est. speed input: 1671.86 toks/s, output: 3659.72 toks/s]
Processed prompts:  77%|███████▋  | 6158/8000 [10:13<05:28,  5.61it/s, est. speed input: 1671.11 toks/s, output: 3658.24 toks/s]
Processed prompts:  77%|███████▋  | 6161/8000 [10:14<03:57,  7.75it/s, est. speed input: 1670.95 toks/s, output: 3657.57 toks/s]
Processed prompts:  77%|███████▋  | 6163/8000 [10:14<03:21,  9.14it/s, est. speed input: 1670.90 toks/s, output: 3657.78 toks/s]
Processed prompts:  77%|███████▋  | 6165/8000 [10:14<05:12,  5.88it/s, est. speed input: 1669.54 toks/s, output: 3654.50 toks/s]
Processed prompts:  77%|███████▋  | 6166/8000 [10:15<05:15,  5.81it/s, est. speed input: 1669.32 toks/s, output: 3653.57 toks/s]
Processed prompts:  77%|███████▋  | 6167/8000 [10:15<05:40,  5.39it/s, est. speed input: 1668.79 toks/s, output: 3652.32 toks/s]
Processed prompts:  77%|███████▋  | 6170/8000 [10:15<03:37,  8.42it/s, est. speed input: 1668.97 toks/s, output: 3652.08 toks/s]
Processed prompts:  77%|███████▋  | 6172/8000 [10:15<03:06,  9.82it/s, est. speed input: 1668.80 toks/s, output: 3651.81 toks/s]
Processed prompts:  77%|███████▋  | 6174/8000 [10:15<02:44, 11.13it/s, est. speed input: 1669.23 toks/s, output: 3652.07 toks/s]
Processed prompts:  77%|███████▋  | 6176/8000 [10:15<03:18,  9.19it/s, est. speed input: 1669.09 toks/s, output: 3651.00 toks/s]
Processed prompts:  77%|███████▋  | 6178/8000 [10:16<03:57,  7.67it/s, est. speed input: 1668.32 toks/s, output: 3649.54 toks/s]
Processed prompts:  77%|███████▋  | 6180/8000 [10:16<03:17,  9.21it/s, est. speed input: 1668.22 toks/s, output: 3649.23 toks/s]
Processed prompts:  77%|███████▋  | 6182/8000 [10:16<03:22,  8.99it/s, est. speed input: 1668.44 toks/s, output: 3648.33 toks/s]
Processed prompts:  77%|███████▋  | 6184/8000 [10:16<03:09,  9.58it/s, est. speed input: 1668.14 toks/s, output: 3648.31 toks/s]
Processed prompts:  77%|███████▋  | 6186/8000 [10:17<02:46, 10.89it/s, est. speed input: 1668.28 toks/s, output: 3648.17 toks/s]
Processed prompts:  77%|███████▋  | 6189/8000 [10:17<02:20, 12.86it/s, est. speed input: 1668.37 toks/s, output: 3647.88 toks/s]
Processed prompts:  77%|███████▋  | 6191/8000 [10:17<02:24, 12.48it/s, est. speed input: 1668.46 toks/s, output: 3647.27 toks/s]
Processed prompts:  77%|███████▋  | 6195/8000 [10:17<01:44, 17.20it/s, est. speed input: 1668.87 toks/s, output: 3648.04 toks/s]
Processed prompts:  77%|███████▋  | 6197/8000 [10:17<01:55, 15.68it/s, est. speed input: 1668.64 toks/s, output: 3647.51 toks/s]
Processed prompts:  77%|███████▋  | 6199/8000 [10:17<02:17, 13.06it/s, est. speed input: 1668.25 toks/s, output: 3647.21 toks/s]
Processed prompts:  78%|███████▊  | 6201/8000 [10:18<02:52, 10.40it/s, est. speed input: 1667.97 toks/s, output: 3646.01 toks/s]
Processed prompts:  78%|███████▊  | 6203/8000 [10:18<02:32, 11.76it/s, est. speed input: 1668.20 toks/s, output: 3646.67 toks/s]
Processed prompts:  78%|███████▊  | 6205/8000 [10:18<02:58, 10.04it/s, est. speed input: 1667.66 toks/s, output: 3645.85 toks/s]
Processed prompts:  78%|███████▊  | 6207/8000 [10:18<02:58, 10.05it/s, est. speed input: 1667.35 toks/s, output: 3645.16 toks/s]
Processed prompts:  78%|███████▊  | 6209/8000 [10:18<02:40, 11.18it/s, est. speed input: 1667.59 toks/s, output: 3645.47 toks/s]
Processed prompts:  78%|███████▊  | 6211/8000 [10:18<02:23, 12.48it/s, est. speed input: 1667.66 toks/s, output: 3645.87 toks/s]
Processed prompts:  78%|███████▊  | 6213/8000 [10:19<02:37, 11.37it/s, est. speed input: 1667.27 toks/s, output: 3645.17 toks/s]
Processed prompts:  78%|███████▊  | 6215/8000 [10:19<02:34, 11.56it/s, est. speed input: 1667.06 toks/s, output: 3645.22 toks/s]
Processed prompts:  78%|███████▊  | 6219/8000 [10:19<03:30,  8.47it/s, est. speed input: 1666.01 toks/s, output: 3643.20 toks/s]
Processed prompts:  78%|███████▊  | 6221/8000 [10:20<03:14,  9.16it/s, est. speed input: 1665.97 toks/s, output: 3642.80 toks/s]
Processed prompts:  78%|███████▊  | 6227/8000 [10:20<02:03, 14.33it/s, est. speed input: 1666.42 toks/s, output: 3643.90 toks/s]
Processed prompts:  78%|███████▊  | 6229/8000 [10:20<02:53, 10.23it/s, est. speed input: 1666.44 toks/s, output: 3642.52 toks/s]
Processed prompts:  78%|███████▊  | 6231/8000 [10:21<03:39,  8.05it/s, est. speed input: 1665.50 toks/s, output: 3640.88 toks/s]
Processed prompts:  78%|███████▊  | 6233/8000 [10:21<03:24,  8.64it/s, est. speed input: 1665.62 toks/s, output: 3641.01 toks/s]
Processed prompts:  78%|███████▊  | 6235/8000 [10:21<03:08,  9.34it/s, est. speed input: 1665.50 toks/s, output: 3640.98 toks/s]
Processed prompts:  78%|███████▊  | 6237/8000 [10:21<02:54, 10.10it/s, est. speed input: 1665.96 toks/s, output: 3641.26 toks/s]
Processed prompts:  78%|███████▊  | 6239/8000 [10:22<03:52,  7.58it/s, est. speed input: 1665.04 toks/s, output: 3639.37 toks/s]
Processed prompts:  78%|███████▊  | 6240/8000 [10:22<03:43,  7.88it/s, est. speed input: 1664.85 toks/s, output: 3639.12 toks/s]
Processed prompts:  78%|███████▊  | 6243/8000 [10:22<03:28,  8.45it/s, est. speed input: 1664.52 toks/s, output: 3638.76 toks/s]
Processed prompts:  78%|███████▊  | 6246/8000 [10:22<03:33,  8.21it/s, est. speed input: 1663.92 toks/s, output: 3638.08 toks/s]
Processed prompts:  78%|███████▊  | 6247/8000 [10:23<03:28,  8.42it/s, est. speed input: 1663.91 toks/s, output: 3637.85 toks/s]
Processed prompts:  78%|███████▊  | 6248/8000 [10:23<04:45,  6.14it/s, est. speed input: 1663.16 toks/s, output: 3636.07 toks/s]
Processed prompts:  78%|███████▊  | 6249/8000 [10:23<04:56,  5.90it/s, est. speed input: 1663.43 toks/s, output: 3635.75 toks/s]
Processed prompts:  78%|███████▊  | 6250/8000 [10:23<05:07,  5.69it/s, est. speed input: 1663.07 toks/s, output: 3634.98 toks/s]
Processed prompts:  78%|███████▊  | 6252/8000 [10:24<04:29,  6.48it/s, est. speed input: 1662.87 toks/s, output: 3634.77 toks/s]
Processed prompts:  78%|███████▊  | 6253/8000 [10:24<04:34,  6.36it/s, est. speed input: 1662.48 toks/s, output: 3634.62 toks/s]
Processed prompts:  78%|███████▊  | 6256/8000 [10:24<04:36,  6.30it/s, est. speed input: 1661.57 toks/s, output: 3633.85 toks/s]
Processed prompts:  78%|███████▊  | 6258/8000 [10:24<03:47,  7.64it/s, est. speed input: 1661.74 toks/s, output: 3633.93 toks/s]
Processed prompts:  78%|███████▊  | 6261/8000 [10:25<03:47,  7.65it/s, est. speed input: 1661.28 toks/s, output: 3633.73 toks/s]
Processed prompts:  78%|███████▊  | 6263/8000 [10:25<03:34,  8.12it/s, est. speed input: 1661.11 toks/s, output: 3633.62 toks/s]
Processed prompts:  78%|███████▊  | 6264/8000 [10:25<03:27,  8.36it/s, est. speed input: 1660.90 toks/s, output: 3633.46 toks/s]
Processed prompts:  78%|███████▊  | 6265/8000 [10:25<04:44,  6.10it/s, est. speed input: 1660.40 toks/s, output: 3632.24 toks/s]
Processed prompts:  78%|███████▊  | 6266/8000 [10:26<06:21,  4.54it/s, est. speed input: 1659.50 toks/s, output: 3630.40 toks/s]
Processed prompts:  78%|███████▊  | 6267/8000 [10:26<05:40,  5.09it/s, est. speed input: 1659.85 toks/s, output: 3630.53 toks/s]
Processed prompts:  78%|███████▊  | 6268/8000 [10:26<05:13,  5.53it/s, est. speed input: 1660.10 toks/s, output: 3630.53 toks/s]
Processed prompts:  78%|███████▊  | 6269/8000 [10:26<05:05,  5.67it/s, est. speed input: 1660.14 toks/s, output: 3630.40 toks/s]
Processed prompts:  78%|███████▊  | 6270/8000 [10:27<06:08,  4.70it/s, est. speed input: 1659.62 toks/s, output: 3629.43 toks/s]
Processed prompts:  78%|███████▊  | 6272/8000 [10:27<04:33,  6.32it/s, est. speed input: 1659.69 toks/s, output: 3629.69 toks/s]
Processed prompts:  78%|███████▊  | 6273/8000 [10:27<04:27,  6.45it/s, est. speed input: 1659.71 toks/s, output: 3629.66 toks/s]
Processed prompts:  78%|███████▊  | 6275/8000 [10:27<03:57,  7.27it/s, est. speed input: 1659.81 toks/s, output: 3630.00 toks/s]
Processed prompts:  78%|███████▊  | 6276/8000 [10:27<03:57,  7.27it/s, est. speed input: 1659.51 toks/s, output: 3630.02 toks/s]
Processed prompts:  78%|███████▊  | 6277/8000 [10:27<04:09,  6.89it/s, est. speed input: 1659.18 toks/s, output: 3629.54 toks/s]
Processed prompts:  78%|███████▊  | 6279/8000 [10:28<03:31,  8.12it/s, est. speed input: 1659.26 toks/s, output: 3630.11 toks/s]
Processed prompts:  79%|███████▊  | 6281/8000 [10:28<03:44,  7.65it/s, est. speed input: 1659.62 toks/s, output: 3630.08 toks/s]
Processed prompts:  79%|███████▊  | 6283/8000 [10:28<03:29,  8.19it/s, est. speed input: 1659.66 toks/s, output: 3630.18 toks/s]
Processed prompts:  79%|███████▊  | 6286/8000 [10:28<03:10,  8.98it/s, est. speed input: 1659.50 toks/s, output: 3630.94 toks/s]
Processed prompts:  79%|███████▊  | 6287/8000 [10:28<03:09,  9.02it/s, est. speed input: 1659.59 toks/s, output: 3631.13 toks/s]
Processed prompts:  79%|███████▊  | 6288/8000 [10:29<03:35,  7.93it/s, est. speed input: 1659.39 toks/s, output: 3630.85 toks/s]
Processed prompts:  79%|███████▊  | 6291/8000 [10:29<03:26,  8.28it/s, est. speed input: 1658.85 toks/s, output: 3631.15 toks/s]
Processed prompts:  79%|███████▊  | 6292/8000 [10:29<03:28,  8.20it/s, est. speed input: 1658.77 toks/s, output: 3631.23 toks/s]
Processed prompts:  79%|███████▊  | 6294/8000 [10:29<03:04,  9.25it/s, est. speed input: 1658.49 toks/s, output: 3631.16 toks/s]
Processed prompts:  79%|███████▊  | 6296/8000 [10:30<03:35,  7.90it/s, est. speed input: 1658.17 toks/s, output: 3630.88 toks/s]
Processed prompts:  79%|███████▊  | 6298/8000 [10:30<03:11,  8.88it/s, est. speed input: 1658.17 toks/s, output: 3631.56 toks/s]
Processed prompts:  79%|███████▊  | 6299/8000 [10:30<04:02,  7.01it/s, est. speed input: 1658.21 toks/s, output: 3630.78 toks/s]
Processed prompts:  79%|███████▉  | 6303/8000 [10:30<02:33, 11.07it/s, est. speed input: 1658.32 toks/s, output: 3632.52 toks/s]
Processed prompts:  79%|███████▉  | 6305/8000 [10:31<03:02,  9.30it/s, est. speed input: 1658.43 toks/s, output: 3631.79 toks/s]
Processed prompts:  79%|███████▉  | 6307/8000 [10:31<02:55,  9.64it/s, est. speed input: 1658.23 toks/s, output: 3632.33 toks/s]
Processed prompts:  79%|███████▉  | 6309/8000 [10:31<02:30, 11.26it/s, est. speed input: 1658.53 toks/s, output: 3633.37 toks/s]
Processed prompts:  79%|███████▉  | 6311/8000 [10:31<02:59,  9.43it/s, est. speed input: 1658.50 toks/s, output: 3633.28 toks/s]
Processed prompts:  79%|███████▉  | 6313/8000 [10:31<02:37, 10.71it/s, est. speed input: 1658.70 toks/s, output: 3634.18 toks/s]
Processed prompts:  79%|███████▉  | 6315/8000 [10:32<03:25,  8.22it/s, est. speed input: 1658.64 toks/s, output: 3633.62 toks/s]
Processed prompts:  79%|███████▉  | 6317/8000 [10:32<04:06,  6.84it/s, est. speed input: 1657.69 toks/s, output: 3632.68 toks/s]
Processed prompts:  79%|███████▉  | 6318/8000 [10:32<04:01,  6.97it/s, est. speed input: 1657.62 toks/s, output: 3632.74 toks/s]
Processed prompts:  79%|███████▉  | 6319/8000 [10:32<04:03,  6.89it/s, est. speed input: 1657.69 toks/s, output: 3632.68 toks/s]
Processed prompts:  79%|███████▉  | 6322/8000 [10:33<03:00,  9.30it/s, est. speed input: 1658.98 toks/s, output: 3633.81 toks/s]
Processed prompts:  79%|███████▉  | 6324/8000 [10:33<03:10,  8.78it/s, est. speed input: 1658.87 toks/s, output: 3633.75 toks/s]
Processed prompts:  79%|███████▉  | 6325/8000 [10:33<03:13,  8.66it/s, est. speed input: 1658.84 toks/s, output: 3633.85 toks/s]
Processed prompts:  79%|███████▉  | 6327/8000 [10:33<02:42, 10.31it/s, est. speed input: 1658.72 toks/s, output: 3634.59 toks/s]
Processed prompts:  79%|███████▉  | 6330/8000 [10:33<02:07, 13.11it/s, est. speed input: 1659.77 toks/s, output: 3636.00 toks/s]
Processed prompts:  79%|███████▉  | 6332/8000 [10:34<03:11,  8.73it/s, est. speed input: 1659.37 toks/s, output: 3634.45 toks/s]
Processed prompts:  79%|███████▉  | 6334/8000 [10:34<03:03,  9.06it/s, est. speed input: 1660.41 toks/s, output: 3634.91 toks/s]
Processed prompts:  79%|███████▉  | 6337/8000 [10:34<03:04,  9.02it/s, est. speed input: 1660.20 toks/s, output: 3635.06 toks/s]
Processed prompts:  79%|███████▉  | 6339/8000 [10:34<03:05,  8.94it/s, est. speed input: 1660.52 toks/s, output: 3635.36 toks/s]
Processed prompts:  79%|███████▉  | 6341/8000 [10:35<03:09,  8.73it/s, est. speed input: 1660.10 toks/s, output: 3634.96 toks/s]
Processed prompts:  79%|███████▉  | 6343/8000 [10:35<03:03,  9.04it/s, est. speed input: 1659.68 toks/s, output: 3635.41 toks/s]
Processed prompts:  79%|███████▉  | 6345/8000 [10:35<02:35, 10.63it/s, est. speed input: 1659.56 toks/s, output: 3635.85 toks/s]
Processed prompts:  79%|███████▉  | 6347/8000 [10:35<02:50,  9.68it/s, est. speed input: 1659.75 toks/s, output: 3636.02 toks/s]
Processed prompts:  79%|███████▉  | 6350/8000 [10:35<02:13, 12.41it/s, est. speed input: 1660.36 toks/s, output: 3636.98 toks/s]
Processed prompts:  79%|███████▉  | 6352/8000 [10:36<02:32, 10.80it/s, est. speed input: 1660.27 toks/s, output: 3637.16 toks/s]
Processed prompts:  79%|███████▉  | 6357/8000 [10:36<02:00, 13.60it/s, est. speed input: 1660.78 toks/s, output: 3638.81 toks/s]
Processed prompts:  79%|███████▉  | 6359/8000 [10:36<02:10, 12.60it/s, est. speed input: 1660.49 toks/s, output: 3639.27 toks/s]
Processed prompts:  80%|███████▉  | 6362/8000 [10:36<02:18, 11.86it/s, est. speed input: 1660.12 toks/s, output: 3640.06 toks/s]
Processed prompts:  80%|███████▉  | 6366/8000 [10:37<02:07, 12.80it/s, est. speed input: 1659.74 toks/s, output: 3641.61 toks/s]
Processed prompts:  80%|███████▉  | 6368/8000 [10:37<02:47,  9.72it/s, est. speed input: 1659.76 toks/s, output: 3640.99 toks/s]
Processed prompts:  80%|███████▉  | 6370/8000 [10:37<02:39, 10.19it/s, est. speed input: 1659.63 toks/s, output: 3641.10 toks/s]
Processed prompts:  80%|███████▉  | 6372/8000 [10:37<02:35, 10.45it/s, est. speed input: 1659.47 toks/s, output: 3641.70 toks/s]
Processed prompts:  80%|███████▉  | 6374/8000 [10:38<03:04,  8.82it/s, est. speed input: 1658.75 toks/s, output: 3641.44 toks/s]
Processed prompts:  80%|███████▉  | 6375/8000 [10:38<03:05,  8.78it/s, est. speed input: 1658.75 toks/s, output: 3640.99 toks/s]
Processed prompts:  80%|███████▉  | 6376/8000 [10:38<03:14,  8.36it/s, est. speed input: 1658.69 toks/s, output: 3640.96 toks/s]
Processed prompts:  80%|███████▉  | 6378/8000 [10:38<02:40, 10.14it/s, est. speed input: 1658.76 toks/s, output: 3641.90 toks/s]
Processed prompts:  80%|███████▉  | 6382/8000 [10:38<02:35, 10.41it/s, est. speed input: 1658.91 toks/s, output: 3642.39 toks/s]
Processed prompts:  80%|███████▉  | 6384/8000 [10:38<02:21, 11.39it/s, est. speed input: 1659.01 toks/s, output: 3643.14 toks/s]
Processed prompts:  80%|███████▉  | 6386/8000 [10:39<02:49,  9.52it/s, est. speed input: 1658.50 toks/s, output: 3642.47 toks/s]
Processed prompts:  80%|███████▉  | 6388/8000 [10:39<02:33, 10.51it/s, est. speed input: 1658.38 toks/s, output: 3643.28 toks/s]
Processed prompts:  80%|███████▉  | 6390/8000 [10:39<02:30, 10.67it/s, est. speed input: 1658.00 toks/s, output: 3643.86 toks/s]
Processed prompts:  80%|███████▉  | 6392/8000 [10:39<02:44,  9.75it/s, est. speed input: 1658.29 toks/s, output: 3643.85 toks/s]
Processed prompts:  80%|███████▉  | 6394/8000 [10:40<02:34, 10.37it/s, est. speed input: 1658.57 toks/s, output: 3644.52 toks/s]
Processed prompts:  80%|███████▉  | 6396/8000 [10:40<02:51,  9.33it/s, est. speed input: 1658.66 toks/s, output: 3644.61 toks/s]
Processed prompts:  80%|███████▉  | 6397/8000 [10:40<03:14,  8.26it/s, est. speed input: 1658.46 toks/s, output: 3644.34 toks/s]
Processed prompts:  80%|███████▉  | 6398/8000 [10:40<04:42,  5.67it/s, est. speed input: 1657.52 toks/s, output: 3642.88 toks/s]
Processed prompts:  80%|████████  | 6403/8000 [10:41<02:55,  9.08it/s, est. speed input: 1657.70 toks/s, output: 3645.06 toks/s]
Processed prompts:  80%|████████  | 6405/8000 [10:41<03:00,  8.84it/s, est. speed input: 1658.58 toks/s, output: 3644.55 toks/s]
Processed prompts:  80%|████████  | 6408/8000 [10:41<02:30, 10.60it/s, est. speed input: 1658.73 toks/s, output: 3645.29 toks/s]
Processed prompts:  80%|████████  | 6410/8000 [10:41<02:34, 10.26it/s, est. speed input: 1658.95 toks/s, output: 3644.96 toks/s]
Processed prompts:  80%|████████  | 6413/8000 [10:41<02:04, 12.77it/s, est. speed input: 1659.24 toks/s, output: 3646.62 toks/s]
Processed prompts:  80%|████████  | 6424/8000 [10:42<00:55, 28.39it/s, est. speed input: 1662.18 toks/s, output: 3654.67 toks/s]
Processed prompts:  80%|████████  | 6428/8000 [10:42<01:43, 15.19it/s, est. speed input: 1662.62 toks/s, output: 3654.28 toks/s]
Processed prompts:  80%|████████  | 6432/8000 [10:42<01:36, 16.29it/s, est. speed input: 1663.63 toks/s, output: 3656.35 toks/s]
Processed prompts:  81%|████████  | 6442/8000 [10:43<01:19, 19.50it/s, est. speed input: 1665.12 toks/s, output: 3661.47 toks/s]
Processed prompts:  81%|████████  | 6448/8000 [10:43<01:38, 15.84it/s, est. speed input: 1666.36 toks/s, output: 3663.12 toks/s]
Processed prompts:  81%|████████  | 6460/8000 [10:44<01:11, 21.60it/s, est. speed input: 1669.80 toks/s, output: 3670.37 toks/s]
Processed prompts:  81%|████████▏ | 6516/8000 [10:44<00:31, 47.55it/s, est. speed input: 1685.51 toks/s, output: 3709.98 toks/s]
Processed prompts:  82%|████████▏ | 6521/8000 [10:48<02:00, 12.32it/s, est. speed input: 1677.35 toks/s, output: 3691.35 toks/s]
Processed prompts:  82%|████████▏ | 6524/8000 [10:48<01:59, 12.35it/s, est. speed input: 1677.27 toks/s, output: 3690.22 toks/s]
Processed prompts:  82%|████████▏ | 6531/8000 [10:48<01:42, 14.30it/s, est. speed input: 1678.52 toks/s, output: 3690.19 toks/s]
Processed prompts:  82%|████████▏ | 6536/8000 [10:48<01:31, 15.99it/s, est. speed input: 1678.93 toks/s, output: 3689.57 toks/s]
Processed prompts:  82%|████████▏ | 6540/8000 [10:49<01:38, 14.76it/s, est. speed input: 1678.88 toks/s, output: 3688.24 toks/s]
Processed prompts:  82%|████████▏ | 6543/8000 [10:49<01:53, 12.88it/s, est. speed input: 1679.13 toks/s, output: 3685.99 toks/s]
Processed prompts:  82%|████████▏ | 6546/8000 [10:50<01:58, 12.27it/s, est. speed input: 1678.83 toks/s, output: 3684.93 toks/s]
Processed prompts:  82%|████████▏ | 6548/8000 [10:50<01:56, 12.44it/s, est. speed input: 1678.71 toks/s, output: 3684.18 toks/s]
Processed prompts:  82%|████████▏ | 6550/8000 [10:50<02:55,  8.27it/s, est. speed input: 1677.47 toks/s, output: 3680.68 toks/s]
Processed prompts:  82%|████████▏ | 6552/8000 [10:51<03:28,  6.95it/s, est. speed input: 1676.40 toks/s, output: 3678.72 toks/s]
Processed prompts:  82%|████████▏ | 6556/8000 [10:51<02:31,  9.52it/s, est. speed input: 1677.12 toks/s, output: 3679.35 toks/s]
Processed prompts:  82%|████████▏ | 6558/8000 [10:52<03:36,  6.65it/s, est. speed input: 1675.94 toks/s, output: 3675.78 toks/s]
Processed prompts:  82%|████████▏ | 6560/8000 [10:52<04:35,  5.23it/s, est. speed input: 1674.41 toks/s, output: 3672.22 toks/s]
Processed prompts:  82%|████████▏ | 6561/8000 [10:53<05:00,  4.79it/s, est. speed input: 1674.09 toks/s, output: 3670.53 toks/s]
Processed prompts:  82%|████████▏ | 6562/8000 [10:53<04:43,  5.07it/s, est. speed input: 1674.28 toks/s, output: 3670.54 toks/s]
Processed prompts:  82%|████████▏ | 6563/8000 [10:53<05:55,  4.04it/s, est. speed input: 1673.15 toks/s, output: 3668.07 toks/s]
Processed prompts:  82%|████████▏ | 6564/8000 [10:54<06:35,  3.63it/s, est. speed input: 1672.27 toks/s, output: 3666.08 toks/s]
Processed prompts:  82%|████████▏ | 6565/8000 [10:54<05:45,  4.15it/s, est. speed input: 1672.20 toks/s, output: 3665.86 toks/s]
Processed prompts:  82%|████████▏ | 6567/8000 [10:54<05:06,  4.67it/s, est. speed input: 1671.66 toks/s, output: 3664.30 toks/s]
Processed prompts:  82%|████████▏ | 6568/8000 [10:54<04:57,  4.81it/s, est. speed input: 1671.49 toks/s, output: 3664.03 toks/s]
Processed prompts:  82%|████████▏ | 6569/8000 [10:54<04:39,  5.11it/s, est. speed input: 1671.17 toks/s, output: 3663.94 toks/s]
Processed prompts:  82%|████████▏ | 6573/8000 [10:55<02:33,  9.27it/s, est. speed input: 1671.45 toks/s, output: 3664.57 toks/s]
Processed prompts:  82%|████████▏ | 6575/8000 [10:55<02:33,  9.29it/s, est. speed input: 1671.02 toks/s, output: 3664.58 toks/s]
Processed prompts:  82%|████████▏ | 6578/8000 [10:55<02:10, 10.88it/s, est. speed input: 1670.79 toks/s, output: 3663.94 toks/s]
Processed prompts:  82%|████████▏ | 6580/8000 [10:55<02:37,  8.99it/s, est. speed input: 1671.00 toks/s, output: 3662.72 toks/s]
Processed prompts:  82%|████████▏ | 6582/8000 [10:56<02:32,  9.31it/s, est. speed input: 1671.29 toks/s, output: 3662.88 toks/s]
Processed prompts:  82%|████████▏ | 6585/8000 [10:56<03:18,  7.11it/s, est. speed input: 1670.50 toks/s, output: 3660.12 toks/s]
Processed prompts:  82%|████████▏ | 6586/8000 [10:56<03:14,  7.29it/s, est. speed input: 1670.29 toks/s, output: 3659.65 toks/s]
Processed prompts:  82%|████████▏ | 6588/8000 [10:56<02:40,  8.78it/s, est. speed input: 1670.45 toks/s, output: 3659.39 toks/s]
Processed prompts:  82%|████████▏ | 6590/8000 [10:56<02:17, 10.23it/s, est. speed input: 1670.72 toks/s, output: 3659.69 toks/s]
Processed prompts:  82%|████████▏ | 6593/8000 [10:57<02:14, 10.46it/s, est. speed input: 1670.28 toks/s, output: 3658.91 toks/s]
Processed prompts:  82%|████████▏ | 6595/8000 [10:58<04:31,  5.18it/s, est. speed input: 1668.21 toks/s, output: 3654.30 toks/s]
Processed prompts:  82%|████████▏ | 6597/8000 [10:58<03:59,  5.86it/s, est. speed input: 1668.07 toks/s, output: 3653.49 toks/s]
Processed prompts:  82%|████████▏ | 6599/8000 [10:58<03:57,  5.91it/s, est. speed input: 1668.22 toks/s, output: 3652.71 toks/s]
Processed prompts:  82%|████████▎ | 6600/8000 [10:58<03:45,  6.20it/s, est. speed input: 1668.11 toks/s, output: 3652.26 toks/s]
Processed prompts:  83%|████████▎ | 6602/8000 [10:58<03:10,  7.34it/s, est. speed input: 1668.26 toks/s, output: 3651.81 toks/s]
Processed prompts:  83%|████████▎ | 6604/8000 [10:59<02:39,  8.73it/s, est. speed input: 1668.34 toks/s, output: 3651.62 toks/s]
Processed prompts:  83%|████████▎ | 6607/8000 [10:59<02:10, 10.68it/s, est. speed input: 1668.34 toks/s, output: 3651.92 toks/s]
Processed prompts:  83%|████████▎ | 6609/8000 [10:59<02:16, 10.19it/s, est. speed input: 1668.47 toks/s, output: 3651.41 toks/s]
Processed prompts:  83%|████████▎ | 6611/8000 [10:59<03:05,  7.48it/s, est. speed input: 1667.55 toks/s, output: 3650.17 toks/s]
Processed prompts:  83%|████████▎ | 6612/8000 [11:00<03:22,  6.84it/s, est. speed input: 1667.14 toks/s, output: 3649.30 toks/s]
Processed prompts:  83%|████████▎ | 6613/8000 [11:00<03:12,  7.21it/s, est. speed input: 1666.97 toks/s, output: 3648.99 toks/s]
Processed prompts:  83%|████████▎ | 6614/8000 [11:00<03:02,  7.59it/s, est. speed input: 1666.75 toks/s, output: 3648.68 toks/s]
Processed prompts:  83%|████████▎ | 6616/8000 [11:00<02:39,  8.66it/s, est. speed input: 1666.61 toks/s, output: 3648.48 toks/s]
Processed prompts:  83%|████████▎ | 6619/8000 [11:00<02:20,  9.86it/s, est. speed input: 1668.00 toks/s, output: 3648.45 toks/s]
Processed prompts:  83%|████████▎ | 6622/8000 [11:01<02:26,  9.41it/s, est. speed input: 1667.40 toks/s, output: 3647.45 toks/s]
Processed prompts:  83%|████████▎ | 6627/8000 [11:01<02:58,  7.70it/s, est. speed input: 1666.80 toks/s, output: 3644.72 toks/s]
Processed prompts:  83%|████████▎ | 6629/8000 [11:02<03:15,  7.03it/s, est. speed input: 1666.47 toks/s, output: 3643.76 toks/s]
Processed prompts:  83%|████████▎ | 6630/8000 [11:02<03:15,  7.00it/s, est. speed input: 1666.75 toks/s, output: 3643.46 toks/s]
Processed prompts:  83%|████████▎ | 6631/8000 [11:02<03:17,  6.94it/s, est. speed input: 1666.42 toks/s, output: 3643.40 toks/s]
Processed prompts:  83%|████████▎ | 6634/8000 [11:02<02:50,  8.00it/s, est. speed input: 1666.33 toks/s, output: 3642.88 toks/s]
Processed prompts:  83%|████████▎ | 6636/8000 [11:03<03:29,  6.52it/s, est. speed input: 1665.47 toks/s, output: 3641.48 toks/s]
Processed prompts:  83%|████████▎ | 6638/8000 [11:03<02:51,  7.92it/s, est. speed input: 1665.31 toks/s, output: 3641.55 toks/s]
Processed prompts:  83%|████████▎ | 6640/8000 [11:03<02:43,  8.30it/s, est. speed input: 1665.50 toks/s, output: 3641.54 toks/s]
Processed prompts:  83%|████████▎ | 6643/8000 [11:04<02:34,  8.77it/s, est. speed input: 1665.02 toks/s, output: 3642.00 toks/s]
Processed prompts:  83%|████████▎ | 6644/8000 [11:04<02:56,  7.66it/s, est. speed input: 1664.84 toks/s, output: 3641.56 toks/s]
Processed prompts:  83%|████████▎ | 6645/8000 [11:04<03:21,  6.73it/s, est. speed input: 1664.30 toks/s, output: 3641.07 toks/s]
Processed prompts:  83%|████████▎ | 6647/8000 [11:04<03:00,  7.50it/s, est. speed input: 1664.43 toks/s, output: 3640.81 toks/s]
Processed prompts:  83%|████████▎ | 6649/8000 [11:04<02:33,  8.81it/s, est. speed input: 1664.24 toks/s, output: 3641.17 toks/s]
Processed prompts:  83%|████████▎ | 6651/8000 [11:05<02:55,  7.68it/s, est. speed input: 1663.72 toks/s, output: 3640.15 toks/s]
Processed prompts:  83%|████████▎ | 6653/8000 [11:05<02:24,  9.32it/s, est. speed input: 1663.75 toks/s, output: 3640.32 toks/s]
Processed prompts:  83%|████████▎ | 6655/8000 [11:05<02:04, 10.78it/s, est. speed input: 1664.16 toks/s, output: 3640.92 toks/s]
Processed prompts:  83%|████████▎ | 6658/8000 [11:06<03:41,  6.05it/s, est. speed input: 1662.52 toks/s, output: 3637.67 toks/s]
Processed prompts:  83%|████████▎ | 6660/8000 [11:06<03:32,  6.30it/s, est. speed input: 1662.52 toks/s, output: 3637.32 toks/s]
Processed prompts:  83%|████████▎ | 6663/8000 [11:06<02:52,  7.75it/s, est. speed input: 1662.41 toks/s, output: 3638.34 toks/s]
Processed prompts:  83%|████████▎ | 6665/8000 [11:06<02:51,  7.76it/s, est. speed input: 1662.90 toks/s, output: 3638.48 toks/s]
Processed prompts:  83%|████████▎ | 6666/8000 [11:07<02:57,  7.50it/s, est. speed input: 1663.21 toks/s, output: 3638.38 toks/s]
Processed prompts:  83%|████████▎ | 6669/8000 [11:07<02:48,  7.92it/s, est. speed input: 1663.19 toks/s, output: 3638.15 toks/s]
Processed prompts:  83%|████████▎ | 6670/8000 [11:07<03:04,  7.21it/s, est. speed input: 1663.26 toks/s, output: 3637.81 toks/s]
Processed prompts:  83%|████████▎ | 6671/8000 [11:07<03:18,  6.69it/s, est. speed input: 1663.45 toks/s, output: 3637.50 toks/s]
Processed prompts:  83%|████████▎ | 6674/8000 [11:08<02:51,  7.74it/s, est. speed input: 1663.33 toks/s, output: 3637.80 toks/s]
Processed prompts:  83%|████████▎ | 6675/8000 [11:08<02:54,  7.59it/s, est. speed input: 1663.28 toks/s, output: 3637.79 toks/s]
Processed prompts:  83%|████████▎ | 6676/8000 [11:08<03:31,  6.26it/s, est. speed input: 1662.64 toks/s, output: 3637.08 toks/s]
Processed prompts:  83%|████████▎ | 6677/8000 [11:08<04:34,  4.82it/s, est. speed input: 1662.05 toks/s, output: 3635.80 toks/s]
Processed prompts:  83%|████████▎ | 6678/8000 [11:09<04:12,  5.24it/s, est. speed input: 1662.40 toks/s, output: 3635.82 toks/s]
Processed prompts:  83%|████████▎ | 6679/8000 [11:09<04:28,  4.91it/s, est. speed input: 1661.85 toks/s, output: 3635.00 toks/s]
Processed prompts:  84%|████████▎ | 6680/8000 [11:09<04:05,  5.37it/s, est. speed input: 1661.62 toks/s, output: 3635.02 toks/s]
Processed prompts:  84%|████████▎ | 6681/8000 [11:09<03:47,  5.79it/s, est. speed input: 1661.36 toks/s, output: 3634.95 toks/s]
Processed prompts:  84%|████████▎ | 6682/8000 [11:10<05:09,  4.25it/s, est. speed input: 1660.56 toks/s, output: 3633.58 toks/s]
Processed prompts:  84%|████████▎ | 6683/8000 [11:10<04:42,  4.65it/s, est. speed input: 1660.21 toks/s, output: 3633.42 toks/s]
Processed prompts:  84%|████████▎ | 6685/8000 [11:10<03:47,  5.77it/s, est. speed input: 1660.34 toks/s, output: 3633.37 toks/s]
Processed prompts:  84%|████████▎ | 6686/8000 [11:10<03:56,  5.55it/s, est. speed input: 1660.02 toks/s, output: 3633.04 toks/s]
Processed prompts:  84%|████████▎ | 6687/8000 [11:10<04:09,  5.25it/s, est. speed input: 1659.84 toks/s, output: 3632.62 toks/s]
Processed prompts:  84%|████████▎ | 6688/8000 [11:10<03:44,  5.85it/s, est. speed input: 1659.76 toks/s, output: 3632.74 toks/s]
Processed prompts:  84%|████████▎ | 6691/8000 [11:11<02:15,  9.63it/s, est. speed input: 1659.92 toks/s, output: 3634.28 toks/s]
Processed prompts:  84%|████████▎ | 6693/8000 [11:11<03:10,  6.85it/s, est. speed input: 1659.09 toks/s, output: 3633.34 toks/s]
Processed prompts:  84%|████████▎ | 6696/8000 [11:11<02:23,  9.08it/s, est. speed input: 1659.01 toks/s, output: 3634.42 toks/s]
Processed prompts:  84%|████████▎ | 6698/8000 [11:12<02:50,  7.63it/s, est. speed input: 1659.04 toks/s, output: 3633.75 toks/s]
Processed prompts:  84%|████████▍ | 6700/8000 [11:12<02:33,  8.44it/s, est. speed input: 1659.49 toks/s, output: 3634.33 toks/s]
Processed prompts:  84%|████████▍ | 6703/8000 [11:12<02:18,  9.35it/s, est. speed input: 1659.38 toks/s, output: 3635.18 toks/s]
Processed prompts:  84%|████████▍ | 6706/8000 [11:12<02:26,  8.83it/s, est. speed input: 1659.44 toks/s, output: 3635.44 toks/s]
Processed prompts:  84%|████████▍ | 6707/8000 [11:13<02:50,  7.57it/s, est. speed input: 1659.34 toks/s, output: 3634.39 toks/s]
Processed prompts:  84%|████████▍ | 6709/8000 [11:13<02:22,  9.04it/s, est. speed input: 1659.95 toks/s, output: 3635.10 toks/s]
Processed prompts:  84%|████████▍ | 6711/8000 [11:13<02:02, 10.52it/s, est. speed input: 1660.29 toks/s, output: 3635.60 toks/s]
Processed prompts:  84%|████████▍ | 6715/8000 [11:13<01:58, 10.85it/s, est. speed input: 1660.15 toks/s, output: 3636.38 toks/s]
Processed prompts:  84%|████████▍ | 6718/8000 [11:14<01:53, 11.31it/s, est. speed input: 1660.20 toks/s, output: 3637.19 toks/s]
Processed prompts:  84%|████████▍ | 6720/8000 [11:14<02:38,  8.06it/s, est. speed input: 1659.80 toks/s, output: 3636.15 toks/s]
Processed prompts:  84%|████████▍ | 6721/8000 [11:14<02:53,  7.38it/s, est. speed input: 1659.67 toks/s, output: 3635.73 toks/s]
Processed prompts:  84%|████████▍ | 6723/8000 [11:14<02:54,  7.30it/s, est. speed input: 1659.48 toks/s, output: 3635.58 toks/s]
Processed prompts:  84%|████████▍ | 6724/8000 [11:15<03:43,  5.72it/s, est. speed input: 1658.98 toks/s, output: 3634.43 toks/s]
Processed prompts:  84%|████████▍ | 6725/8000 [11:15<04:49,  4.40it/s, est. speed input: 1658.03 toks/s, output: 3632.70 toks/s]
Processed prompts:  84%|████████▍ | 6730/8000 [11:15<02:18,  9.20it/s, est. speed input: 1658.88 toks/s, output: 3635.82 toks/s]
Processed prompts:  84%|████████▍ | 6732/8000 [11:16<02:41,  7.84it/s, est. speed input: 1658.29 toks/s, output: 3635.13 toks/s]
Processed prompts:  84%|████████▍ | 6737/8000 [11:16<01:42, 12.38it/s, est. speed input: 1658.68 toks/s, output: 3637.62 toks/s]
Processed prompts:  84%|████████▍ | 6739/8000 [11:16<02:19,  9.02it/s, est. speed input: 1658.71 toks/s, output: 3636.65 toks/s]
Processed prompts:  84%|████████▍ | 6741/8000 [11:17<02:56,  7.13it/s, est. speed input: 1657.86 toks/s, output: 3635.62 toks/s]
Processed prompts:  84%|████████▍ | 6743/8000 [11:17<02:46,  7.56it/s, est. speed input: 1657.74 toks/s, output: 3635.89 toks/s]
Processed prompts:  84%|████████▍ | 6746/8000 [11:17<02:20,  8.91it/s, est. speed input: 1657.87 toks/s, output: 3636.84 toks/s]
Processed prompts:  84%|████████▍ | 6748/8000 [11:17<02:07,  9.79it/s, est. speed input: 1657.64 toks/s, output: 3637.58 toks/s]
Processed prompts:  84%|████████▍ | 6751/8000 [11:18<02:00, 10.38it/s, est. speed input: 1657.22 toks/s, output: 3637.87 toks/s]
Processed prompts:  84%|████████▍ | 6753/8000 [11:18<01:54, 10.91it/s, est. speed input: 1657.33 toks/s, output: 3638.55 toks/s]
Processed prompts:  84%|████████▍ | 6757/8000 [11:18<01:33, 13.36it/s, est. speed input: 1658.03 toks/s, output: 3639.50 toks/s]
Processed prompts:  84%|████████▍ | 6760/8000 [11:18<01:56, 10.61it/s, est. speed input: 1657.68 toks/s, output: 3638.85 toks/s]
Processed prompts:  85%|████████▍ | 6763/8000 [11:19<01:41, 12.17it/s, est. speed input: 1657.76 toks/s, output: 3640.23 toks/s]
Processed prompts:  85%|████████▍ | 6765/8000 [11:19<02:07,  9.67it/s, est. speed input: 1657.18 toks/s, output: 3639.80 toks/s]
Processed prompts:  85%|████████▍ | 6768/8000 [11:19<01:41, 12.12it/s, est. speed input: 1658.16 toks/s, output: 3641.38 toks/s]
Processed prompts:  85%|████████▍ | 6770/8000 [11:19<01:50, 11.12it/s, est. speed input: 1657.84 toks/s, output: 3641.59 toks/s]
Processed prompts:  85%|████████▍ | 6772/8000 [11:20<02:17,  8.93it/s, est. speed input: 1658.05 toks/s, output: 3641.20 toks/s]
Processed prompts:  85%|████████▍ | 6774/8000 [11:20<02:27,  8.29it/s, est. speed input: 1658.68 toks/s, output: 3641.12 toks/s]
Processed prompts:  85%|████████▍ | 6777/8000 [11:20<01:58, 10.33it/s, est. speed input: 1658.44 toks/s, output: 3642.47 toks/s]
Processed prompts:  85%|████████▍ | 6781/8000 [11:20<01:43, 11.81it/s, est. speed input: 1658.48 toks/s, output: 3643.09 toks/s]
Processed prompts:  85%|████████▍ | 6783/8000 [11:20<01:35, 12.71it/s, est. speed input: 1658.35 toks/s, output: 3642.93 toks/s]
Processed prompts:  85%|████████▍ | 6785/8000 [11:21<01:29, 13.57it/s, est. speed input: 1658.81 toks/s, output: 3643.79 toks/s]
Processed prompts:  85%|████████▍ | 6787/8000 [11:21<01:47, 11.23it/s, est. speed input: 1658.87 toks/s, output: 3643.87 toks/s]
Processed prompts:  85%|████████▍ | 6792/8000 [11:21<01:36, 12.46it/s, est. speed input: 1659.08 toks/s, output: 3645.34 toks/s]
Processed prompts:  85%|████████▌ | 6819/8000 [11:21<00:24, 47.40it/s, est. speed input: 1666.70 toks/s, output: 3664.87 toks/s]
Processed prompts:  85%|████████▌ | 6826/8000 [11:23<01:13, 16.05it/s, est. speed input: 1664.89 toks/s, output: 3662.47 toks/s]
Processed prompts:  85%|████████▌ | 6839/8000 [11:23<01:01, 18.75it/s, est. speed input: 1668.61 toks/s, output: 3668.80 toks/s]
Processed prompts:  86%|████████▌ | 6857/8000 [11:24<00:56, 20.36it/s, est. speed input: 1672.03 toks/s, output: 3677.40 toks/s]
Processed prompts:  86%|████████▌ | 6873/8000 [11:25<01:02, 18.18it/s, est. speed input: 1673.02 toks/s, output: 3683.69 toks/s]
Processed prompts:  86%|████████▋ | 6900/8000 [11:26<00:49, 22.30it/s, est. speed input: 1679.20 toks/s, output: 3697.87 toks/s]
Processed prompts:  86%|████████▋ | 6914/8000 [11:27<01:04, 16.79it/s, est. speed input: 1679.26 toks/s, output: 3699.81 toks/s]
Processed prompts:  86%|████████▋ | 6917/8000 [11:29<01:27, 12.43it/s, est. speed input: 1677.11 toks/s, output: 3694.19 toks/s]
Processed prompts:  87%|████████▋ | 6926/8000 [11:29<01:13, 14.64it/s, est. speed input: 1678.20 toks/s, output: 3693.78 toks/s]
Processed prompts:  87%|████████▋ | 6932/8000 [11:29<01:04, 16.54it/s, est. speed input: 1678.65 toks/s, output: 3693.04 toks/s]
Processed prompts:  87%|████████▋ | 6938/8000 [11:29<01:09, 15.34it/s, est. speed input: 1678.12 toks/s, output: 3691.20 toks/s]
Processed prompts:  87%|████████▋ | 6941/8000 [11:30<01:21, 13.07it/s, est. speed input: 1677.62 toks/s, output: 3689.02 toks/s]
Processed prompts:  87%|████████▋ | 6943/8000 [11:30<01:25, 12.41it/s, est. speed input: 1677.29 toks/s, output: 3688.03 toks/s]
Processed prompts:  87%|████████▋ | 6945/8000 [11:31<02:01,  8.68it/s, est. speed input: 1676.44 toks/s, output: 3684.54 toks/s]
Processed prompts:  87%|████████▋ | 6947/8000 [11:31<02:00,  8.77it/s, est. speed input: 1676.00 toks/s, output: 3684.31 toks/s]
Processed prompts:  87%|████████▋ | 6949/8000 [11:31<01:58,  8.84it/s, est. speed input: 1675.75 toks/s, output: 3683.49 toks/s]
Processed prompts:  87%|████████▋ | 6951/8000 [11:31<01:56,  8.97it/s, est. speed input: 1675.50 toks/s, output: 3682.65 toks/s]
Processed prompts:  87%|████████▋ | 6953/8000 [11:32<01:53,  9.19it/s, est. speed input: 1675.68 toks/s, output: 3681.95 toks/s]
Processed prompts:  87%|████████▋ | 6955/8000 [11:32<02:11,  7.97it/s, est. speed input: 1675.25 toks/s, output: 3680.39 toks/s]
Processed prompts:  87%|████████▋ | 6956/8000 [11:32<02:23,  7.29it/s, est. speed input: 1674.89 toks/s, output: 3679.39 toks/s]
Processed prompts:  87%|████████▋ | 6957/8000 [11:32<02:22,  7.32it/s, est. speed input: 1674.65 toks/s, output: 3678.76 toks/s]
Processed prompts:  87%|████████▋ | 6958/8000 [11:33<03:47,  4.59it/s, est. speed input: 1673.56 toks/s, output: 3676.08 toks/s]
Processed prompts:  87%|████████▋ | 6959/8000 [11:33<03:42,  4.69it/s, est. speed input: 1673.14 toks/s, output: 3675.19 toks/s]
Processed prompts:  87%|████████▋ | 6960/8000 [11:33<03:35,  4.83it/s, est. speed input: 1672.91 toks/s, output: 3674.30 toks/s]
Processed prompts:  87%|████████▋ | 6961/8000 [11:33<03:31,  4.92it/s, est. speed input: 1672.81 toks/s, output: 3674.02 toks/s]
Processed prompts:  87%|████████▋ | 6963/8000 [11:34<03:07,  5.53it/s, est. speed input: 1672.28 toks/s, output: 3672.68 toks/s]
Processed prompts:  87%|████████▋ | 6964/8000 [11:34<03:10,  5.44it/s, est. speed input: 1671.85 toks/s, output: 3671.77 toks/s]
Processed prompts:  87%|████████▋ | 6965/8000 [11:34<03:29,  4.93it/s, est. speed input: 1671.26 toks/s, output: 3670.55 toks/s]
Processed prompts:  87%|████████▋ | 6966/8000 [11:34<03:26,  5.02it/s, est. speed input: 1671.10 toks/s, output: 3669.72 toks/s]
Processed prompts:  87%|████████▋ | 6969/8000 [11:35<02:07,  8.07it/s, est. speed input: 1671.04 toks/s, output: 3669.27 toks/s]
Processed prompts:  87%|████████▋ | 6970/8000 [11:35<02:46,  6.18it/s, est. speed input: 1670.40 toks/s, output: 3667.86 toks/s]
Processed prompts:  87%|████████▋ | 6971/8000 [11:35<02:37,  6.52it/s, est. speed input: 1670.77 toks/s, output: 3667.94 toks/s]
Processed prompts:  87%|████████▋ | 6974/8000 [11:35<01:43,  9.87it/s, est. speed input: 1670.77 toks/s, output: 3668.16 toks/s]
Processed prompts:  87%|████████▋ | 6976/8000 [11:35<01:35, 10.67it/s, est. speed input: 1670.57 toks/s, output: 3667.73 toks/s]
Processed prompts:  87%|████████▋ | 6978/8000 [11:35<01:34, 10.79it/s, est. speed input: 1670.34 toks/s, output: 3667.11 toks/s]
Processed prompts:  87%|████████▋ | 6980/8000 [11:36<02:57,  5.74it/s, est. speed input: 1668.90 toks/s, output: 3663.76 toks/s]
Processed prompts:  87%|████████▋ | 6981/8000 [11:37<03:41,  4.60it/s, est. speed input: 1667.99 toks/s, output: 3661.80 toks/s]
Processed prompts:  87%|████████▋ | 6983/8000 [11:37<02:46,  6.13it/s, est. speed input: 1668.16 toks/s, output: 3661.60 toks/s]
Processed prompts:  87%|████████▋ | 6986/8000 [11:37<02:37,  6.42it/s, est. speed input: 1667.70 toks/s, output: 3659.91 toks/s]
Processed prompts:  87%|████████▋ | 6988/8000 [11:37<02:10,  7.74it/s, est. speed input: 1667.60 toks/s, output: 3659.65 toks/s]
Processed prompts:  87%|████████▋ | 6990/8000 [11:37<01:58,  8.54it/s, est. speed input: 1667.90 toks/s, output: 3659.70 toks/s]
Processed prompts:  87%|████████▋ | 6992/8000 [11:38<02:17,  7.31it/s, est. speed input: 1667.31 toks/s, output: 3658.18 toks/s]
Processed prompts:  87%|████████▋ | 6993/8000 [11:38<02:32,  6.62it/s, est. speed input: 1666.99 toks/s, output: 3657.26 toks/s]
Processed prompts:  87%|████████▋ | 6995/8000 [11:38<02:18,  7.27it/s, est. speed input: 1666.91 toks/s, output: 3656.63 toks/s]
Processed prompts:  87%|████████▋ | 6997/8000 [11:38<01:57,  8.53it/s, est. speed input: 1667.15 toks/s, output: 3656.29 toks/s]
Processed prompts:  87%|████████▋ | 6998/8000 [11:39<02:06,  7.91it/s, est. speed input: 1667.07 toks/s, output: 3655.82 toks/s]
Processed prompts:  88%|████████▊ | 7001/8000 [11:39<02:02,  8.16it/s, est. speed input: 1666.80 toks/s, output: 3654.73 toks/s]
Processed prompts:  88%|████████▊ | 7003/8000 [11:39<01:56,  8.56it/s, est. speed input: 1667.14 toks/s, output: 3654.63 toks/s]
Processed prompts:  88%|████████▊ | 7006/8000 [11:39<01:36, 10.29it/s, est. speed input: 1667.50 toks/s, output: 3654.33 toks/s]
Processed prompts:  88%|████████▊ | 7008/8000 [11:39<01:26, 11.46it/s, est. speed input: 1667.90 toks/s, output: 3654.41 toks/s]
Processed prompts:  88%|████████▊ | 7010/8000 [11:40<01:27, 11.31it/s, est. speed input: 1667.99 toks/s, output: 3654.10 toks/s]
Processed prompts:  88%|████████▊ | 7013/8000 [11:40<01:44,  9.45it/s, est. speed input: 1667.59 toks/s, output: 3653.73 toks/s]
Processed prompts:  88%|████████▊ | 7015/8000 [11:40<01:53,  8.65it/s, est. speed input: 1667.05 toks/s, output: 3653.22 toks/s]
Processed prompts:  88%|████████▊ | 7017/8000 [11:41<02:07,  7.72it/s, est. speed input: 1666.83 toks/s, output: 3652.07 toks/s]
Processed prompts:  88%|████████▊ | 7019/8000 [11:41<02:18,  7.06it/s, est. speed input: 1666.35 toks/s, output: 3651.28 toks/s]
Processed prompts:  88%|████████▊ | 7020/8000 [11:41<02:13,  7.35it/s, est. speed input: 1666.31 toks/s, output: 3651.45 toks/s]
Processed prompts:  88%|████████▊ | 7022/8000 [11:41<02:15,  7.24it/s, est. speed input: 1665.87 toks/s, output: 3651.00 toks/s]
Processed prompts:  88%|████████▊ | 7023/8000 [11:42<02:37,  6.21it/s, est. speed input: 1665.41 toks/s, output: 3649.99 toks/s]
Processed prompts:  88%|████████▊ | 7024/8000 [11:42<02:37,  6.20it/s, est. speed input: 1665.45 toks/s, output: 3649.88 toks/s]
Processed prompts:  88%|████████▊ | 7027/8000 [11:42<02:05,  7.76it/s, est. speed input: 1665.14 toks/s, output: 3650.04 toks/s]
Processed prompts:  88%|████████▊ | 7028/8000 [11:42<02:28,  6.57it/s, est. speed input: 1664.83 toks/s, output: 3649.03 toks/s]
Processed prompts:  88%|████████▊ | 7030/8000 [11:42<01:53,  8.55it/s, est. speed input: 1665.04 toks/s, output: 3649.55 toks/s]
Processed prompts:  88%|████████▊ | 7032/8000 [11:43<02:00,  8.03it/s, est. speed input: 1664.79 toks/s, output: 3648.74 toks/s]
Processed prompts:  88%|████████▊ | 7033/8000 [11:43<01:56,  8.31it/s, est. speed input: 1664.59 toks/s, output: 3648.93 toks/s]
Processed prompts:  88%|████████▊ | 7035/8000 [11:43<01:48,  8.85it/s, est. speed input: 1664.53 toks/s, output: 3648.56 toks/s]
Processed prompts:  88%|████████▊ | 7037/8000 [11:43<02:00,  7.99it/s, est. speed input: 1664.51 toks/s, output: 3647.69 toks/s]
Processed prompts:  88%|████████▊ | 7040/8000 [11:44<01:39,  9.69it/s, est. speed input: 1665.28 toks/s, output: 3647.99 toks/s]
Processed prompts:  88%|████████▊ | 7042/8000 [11:44<01:34, 10.11it/s, est. speed input: 1664.95 toks/s, output: 3648.17 toks/s]
Processed prompts:  88%|████████▊ | 7044/8000 [11:44<01:26, 11.08it/s, est. speed input: 1665.03 toks/s, output: 3648.14 toks/s]
Processed prompts:  88%|████████▊ | 7046/8000 [11:44<02:04,  7.69it/s, est. speed input: 1664.78 toks/s, output: 3646.89 toks/s]
Processed prompts:  88%|████████▊ | 7048/8000 [11:45<01:59,  7.99it/s, est. speed input: 1664.37 toks/s, output: 3647.16 toks/s]
Processed prompts:  88%|████████▊ | 7050/8000 [11:45<01:40,  9.48it/s, est. speed input: 1664.52 toks/s, output: 3648.01 toks/s]
Processed prompts:  88%|████████▊ | 7053/8000 [11:45<01:53,  8.34it/s, est. speed input: 1664.33 toks/s, output: 3647.56 toks/s]
Processed prompts:  88%|████████▊ | 7055/8000 [11:46<02:30,  6.28it/s, est. speed input: 1663.37 toks/s, output: 3645.61 toks/s]
Processed prompts:  88%|████████▊ | 7058/8000 [11:46<02:33,  6.12it/s, est. speed input: 1663.28 toks/s, output: 3644.54 toks/s]
Processed prompts:  88%|████████▊ | 7059/8000 [11:46<02:37,  5.96it/s, est. speed input: 1663.19 toks/s, output: 3643.96 toks/s]
Processed prompts:  88%|████████▊ | 7060/8000 [11:46<02:39,  5.88it/s, est. speed input: 1662.83 toks/s, output: 3643.75 toks/s]
Processed prompts:  88%|████████▊ | 7061/8000 [11:47<03:10,  4.94it/s, est. speed input: 1662.12 toks/s, output: 3642.45 toks/s]
Processed prompts:  88%|████████▊ | 7063/8000 [11:47<02:41,  5.79it/s, est. speed input: 1662.46 toks/s, output: 3642.64 toks/s]
Processed prompts:  88%|████████▊ | 7064/8000 [11:47<02:43,  5.74it/s, est. speed input: 1662.12 toks/s, output: 3642.43 toks/s]
Processed prompts:  88%|████████▊ | 7065/8000 [11:47<02:31,  6.16it/s, est. speed input: 1661.88 toks/s, output: 3642.53 toks/s]
Processed prompts:  88%|████████▊ | 7068/8000 [11:48<01:57,  7.96it/s, est. speed input: 1662.01 toks/s, output: 3643.08 toks/s]
Processed prompts:  88%|████████▊ | 7070/8000 [11:48<01:53,  8.18it/s, est. speed input: 1661.81 toks/s, output: 3643.06 toks/s]
Processed prompts:  88%|████████▊ | 7072/8000 [11:48<01:38,  9.45it/s, est. speed input: 1661.75 toks/s, output: 3643.23 toks/s]
Processed prompts:  88%|████████▊ | 7074/8000 [11:48<01:35,  9.65it/s, est. speed input: 1661.37 toks/s, output: 3643.11 toks/s]
Processed prompts:  88%|████████▊ | 7076/8000 [11:48<01:33,  9.87it/s, est. speed input: 1661.31 toks/s, output: 3643.57 toks/s]
Processed prompts:  88%|████████▊ | 7078/8000 [11:49<01:24, 10.91it/s, est. speed input: 1661.78 toks/s, output: 3644.30 toks/s]
Processed prompts:  88%|████████▊ | 7080/8000 [11:49<02:00,  7.61it/s, est. speed input: 1660.92 toks/s, output: 3643.27 toks/s]
Processed prompts:  89%|████████▊ | 7081/8000 [11:49<02:38,  5.80it/s, est. speed input: 1660.15 toks/s, output: 3642.13 toks/s]
Processed prompts:  89%|████████▊ | 7082/8000 [11:50<03:32,  4.32it/s, est. speed input: 1659.40 toks/s, output: 3640.48 toks/s]
Processed prompts:  89%|████████▊ | 7084/8000 [11:50<02:50,  5.39it/s, est. speed input: 1659.14 toks/s, output: 3640.41 toks/s]
Processed prompts:  89%|████████▊ | 7086/8000 [11:50<02:21,  6.44it/s, est. speed input: 1659.33 toks/s, output: 3640.43 toks/s]
Processed prompts:  89%|████████▊ | 7087/8000 [11:50<02:36,  5.82it/s, est. speed input: 1658.83 toks/s, output: 3639.71 toks/s]
Processed prompts:  89%|████████▊ | 7088/8000 [11:51<03:29,  4.34it/s, est. speed input: 1658.22 toks/s, output: 3638.20 toks/s]
Processed prompts:  89%|████████▊ | 7089/8000 [11:51<03:05,  4.90it/s, est. speed input: 1658.25 toks/s, output: 3638.30 toks/s]
Processed prompts:  89%|████████▊ | 7090/8000 [11:51<02:52,  5.28it/s, est. speed input: 1658.20 toks/s, output: 3638.27 toks/s]
Processed prompts:  89%|████████▊ | 7091/8000 [11:51<02:37,  5.75it/s, est. speed input: 1657.97 toks/s, output: 3638.13 toks/s]
Processed prompts:  89%|████████▊ | 7092/8000 [11:51<02:38,  5.74it/s, est. speed input: 1658.03 toks/s, output: 3637.95 toks/s]
Processed prompts:  89%|████████▊ | 7095/8000 [11:52<01:49,  8.23it/s, est. speed input: 1658.06 toks/s, output: 3638.58 toks/s]
Processed prompts:  89%|████████▊ | 7096/8000 [11:52<02:03,  7.35it/s, est. speed input: 1658.28 toks/s, output: 3638.32 toks/s]
Processed prompts:  89%|████████▊ | 7097/8000 [11:52<02:12,  6.81it/s, est. speed input: 1657.96 toks/s, output: 3637.96 toks/s]
Processed prompts:  89%|████████▊ | 7099/8000 [11:52<01:54,  7.85it/s, est. speed input: 1657.95 toks/s, output: 3638.23 toks/s]
Processed prompts:  89%|████████▉ | 7101/8000 [11:52<01:47,  8.37it/s, est. speed input: 1658.16 toks/s, output: 3638.59 toks/s]
Processed prompts:  89%|████████▉ | 7103/8000 [11:53<01:36,  9.26it/s, est. speed input: 1658.52 toks/s, output: 3639.15 toks/s]
Processed prompts:  89%|████████▉ | 7106/8000 [11:53<01:41,  8.82it/s, est. speed input: 1658.24 toks/s, output: 3639.45 toks/s]
Processed prompts:  89%|████████▉ | 7107/8000 [11:53<02:03,  7.22it/s, est. speed input: 1658.24 toks/s, output: 3638.83 toks/s]
Processed prompts:  89%|████████▉ | 7109/8000 [11:53<01:42,  8.66it/s, est. speed input: 1658.07 toks/s, output: 3639.43 toks/s]
Processed prompts:  89%|████████▉ | 7111/8000 [11:54<01:30,  9.80it/s, est. speed input: 1658.12 toks/s, output: 3639.97 toks/s]
Processed prompts:  89%|████████▉ | 7113/8000 [11:54<01:52,  7.91it/s, est. speed input: 1658.23 toks/s, output: 3639.52 toks/s]
Processed prompts:  89%|████████▉ | 7114/8000 [11:54<02:12,  6.70it/s, est. speed input: 1657.73 toks/s, output: 3638.95 toks/s]
Processed prompts:  89%|████████▉ | 7116/8000 [11:54<01:45,  8.38it/s, est. speed input: 1657.98 toks/s, output: 3639.76 toks/s]
Processed prompts:  89%|████████▉ | 7118/8000 [11:55<01:59,  7.36it/s, est. speed input: 1658.06 toks/s, output: 3639.46 toks/s]
Processed prompts:  89%|████████▉ | 7121/8000 [11:55<01:34,  9.31it/s, est. speed input: 1658.26 toks/s, output: 3640.59 toks/s]
Processed prompts:  89%|████████▉ | 7123/8000 [11:55<01:55,  7.60it/s, est. speed input: 1658.00 toks/s, output: 3639.94 toks/s]
Processed prompts:  89%|████████▉ | 7124/8000 [11:55<01:51,  7.87it/s, est. speed input: 1658.03 toks/s, output: 3640.01 toks/s]
Processed prompts:  89%|████████▉ | 7125/8000 [11:55<01:51,  7.87it/s, est. speed input: 1657.83 toks/s, output: 3640.08 toks/s]
Processed prompts:  89%|████████▉ | 7126/8000 [11:56<01:48,  8.03it/s, est. speed input: 1657.84 toks/s, output: 3640.21 toks/s]
Processed prompts:  89%|████████▉ | 7127/8000 [11:56<01:46,  8.18it/s, est. speed input: 1657.78 toks/s, output: 3640.34 toks/s]
Processed prompts:  89%|████████▉ | 7129/8000 [11:56<01:48,  8.01it/s, est. speed input: 1657.31 toks/s, output: 3640.46 toks/s]
Processed prompts:  89%|████████▉ | 7132/8000 [11:56<01:17, 11.16it/s, est. speed input: 1657.81 toks/s, output: 3641.86 toks/s]
Processed prompts:  89%|████████▉ | 7135/8000 [11:56<01:24, 10.21it/s, est. speed input: 1657.44 toks/s, output: 3642.23 toks/s]
Processed prompts:  89%|████████▉ | 7137/8000 [11:57<01:13, 11.75it/s, est. speed input: 1657.39 toks/s, output: 3642.75 toks/s]
Processed prompts:  89%|████████▉ | 7139/8000 [11:57<01:29,  9.63it/s, est. speed input: 1657.00 toks/s, output: 3642.17 toks/s]
Processed prompts:  89%|████████▉ | 7141/8000 [11:57<01:42,  8.36it/s, est. speed input: 1656.74 toks/s, output: 3641.84 toks/s]
Processed prompts:  89%|████████▉ | 7145/8000 [11:57<01:10, 12.19it/s, est. speed input: 1656.68 toks/s, output: 3643.96 toks/s]
Processed prompts:  89%|████████▉ | 7147/8000 [11:58<01:23, 10.17it/s, est. speed input: 1656.67 toks/s, output: 3643.88 toks/s]
Processed prompts:  89%|████████▉ | 7150/8000 [11:58<01:22, 10.29it/s, est. speed input: 1656.53 toks/s, output: 3644.57 toks/s]
Processed prompts:  89%|████████▉ | 7154/8000 [11:58<01:14, 11.34it/s, est. speed input: 1656.98 toks/s, output: 3645.30 toks/s]
Processed prompts:  89%|████████▉ | 7156/8000 [11:58<01:16, 10.99it/s, est. speed input: 1657.05 toks/s, output: 3645.70 toks/s]
Processed prompts:  89%|████████▉ | 7159/8000 [11:59<01:10, 11.87it/s, est. speed input: 1657.54 toks/s, output: 3646.77 toks/s]
Processed prompts:  90%|████████▉ | 7163/8000 [11:59<01:02, 13.47it/s, est. speed input: 1657.88 toks/s, output: 3648.45 toks/s]
Processed prompts:  90%|████████▉ | 7165/8000 [11:59<01:11, 11.69it/s, est. speed input: 1658.03 toks/s, output: 3648.58 toks/s]
Processed prompts:  90%|████████▉ | 7169/8000 [11:59<01:05, 12.62it/s, est. speed input: 1657.95 toks/s, output: 3650.03 toks/s]
Processed prompts:  90%|████████▉ | 7172/8000 [12:00<01:15, 10.96it/s, est. speed input: 1658.05 toks/s, output: 3649.79 toks/s]
Processed prompts:  90%|████████▉ | 7174/8000 [12:00<01:20, 10.30it/s, est. speed input: 1658.01 toks/s, output: 3650.01 toks/s]
Processed prompts:  90%|████████▉ | 7176/8000 [12:00<01:17, 10.59it/s, est. speed input: 1657.80 toks/s, output: 3650.12 toks/s]
Processed prompts:  90%|████████▉ | 7178/8000 [12:00<01:11, 11.57it/s, est. speed input: 1658.08 toks/s, output: 3650.91 toks/s]
Processed prompts:  90%|████████▉ | 7180/8000 [12:00<01:16, 10.65it/s, est. speed input: 1658.71 toks/s, output: 3651.17 toks/s]
Processed prompts:  90%|████████▉ | 7182/8000 [12:01<01:37,  8.39it/s, est. speed input: 1658.77 toks/s, output: 3650.70 toks/s]
Processed prompts:  90%|████████▉ | 7184/8000 [12:01<01:23,  9.72it/s, est. speed input: 1659.17 toks/s, output: 3651.50 toks/s]
Processed prompts:  90%|████████▉ | 7187/8000 [12:01<01:03, 12.81it/s, est. speed input: 1659.82 toks/s, output: 3652.61 toks/s]
Processed prompts:  90%|████████▉ | 7190/8000 [12:01<00:56, 14.38it/s, est. speed input: 1659.87 toks/s, output: 3653.93 toks/s]
Processed prompts:  90%|████████▉ | 7192/8000 [12:01<01:02, 12.88it/s, est. speed input: 1659.55 toks/s, output: 3654.31 toks/s]
Processed prompts:  90%|█████████ | 7205/8000 [12:02<00:24, 32.88it/s, est. speed input: 1663.94 toks/s, output: 3662.87 toks/s]
Processed prompts:  90%|█████████ | 7225/8000 [12:02<00:28, 27.64it/s, est. speed input: 1666.89 toks/s, output: 3672.49 toks/s]
Processed prompts:  91%|█████████ | 7267/8000 [12:03<00:22, 33.18it/s, est. speed input: 1674.00 toks/s, output: 3696.48 toks/s]
Processed prompts:  91%|█████████▏| 7307/8000 [12:05<00:22, 30.50it/s, est. speed input: 1680.29 toks/s, output: 3716.72 toks/s]
Processed prompts:  91%|█████████▏| 7311/8000 [12:08<00:56, 12.19it/s, est. speed input: 1674.29 toks/s, output: 3700.28 toks/s]
Processed prompts:  91%|█████████▏| 7314/8000 [12:08<00:56, 12.22it/s, est. speed input: 1674.03 toks/s, output: 3699.23 toks/s]
Processed prompts:  92%|█████████▏| 7321/8000 [12:09<00:48, 13.98it/s, est. speed input: 1674.63 toks/s, output: 3699.33 toks/s]
Processed prompts:  92%|█████████▏| 7332/8000 [12:09<00:37, 17.83it/s, est. speed input: 1675.75 toks/s, output: 3699.24 toks/s]
Processed prompts:  92%|█████████▏| 7341/8000 [12:09<00:30, 21.28it/s, est. speed input: 1676.50 toks/s, output: 3698.65 toks/s]
Processed prompts:  92%|█████████▏| 7346/8000 [12:10<00:37, 17.22it/s, est. speed input: 1676.39 toks/s, output: 3695.91 toks/s]
Processed prompts:  92%|█████████▏| 7350/8000 [12:10<00:50, 12.78it/s, est. speed input: 1675.31 toks/s, output: 3693.94 toks/s]
Processed prompts:  92%|█████████▏| 7353/8000 [12:11<00:55, 11.74it/s, est. speed input: 1674.68 toks/s, output: 3693.04 toks/s]
Processed prompts:  92%|█████████▏| 7357/8000 [12:11<00:50, 12.75it/s, est. speed input: 1675.97 toks/s, output: 3692.14 toks/s]
Processed prompts:  92%|█████████▏| 7359/8000 [12:11<00:59, 10.86it/s, est. speed input: 1675.39 toks/s, output: 3690.43 toks/s]
Processed prompts:  92%|█████████▏| 7361/8000 [12:12<01:24,  7.58it/s, est. speed input: 1674.22 toks/s, output: 3687.24 toks/s]
Processed prompts:  92%|█████████▏| 7364/8000 [12:12<01:13,  8.62it/s, est. speed input: 1674.65 toks/s, output: 3686.57 toks/s]
Processed prompts:  92%|█████████▏| 7366/8000 [12:12<01:20,  7.91it/s, est. speed input: 1674.70 toks/s, output: 3685.35 toks/s]
Processed prompts:  92%|█████████▏| 7369/8000 [12:13<01:09,  9.13it/s, est. speed input: 1674.41 toks/s, output: 3684.60 toks/s]
Processed prompts:  92%|█████████▏| 7371/8000 [12:13<01:02, 10.02it/s, est. speed input: 1674.55 toks/s, output: 3684.37 toks/s]
Processed prompts:  92%|█████████▏| 7373/8000 [12:13<01:04,  9.73it/s, est. speed input: 1674.38 toks/s, output: 3683.46 toks/s]
Processed prompts:  92%|█████████▏| 7375/8000 [12:13<01:18,  7.94it/s, est. speed input: 1674.56 toks/s, output: 3682.31 toks/s]
Processed prompts:  92%|█████████▏| 7376/8000 [12:14<01:21,  7.63it/s, est. speed input: 1674.41 toks/s, output: 3681.75 toks/s]
Processed prompts:  92%|█████████▏| 7377/8000 [12:14<01:35,  6.51it/s, est. speed input: 1674.25 toks/s, output: 3680.74 toks/s]
Processed prompts:  92%|█████████▏| 7378/8000 [12:14<01:48,  5.72it/s, est. speed input: 1673.70 toks/s, output: 3679.72 toks/s]
Processed prompts:  92%|█████████▏| 7379/8000 [12:14<02:00,  5.17it/s, est. speed input: 1673.32 toks/s, output: 3678.68 toks/s]
Processed prompts:  92%|█████████▏| 7381/8000 [12:15<01:36,  6.43it/s, est. speed input: 1673.32 toks/s, output: 3678.10 toks/s]
Processed prompts:  92%|█████████▏| 7383/8000 [12:15<01:16,  8.06it/s, est. speed input: 1673.26 toks/s, output: 3677.68 toks/s]
Processed prompts:  92%|█████████▏| 7384/8000 [12:15<01:16,  8.02it/s, est. speed input: 1673.01 toks/s, output: 3677.17 toks/s]
Processed prompts:  92%|█████████▏| 7385/8000 [12:15<01:41,  6.04it/s, est. speed input: 1672.47 toks/s, output: 3675.78 toks/s]
Processed prompts:  92%|█████████▏| 7386/8000 [12:15<01:43,  5.92it/s, est. speed input: 1672.49 toks/s, output: 3675.41 toks/s]
Processed prompts:  92%|█████████▏| 7388/8000 [12:16<02:08,  4.75it/s, est. speed input: 1671.48 toks/s, output: 3673.03 toks/s]
Processed prompts:  92%|█████████▏| 7391/8000 [12:16<01:42,  5.96it/s, est. speed input: 1671.20 toks/s, output: 3672.13 toks/s]
Processed prompts:  92%|█████████▏| 7393/8000 [12:16<01:32,  6.58it/s, est. speed input: 1671.39 toks/s, output: 3671.29 toks/s]
Processed prompts:  92%|█████████▏| 7395/8000 [12:17<01:20,  7.54it/s, est. speed input: 1671.52 toks/s, output: 3670.86 toks/s]
Processed prompts:  92%|█████████▏| 7398/8000 [12:17<01:06,  9.12it/s, est. speed input: 1671.31 toks/s, output: 3670.47 toks/s]
Processed prompts:  93%|█████████▎| 7402/8000 [12:17<00:45, 13.13it/s, est. speed input: 1671.86 toks/s, output: 3671.09 toks/s]
Processed prompts:  93%|█████████▎| 7404/8000 [12:18<01:21,  7.35it/s, est. speed input: 1670.75 toks/s, output: 3668.23 toks/s]
Processed prompts:  93%|█████████▎| 7406/8000 [12:18<01:09,  8.60it/s, est. speed input: 1670.66 toks/s, output: 3668.05 toks/s]
Processed prompts:  93%|█████████▎| 7408/8000 [12:18<01:08,  8.65it/s, est. speed input: 1670.51 toks/s, output: 3667.31 toks/s]
Processed prompts:  93%|█████████▎| 7410/8000 [12:18<00:58, 10.05it/s, est. speed input: 1670.60 toks/s, output: 3667.19 toks/s]
Processed prompts:  93%|█████████▎| 7412/8000 [12:18<01:19,  7.41it/s, est. speed input: 1669.92 toks/s, output: 3665.56 toks/s]
Processed prompts:  93%|█████████▎| 7414/8000 [12:19<01:17,  7.54it/s, est. speed input: 1670.01 toks/s, output: 3664.81 toks/s]
Processed prompts:  93%|█████████▎| 7416/8000 [12:19<01:22,  7.05it/s, est. speed input: 1669.66 toks/s, output: 3664.09 toks/s]
Processed prompts:  93%|█████████▎| 7418/8000 [12:19<01:14,  7.86it/s, est. speed input: 1669.76 toks/s, output: 3663.64 toks/s]
Processed prompts:  93%|█████████▎| 7420/8000 [12:19<01:08,  8.49it/s, est. speed input: 1669.57 toks/s, output: 3663.20 toks/s]
Processed prompts:  93%|█████████▎| 7423/8000 [12:20<00:56, 10.15it/s, est. speed input: 1669.53 toks/s, output: 3662.88 toks/s]
Processed prompts:  93%|█████████▎| 7425/8000 [12:20<00:57,  9.96it/s, est. speed input: 1669.45 toks/s, output: 3662.33 toks/s]
Processed prompts:  93%|█████████▎| 7427/8000 [12:20<01:03,  9.05it/s, est. speed input: 1669.28 toks/s, output: 3661.47 toks/s]
Processed prompts:  93%|█████████▎| 7430/8000 [12:20<00:54, 10.46it/s, est. speed input: 1669.29 toks/s, output: 3661.17 toks/s]
Processed prompts:  93%|█████████▎| 7432/8000 [12:21<01:07,  8.41it/s, est. speed input: 1669.37 toks/s, output: 3660.44 toks/s]
Processed prompts:  93%|█████████▎| 7433/8000 [12:21<01:08,  8.27it/s, est. speed input: 1669.16 toks/s, output: 3660.05 toks/s]
Processed prompts:  93%|█████████▎| 7434/8000 [12:21<01:18,  7.19it/s, est. speed input: 1668.88 toks/s, output: 3659.26 toks/s]
Processed prompts:  93%|█████████▎| 7436/8000 [12:21<01:15,  7.43it/s, est. speed input: 1668.86 toks/s, output: 3659.40 toks/s]
Processed prompts:  93%|█████████▎| 7438/8000 [12:21<01:03,  8.83it/s, est. speed input: 1668.96 toks/s, output: 3659.42 toks/s]
Processed prompts:  93%|█████████▎| 7439/8000 [12:22<01:05,  8.61it/s, est. speed input: 1669.08 toks/s, output: 3659.06 toks/s]
Processed prompts:  93%|█████████▎| 7440/8000 [12:22<01:05,  8.54it/s, est. speed input: 1669.01 toks/s, output: 3659.15 toks/s]
Processed prompts:  93%|█████████▎| 7442/8000 [12:22<01:01,  9.10it/s, est. speed input: 1668.71 toks/s, output: 3658.81 toks/s]
Processed prompts:  93%|█████████▎| 7445/8000 [12:22<00:48, 11.43it/s, est. speed input: 1668.98 toks/s, output: 3658.84 toks/s]
Processed prompts:  93%|█████████▎| 7449/8000 [12:23<00:54, 10.19it/s, est. speed input: 1669.04 toks/s, output: 3657.89 toks/s]
Processed prompts:  93%|█████████▎| 7452/8000 [12:23<01:02,  8.80it/s, est. speed input: 1668.54 toks/s, output: 3656.69 toks/s]
Processed prompts:  93%|█████████▎| 7453/8000 [12:23<01:04,  8.43it/s, est. speed input: 1668.23 toks/s, output: 3656.64 toks/s]
Processed prompts:  93%|█████████▎| 7455/8000 [12:23<01:11,  7.65it/s, est. speed input: 1667.88 toks/s, output: 3655.74 toks/s]
Processed prompts:  93%|█████████▎| 7456/8000 [12:24<01:15,  7.25it/s, est. speed input: 1667.53 toks/s, output: 3655.20 toks/s]
Processed prompts:  93%|█████████▎| 7458/8000 [12:24<01:03,  8.54it/s, est. speed input: 1667.62 toks/s, output: 3655.50 toks/s]
Processed prompts:  93%|█████████▎| 7459/8000 [12:24<01:30,  6.01it/s, est. speed input: 1667.00 toks/s, output: 3654.13 toks/s]
Processed prompts:  93%|█████████▎| 7460/8000 [12:24<01:24,  6.40it/s, est. speed input: 1666.92 toks/s, output: 3654.24 toks/s]
Processed prompts:  93%|█████████▎| 7461/8000 [12:24<01:30,  5.97it/s, est. speed input: 1666.59 toks/s, output: 3653.63 toks/s]
Processed prompts:  93%|█████████▎| 7463/8000 [12:25<01:23,  6.42it/s, est. speed input: 1666.60 toks/s, output: 3653.05 toks/s]
Processed prompts:  93%|█████████▎| 7465/8000 [12:25<01:26,  6.22it/s, est. speed input: 1666.36 toks/s, output: 3652.11 toks/s]
Processed prompts:  93%|█████████▎| 7466/8000 [12:25<01:32,  5.79it/s, est. speed input: 1665.93 toks/s, output: 3651.72 toks/s]
Processed prompts:  93%|█████████▎| 7467/8000 [12:25<01:28,  6.03it/s, est. speed input: 1666.10 toks/s, output: 3651.72 toks/s]
Processed prompts:  93%|█████████▎| 7468/8000 [12:26<01:38,  5.40it/s, est. speed input: 1665.70 toks/s, output: 3650.89 toks/s]
Processed prompts:  93%|█████████▎| 7470/8000 [12:26<01:15,  7.04it/s, est. speed input: 1665.88 toks/s, output: 3651.47 toks/s]
Processed prompts:  93%|█████████▎| 7472/8000 [12:26<01:07,  7.86it/s, est. speed input: 1665.65 toks/s, output: 3651.54 toks/s]
Processed prompts:  93%|█████████▎| 7474/8000 [12:26<01:17,  6.79it/s, est. speed input: 1665.40 toks/s, output: 3651.10 toks/s]
Processed prompts:  93%|█████████▎| 7476/8000 [12:27<01:43,  5.05it/s, est. speed input: 1664.36 toks/s, output: 3649.16 toks/s]
Processed prompts:  93%|█████████▎| 7478/8000 [12:27<01:20,  6.48it/s, est. speed input: 1664.65 toks/s, output: 3649.36 toks/s]
Processed prompts:  93%|█████████▎| 7479/8000 [12:27<01:19,  6.57it/s, est. speed input: 1664.84 toks/s, output: 3649.35 toks/s]
Processed prompts:  94%|█████████▎| 7482/8000 [12:27<00:54,  9.54it/s, est. speed input: 1665.03 toks/s, output: 3650.21 toks/s]
Processed prompts:  94%|█████████▎| 7484/8000 [12:28<01:03,  8.07it/s, est. speed input: 1664.48 toks/s, output: 3649.93 toks/s]
Processed prompts:  94%|█████████▎| 7486/8000 [12:28<00:57,  8.90it/s, est. speed input: 1664.52 toks/s, output: 3650.20 toks/s]
Processed prompts:  94%|█████████▎| 7488/8000 [12:28<00:59,  8.62it/s, est. speed input: 1664.27 toks/s, output: 3650.09 toks/s]
Processed prompts:  94%|█████████▎| 7490/8000 [12:29<01:15,  6.71it/s, est. speed input: 1663.84 toks/s, output: 3649.25 toks/s]
Processed prompts:  94%|█████████▎| 7491/8000 [12:29<01:14,  6.81it/s, est. speed input: 1663.73 toks/s, output: 3649.27 toks/s]
Processed prompts:  94%|█████████▎| 7494/8000 [12:29<01:07,  7.54it/s, est. speed input: 1663.93 toks/s, output: 3649.44 toks/s]
Processed prompts:  94%|█████████▎| 7495/8000 [12:29<01:15,  6.69it/s, est. speed input: 1663.81 toks/s, output: 3648.75 toks/s]
Processed prompts:  94%|█████████▎| 7498/8000 [12:30<01:02,  8.06it/s, est. speed input: 1664.07 toks/s, output: 3649.05 toks/s]
Processed prompts:  94%|█████████▎| 7499/8000 [12:30<01:15,  6.60it/s, est. speed input: 1663.58 toks/s, output: 3648.33 toks/s]
Processed prompts:  94%|█████████▍| 7500/8000 [12:30<01:16,  6.55it/s, est. speed input: 1663.52 toks/s, output: 3648.06 toks/s]
Processed prompts:  94%|█████████▍| 7502/8000 [12:30<00:59,  8.37it/s, est. speed input: 1663.95 toks/s, output: 3648.84 toks/s]
Processed prompts:  94%|█████████▍| 7504/8000 [12:31<01:19,  6.27it/s, est. speed input: 1663.36 toks/s, output: 3647.63 toks/s]
Processed prompts:  94%|█████████▍| 7505/8000 [12:31<01:14,  6.64it/s, est. speed input: 1663.16 toks/s, output: 3647.76 toks/s]
Processed prompts:  94%|█████████▍| 7508/8000 [12:31<00:49, 10.04it/s, est. speed input: 1663.05 toks/s, output: 3649.10 toks/s]
Processed prompts:  94%|█████████▍| 7510/8000 [12:31<00:46, 10.47it/s, est. speed input: 1663.40 toks/s, output: 3649.62 toks/s]
Processed prompts:  94%|█████████▍| 7512/8000 [12:32<01:18,  6.22it/s, est. speed input: 1662.84 toks/s, output: 3647.80 toks/s]
Processed prompts:  94%|█████████▍| 7515/8000 [12:32<01:04,  7.57it/s, est. speed input: 1663.07 toks/s, output: 3648.34 toks/s]
Processed prompts:  94%|█████████▍| 7517/8000 [12:32<01:07,  7.13it/s, est. speed input: 1662.55 toks/s, output: 3647.74 toks/s]
Processed prompts:  94%|█████████▍| 7519/8000 [12:33<01:16,  6.29it/s, est. speed input: 1662.55 toks/s, output: 3647.10 toks/s]
Processed prompts:  94%|█████████▍| 7521/8000 [12:33<01:02,  7.70it/s, est. speed input: 1662.76 toks/s, output: 3647.90 toks/s]
Processed prompts:  94%|█████████▍| 7523/8000 [12:33<01:04,  7.36it/s, est. speed input: 1662.18 toks/s, output: 3647.64 toks/s]
Processed prompts:  94%|█████████▍| 7525/8000 [12:33<00:54,  8.77it/s, est. speed input: 1662.63 toks/s, output: 3648.33 toks/s]
Processed prompts:  94%|█████████▍| 7527/8000 [12:33<00:55,  8.54it/s, est. speed input: 1662.88 toks/s, output: 3648.37 toks/s]
Processed prompts:  94%|█████████▍| 7529/8000 [12:34<00:53,  8.73it/s, est. speed input: 1663.16 toks/s, output: 3648.32 toks/s]
Processed prompts:  94%|█████████▍| 7532/8000 [12:34<00:52,  8.87it/s, est. speed input: 1662.62 toks/s, output: 3648.76 toks/s]
Processed prompts:  94%|█████████▍| 7534/8000 [12:34<00:44, 10.43it/s, est. speed input: 1663.31 toks/s, output: 3649.50 toks/s]
Processed prompts:  94%|█████████▍| 7536/8000 [12:34<00:44, 10.47it/s, est. speed input: 1663.03 toks/s, output: 3649.94 toks/s]
Processed prompts:  94%|█████████▍| 7538/8000 [12:35<00:44, 10.37it/s, est. speed input: 1663.59 toks/s, output: 3650.34 toks/s]
Processed prompts:  94%|█████████▍| 7541/8000 [12:35<00:38, 11.87it/s, est. speed input: 1663.66 toks/s, output: 3651.44 toks/s]
Processed prompts:  94%|█████████▍| 7543/8000 [12:35<00:42, 10.63it/s, est. speed input: 1663.48 toks/s, output: 3651.62 toks/s]
Processed prompts:  94%|█████████▍| 7545/8000 [12:35<00:46,  9.76it/s, est. speed input: 1663.06 toks/s, output: 3651.77 toks/s]
Processed prompts:  94%|█████████▍| 7547/8000 [12:35<00:53,  8.54it/s, est. speed input: 1663.29 toks/s, output: 3651.52 toks/s]
Processed prompts:  94%|█████████▍| 7549/8000 [12:36<00:49,  9.09it/s, est. speed input: 1663.21 toks/s, output: 3651.53 toks/s]
Processed prompts:  94%|█████████▍| 7551/8000 [12:36<00:42, 10.50it/s, est. speed input: 1663.16 toks/s, output: 3652.27 toks/s]
Processed prompts:  94%|█████████▍| 7553/8000 [12:36<00:38, 11.53it/s, est. speed input: 1663.06 toks/s, output: 3652.98 toks/s]
Processed prompts:  94%|█████████▍| 7555/8000 [12:36<00:49,  8.98it/s, est. speed input: 1662.80 toks/s, output: 3652.69 toks/s]
Processed prompts:  94%|█████████▍| 7557/8000 [12:36<00:44, 10.03it/s, est. speed input: 1662.79 toks/s, output: 3653.35 toks/s]
Processed prompts:  94%|█████████▍| 7559/8000 [12:37<00:45,  9.69it/s, est. speed input: 1662.71 toks/s, output: 3653.62 toks/s]
Processed prompts:  95%|█████████▍| 7561/8000 [12:37<01:06,  6.59it/s, est. speed input: 1662.45 toks/s, output: 3652.41 toks/s]
Processed prompts:  95%|█████████▍| 7563/8000 [12:37<00:53,  8.11it/s, est. speed input: 1662.58 toks/s, output: 3653.14 toks/s]
Processed prompts:  95%|█████████▍| 7565/8000 [12:38<00:55,  7.79it/s, est. speed input: 1662.58 toks/s, output: 3653.14 toks/s]
Processed prompts:  95%|█████████▍| 7568/8000 [12:38<00:47,  9.19it/s, est. speed input: 1662.23 toks/s, output: 3654.03 toks/s]
Processed prompts:  95%|█████████▍| 7570/8000 [12:38<00:44,  9.62it/s, est. speed input: 1661.99 toks/s, output: 3654.45 toks/s]
Processed prompts:  95%|█████████▍| 7572/8000 [12:38<00:45,  9.50it/s, est. speed input: 1662.53 toks/s, output: 3654.68 toks/s]
Processed prompts:  95%|█████████▍| 7574/8000 [12:38<00:44,  9.60it/s, est. speed input: 1662.20 toks/s, output: 3655.00 toks/s]
Processed prompts:  95%|█████████▍| 7577/8000 [12:39<00:33, 12.46it/s, est. speed input: 1662.58 toks/s, output: 3655.97 toks/s]
Processed prompts:  95%|█████████▍| 7579/8000 [12:39<00:31, 13.40it/s, est. speed input: 1662.45 toks/s, output: 3656.75 toks/s]
Processed prompts:  95%|█████████▍| 7584/8000 [12:39<00:31, 13.25it/s, est. speed input: 1662.83 toks/s, output: 3657.30 toks/s]
Processed prompts:  95%|█████████▍| 7587/8000 [12:39<00:29, 13.81it/s, est. speed input: 1663.33 toks/s, output: 3658.33 toks/s]
Processed prompts:  95%|█████████▍| 7592/8000 [12:40<00:27, 14.62it/s, est. speed input: 1663.53 toks/s, output: 3660.19 toks/s]
Processed prompts:  95%|█████████▍| 7594/8000 [12:40<00:36, 11.02it/s, est. speed input: 1663.85 toks/s, output: 3659.75 toks/s]
Processed prompts:  95%|█████████▌| 7600/8000 [12:40<00:26, 15.13it/s, est. speed input: 1664.11 toks/s, output: 3662.75 toks/s]
Processed prompts:  95%|█████████▌| 7602/8000 [12:40<00:28, 13.77it/s, est. speed input: 1664.47 toks/s, output: 3663.06 toks/s]
Processed prompts:  95%|█████████▌| 7605/8000 [12:41<00:35, 11.15it/s, est. speed input: 1664.34 toks/s, output: 3662.91 toks/s]
Processed prompts:  95%|█████████▌| 7607/8000 [12:41<00:36, 10.87it/s, est. speed input: 1664.45 toks/s, output: 3663.29 toks/s]
Processed prompts:  95%|█████████▌| 7613/8000 [12:41<00:25, 15.17it/s, est. speed input: 1664.66 toks/s, output: 3666.27 toks/s]
Processed prompts:  95%|█████████▌| 7615/8000 [12:41<00:27, 14.25it/s, est. speed input: 1664.83 toks/s, output: 3666.75 toks/s]
Processed prompts:  95%|█████████▌| 7617/8000 [12:41<00:26, 14.63it/s, est. speed input: 1665.41 toks/s, output: 3666.97 toks/s]
Processed prompts:  95%|█████████▌| 7620/8000 [12:42<00:27, 13.97it/s, est. speed input: 1665.95 toks/s, output: 3667.85 toks/s]
Processed prompts:  95%|█████████▌| 7622/8000 [12:42<00:26, 14.26it/s, est. speed input: 1665.77 toks/s, output: 3668.57 toks/s]
Processed prompts:  95%|█████████▌| 7625/8000 [12:42<00:30, 12.46it/s, est. speed input: 1665.88 toks/s, output: 3669.12 toks/s]
Processed prompts:  95%|█████████▌| 7627/8000 [12:42<00:29, 12.47it/s, est. speed input: 1665.86 toks/s, output: 3669.69 toks/s]
Processed prompts:  95%|█████████▌| 7629/8000 [12:43<00:37,  9.94it/s, est. speed input: 1665.52 toks/s, output: 3669.49 toks/s]
Processed prompts:  95%|█████████▌| 7631/8000 [12:43<00:35, 10.26it/s, est. speed input: 1666.08 toks/s, output: 3669.98 toks/s]
Processed prompts:  95%|█████████▌| 7633/8000 [12:43<00:38,  9.48it/s, est. speed input: 1666.33 toks/s, output: 3670.10 toks/s]
Processed prompts:  96%|█████████▋| 7715/8000 [12:44<00:05, 50.72it/s, est. speed input: 1684.36 toks/s, output: 3719.33 toks/s]
Processed prompts:  97%|█████████▋| 7721/8000 [12:45<00:06, 43.89it/s, est. speed input: 1684.93 toks/s, output: 3720.45 toks/s]
Processed prompts:  97%|█████████▋| 7724/8000 [12:45<00:07, 36.08it/s, est. speed input: 1684.84 toks/s, output: 3719.18 toks/s]
Processed prompts:  97%|█████████▋| 7727/8000 [12:45<00:10, 25.85it/s, est. speed input: 1683.98 toks/s, output: 3718.26 toks/s]
Processed prompts:  97%|█████████▋| 7729/8000 [12:46<00:13, 19.99it/s, est. speed input: 1683.53 toks/s, output: 3716.61 toks/s]
Processed prompts:  97%|█████████▋| 7732/8000 [12:46<00:13, 20.30it/s, est. speed input: 1683.73 toks/s, output: 3716.70 toks/s]
Processed prompts:  97%|█████████▋| 7734/8000 [12:46<00:16, 16.39it/s, est. speed input: 1683.27 toks/s, output: 3715.54 toks/s]
Processed prompts:  97%|█████████▋| 7736/8000 [12:47<00:19, 13.48it/s, est. speed input: 1682.85 toks/s, output: 3714.26 toks/s]
Processed prompts:  97%|█████████▋| 7738/8000 [12:47<00:21, 11.95it/s, est. speed input: 1682.55 toks/s, output: 3713.49 toks/s]
Processed prompts:  97%|█████████▋| 7739/8000 [12:47<00:24, 10.69it/s, est. speed input: 1682.32 toks/s, output: 3712.88 toks/s]
Processed prompts:  97%|█████████▋| 7741/8000 [12:47<00:27,  9.30it/s, est. speed input: 1682.51 toks/s, output: 3712.29 toks/s]
Processed prompts:  97%|█████████▋| 7742/8000 [12:47<00:30,  8.48it/s, est. speed input: 1682.35 toks/s, output: 3711.51 toks/s]
Processed prompts:  97%|█████████▋| 7743/8000 [12:48<00:36,  6.96it/s, est. speed input: 1681.82 toks/s, output: 3710.38 toks/s]
Processed prompts:  97%|█████████▋| 7746/8000 [12:48<00:29,  8.74it/s, est. speed input: 1681.64 toks/s, output: 3710.25 toks/s]
Processed prompts:  97%|█████████▋| 7748/8000 [12:48<00:26,  9.40it/s, est. speed input: 1681.50 toks/s, output: 3709.78 toks/s]
Processed prompts:  97%|█████████▋| 7749/8000 [12:48<00:31,  8.02it/s, est. speed input: 1681.24 toks/s, output: 3709.00 toks/s]
Processed prompts:  97%|█████████▋| 7752/8000 [12:49<00:24, 10.32it/s, est. speed input: 1681.28 toks/s, output: 3709.08 toks/s]
Processed prompts:  97%|█████████▋| 7754/8000 [12:49<00:29,  8.41it/s, est. speed input: 1680.84 toks/s, output: 3707.81 toks/s]
Processed prompts:  97%|█████████▋| 7757/8000 [12:49<00:25,  9.37it/s, est. speed input: 1680.70 toks/s, output: 3707.86 toks/s]
Processed prompts:  97%|█████████▋| 7758/8000 [12:49<00:28,  8.54it/s, est. speed input: 1680.60 toks/s, output: 3707.68 toks/s]
Processed prompts:  97%|█████████▋| 7760/8000 [12:50<00:30,  7.84it/s, est. speed input: 1680.04 toks/s, output: 3707.19 toks/s]
Processed prompts:  97%|█████████▋| 7762/8000 [12:50<00:26,  9.12it/s, est. speed input: 1679.85 toks/s, output: 3706.98 toks/s]
Processed prompts:  97%|█████████▋| 7764/8000 [12:50<00:32,  7.20it/s, est. speed input: 1679.32 toks/s, output: 3706.33 toks/s]
Processed prompts:  97%|█████████▋| 7765/8000 [12:50<00:32,  7.22it/s, est. speed input: 1679.11 toks/s, output: 3705.85 toks/s]
Processed prompts:  97%|█████████▋| 7766/8000 [12:51<00:45,  5.16it/s, est. speed input: 1678.63 toks/s, output: 3704.12 toks/s]
Processed prompts:  97%|█████████▋| 7768/8000 [12:51<00:34,  6.75it/s, est. speed input: 1678.78 toks/s, output: 3703.99 toks/s]
Processed prompts:  97%|█████████▋| 7770/8000 [12:51<00:27,  8.35it/s, est. speed input: 1678.63 toks/s, output: 3704.37 toks/s]
Processed prompts:  97%|█████████▋| 7772/8000 [12:51<00:27,  8.17it/s, est. speed input: 1678.58 toks/s, output: 3703.62 toks/s]
Processed prompts:  97%|█████████▋| 7774/8000 [12:52<00:37,  6.04it/s, est. speed input: 1677.90 toks/s, output: 3701.63 toks/s]
Processed prompts:  97%|█████████▋| 7777/8000 [12:52<00:25,  8.66it/s, est. speed input: 1678.11 toks/s, output: 3701.71 toks/s]
Processed prompts:  97%|█████████▋| 7779/8000 [12:52<00:22,  9.90it/s, est. speed input: 1678.09 toks/s, output: 3701.66 toks/s]
Processed prompts:  97%|█████████▋| 7783/8000 [12:52<00:17, 12.54it/s, est. speed input: 1678.16 toks/s, output: 3701.61 toks/s]
Processed prompts:  97%|█████████▋| 7785/8000 [12:52<00:17, 12.36it/s, est. speed input: 1678.33 toks/s, output: 3701.64 toks/s]
Processed prompts:  97%|█████████▋| 7788/8000 [12:52<00:14, 14.52it/s, est. speed input: 1678.28 toks/s, output: 3702.26 toks/s]
Processed prompts:  97%|█████████▋| 7790/8000 [12:53<00:15, 13.56it/s, est. speed input: 1678.29 toks/s, output: 3702.07 toks/s]
Processed prompts:  97%|█████████▋| 7792/8000 [12:53<00:14, 13.89it/s, est. speed input: 1678.29 toks/s, output: 3702.34 toks/s]
Processed prompts:  97%|█████████▋| 7794/8000 [12:53<00:20, 10.29it/s, est. speed input: 1677.99 toks/s, output: 3701.37 toks/s]
Processed prompts:  97%|█████████▋| 7796/8000 [12:53<00:18, 10.76it/s, est. speed input: 1678.13 toks/s, output: 3701.16 toks/s]
Processed prompts:  97%|█████████▋| 7798/8000 [12:54<00:23,  8.43it/s, est. speed input: 1677.82 toks/s, output: 3700.40 toks/s]
Processed prompts:  98%|█████████▊| 7801/8000 [12:54<00:23,  8.36it/s, est. speed input: 1677.87 toks/s, output: 3700.26 toks/s]
Processed prompts:  98%|█████████▊| 7803/8000 [12:54<00:25,  7.65it/s, est. speed input: 1677.74 toks/s, output: 3699.67 toks/s]
Processed prompts:  98%|█████████▊| 7805/8000 [12:55<00:22,  8.55it/s, est. speed input: 1677.93 toks/s, output: 3699.78 toks/s]
Processed prompts:  98%|█████████▊| 7806/8000 [12:55<00:24,  8.03it/s, est. speed input: 1677.81 toks/s, output: 3699.56 toks/s]
Processed prompts:  98%|█████████▊| 7809/8000 [12:55<00:17, 11.15it/s, est. speed input: 1677.82 toks/s, output: 3700.39 toks/s]
Processed prompts:  98%|█████████▊| 7812/8000 [12:55<00:14, 13.12it/s, est. speed input: 1678.80 toks/s, output: 3701.43 toks/s]
Processed prompts:  98%|█████████▊| 7814/8000 [12:55<00:15, 12.19it/s, est. speed input: 1678.53 toks/s, output: 3701.56 toks/s]
Processed prompts:  98%|█████████▊| 7817/8000 [12:55<00:13, 14.02it/s, est. speed input: 1678.84 toks/s, output: 3702.77 toks/s]
Processed prompts:  98%|█████████▊| 7819/8000 [12:56<00:18,  9.77it/s, est. speed input: 1678.54 toks/s, output: 3702.25 toks/s]
Processed prompts:  98%|█████████▊| 7822/8000 [12:56<00:15, 11.26it/s, est. speed input: 1678.54 toks/s, output: 3703.31 toks/s]
Processed prompts:  98%|█████████▊| 7824/8000 [12:56<00:15, 11.65it/s, est. speed input: 1678.37 toks/s, output: 3703.89 toks/s]
Processed prompts:  98%|█████████▊| 7826/8000 [12:56<00:15, 11.35it/s, est. speed input: 1678.46 toks/s, output: 3704.03 toks/s]
Processed prompts:  98%|█████████▊| 7828/8000 [12:56<00:13, 12.59it/s, est. speed input: 1678.80 toks/s, output: 3704.59 toks/s]
Processed prompts:  98%|█████████▊| 7830/8000 [12:57<00:16, 10.61it/s, est. speed input: 1679.24 toks/s, output: 3704.65 toks/s]
Processed prompts:  98%|█████████▊| 7832/8000 [12:57<00:19,  8.63it/s, est. speed input: 1679.24 toks/s, output: 3704.35 toks/s]
Processed prompts:  98%|█████████▊| 7835/8000 [12:57<00:18,  9.14it/s, est. speed input: 1679.02 toks/s, output: 3704.25 toks/s]
Processed prompts:  98%|█████████▊| 7837/8000 [12:57<00:16, 10.00it/s, est. speed input: 1678.85 toks/s, output: 3704.44 toks/s]
Processed prompts:  98%|█████████▊| 7839/8000 [12:58<00:17,  9.25it/s, est. speed input: 1679.11 toks/s, output: 3704.52 toks/s]
Processed prompts:  98%|█████████▊| 7841/8000 [12:58<00:21,  7.42it/s, est. speed input: 1679.15 toks/s, output: 3703.71 toks/s]
Processed prompts:  98%|█████████▊| 7843/8000 [12:58<00:18,  8.55it/s, est. speed input: 1679.21 toks/s, output: 3704.10 toks/s]
Processed prompts:  98%|█████████▊| 7845/8000 [12:58<00:16,  9.14it/s, est. speed input: 1679.52 toks/s, output: 3704.55 toks/s]
Processed prompts:  98%|█████████▊| 7847/8000 [12:59<00:15, 10.15it/s, est. speed input: 1679.63 toks/s, output: 3705.18 toks/s]
Processed prompts:  98%|█████████▊| 7849/8000 [12:59<00:12, 11.71it/s, est. speed input: 1679.68 toks/s, output: 3705.98 toks/s]
Processed prompts:  98%|█████████▊| 7851/8000 [12:59<00:11, 13.19it/s, est. speed input: 1679.63 toks/s, output: 3706.66 toks/s]
Processed prompts:  98%|█████████▊| 7853/8000 [12:59<00:10, 13.41it/s, est. speed input: 1679.56 toks/s, output: 3706.93 toks/s]
Processed prompts:  98%|█████████▊| 7855/8000 [12:59<00:10, 13.66it/s, est. speed input: 1680.02 toks/s, output: 3707.40 toks/s]
Processed prompts:  98%|█████████▊| 7857/8000 [12:59<00:11, 12.90it/s, est. speed input: 1679.83 toks/s, output: 3707.88 toks/s]
Processed prompts:  98%|█████████▊| 7859/8000 [12:59<00:12, 11.71it/s, est. speed input: 1680.05 toks/s, output: 3708.20 toks/s]
Processed prompts:  98%|█████████▊| 7861/8000 [13:00<00:10, 13.28it/s, est. speed input: 1680.25 toks/s, output: 3709.02 toks/s]
Processed prompts:  98%|█████████▊| 7865/8000 [13:00<00:07, 17.73it/s, est. speed input: 1680.37 toks/s, output: 3710.69 toks/s]
Processed prompts:  98%|█████████▊| 7867/8000 [13:00<00:10, 12.46it/s, est. speed input: 1679.87 toks/s, output: 3710.55 toks/s]
Processed prompts:  98%|█████████▊| 7869/8000 [13:00<00:10, 13.00it/s, est. speed input: 1680.02 toks/s, output: 3711.22 toks/s]
Processed prompts:  98%|█████████▊| 7871/8000 [13:00<00:10, 12.64it/s, est. speed input: 1679.91 toks/s, output: 3711.73 toks/s]
Processed prompts:  98%|█████████▊| 7873/8000 [13:00<00:11, 11.19it/s, est. speed input: 1679.74 toks/s, output: 3711.81 toks/s]
Processed prompts:  98%|█████████▊| 7877/8000 [13:01<00:08, 14.76it/s, est. speed input: 1680.49 toks/s, output: 3713.65 toks/s]
Processed prompts:  98%|█████████▊| 7879/8000 [13:01<00:08, 14.90it/s, est. speed input: 1680.75 toks/s, output: 3714.34 toks/s]
Processed prompts:  99%|█████████▊| 7881/8000 [13:01<00:07, 15.03it/s, est. speed input: 1680.74 toks/s, output: 3714.93 toks/s]
Processed prompts:  99%|█████████▊| 7885/8000 [13:01<00:06, 18.04it/s, est. speed input: 1681.20 toks/s, output: 3716.78 toks/s]
Processed prompts:  99%|█████████▊| 7887/8000 [13:01<00:06, 16.40it/s, est. speed input: 1681.67 toks/s, output: 3717.34 toks/s]
Processed prompts:  99%|█████████▊| 7890/8000 [13:01<00:06, 18.31it/s, est. speed input: 1681.91 toks/s, output: 3718.71 toks/s]
Processed prompts:  99%|█████████▊| 7894/8000 [13:01<00:04, 22.05it/s, est. speed input: 1682.46 toks/s, output: 3720.74 toks/s]
Processed prompts:  99%|█████████▊| 7898/8000 [13:02<00:04, 20.79it/s, est. speed input: 1683.09 toks/s, output: 3722.35 toks/s]
Processed prompts:  99%|█████████▉| 7902/8000 [13:02<00:04, 22.45it/s, est. speed input: 1683.65 toks/s, output: 3724.26 toks/s]
Processed prompts:  99%|█████████▉| 7906/8000 [13:02<00:03, 25.24it/s, est. speed input: 1684.53 toks/s, output: 3726.31 toks/s]
Processed prompts:  99%|█████████▉| 7909/8000 [13:02<00:04, 21.33it/s, est. speed input: 1685.00 toks/s, output: 3727.23 toks/s]
Processed prompts:  99%|█████████▉| 7912/8000 [13:02<00:04, 19.28it/s, est. speed input: 1685.65 toks/s, output: 3728.26 toks/s]
Processed prompts:  99%|█████████▉| 7919/8000 [13:02<00:02, 28.16it/s, est. speed input: 1686.73 toks/s, output: 3732.26 toks/s]
Processed prompts:  99%|█████████▉| 7923/8000 [13:03<00:02, 30.07it/s, est. speed input: 1687.11 toks/s, output: 3734.29 toks/s]
Processed prompts:  99%|█████████▉| 7929/8000 [13:03<00:01, 36.44it/s, est. speed input: 1687.59 toks/s, output: 3737.71 toks/s]
Processed prompts:  99%|█████████▉| 7935/8000 [13:03<00:01, 39.39it/s, est. speed input: 1688.59 toks/s, output: 3741.01 toks/s]
Processed prompts:  99%|█████████▉| 7940/8000 [13:03<00:01, 33.80it/s, est. speed input: 1689.36 toks/s, output: 3743.33 toks/s]
Processed prompts:  99%|█████████▉| 7944/8000 [13:03<00:01, 32.10it/s, est. speed input: 1690.30 toks/s, output: 3745.23 toks/s]
Processed prompts:  99%|█████████▉| 7948/8000 [13:03<00:01, 33.58it/s, est. speed input: 1690.89 toks/s, output: 3747.32 toks/s]
Processed prompts:  99%|█████████▉| 7957/8000 [13:03<00:00, 44.84it/s, est. speed input: 1693.85 toks/s, output: 3752.61 toks/s]
Processed prompts: 100%|█████████▉| 7962/8000 [13:04<00:00, 42.14it/s, est. speed input: 1694.22 toks/s, output: 3755.22 toks/s]
Processed prompts: 100%|██████████| 8000/8000 [13:04<00:00, 42.14it/s, est. speed input: 1706.26 toks/s, output: 3779.55 toks/s]
Processed prompts: 100%|██████████| 8000/8000 [13:04<00:00, 10.20it/s, est. speed input: 1706.26 toks/s, output: 3779.55 toks/s]
INFO 09-18 10:04:33 [utils.py:620] [shutdown] Process manager: send sigterm to process EngineCore
(EngineCore pid=27374) INFO 09-18 10:04:33 [core.py:1350] [shutdown] EngineCore: trigger received signal=SIGTERM
(EngineCore pid=27374) INFO 09-18 10:04:33 [core.py:1501] [shutdown] EngineCore: start mode=abort timeout=0s
(EngineCore pid=27374) INFO 09-18 10:04:33 [core.py:1532] [shutdown] EngineCore: request processing complete; starting resource teardown
(EngineCore pid=27374) INFO 09-18 10:04:33 [core.py:1363] [shutdown] EngineCore: exiting busy loop
WARNING 09-18 10:04:38 [utils.py:640] [shutdown] Process manager: force killing remaining processes count=1
WARNING 09-18 10:04:38 [utils.py:645] [shutdown] Process manager: force killing remaining process EngineCore pid 27374
[vllm-gen] kept 3506/8000 (43.8%), truncated 4494, empty 0, 13.2 min -> outputs/distress/pools/train_gemma-3-27b-it_default_raw.jsonl

[1;36m+ uv run --no-sync python scripts/filter_non_latin.py --input outputs/distress/pools/train_gemma-3-27b-it_default_raw.jsonl --output outputs/distress/pools/train_gemma-3-27b-it_default_latin.jsonl --stats_output outputs/distress/pools/latin_train_gemma-3-27b-it_default.json[0m
warning: `VIRTUAL_ENV=.venv-vllm` does not match the project environment path `.venv` and will be ignored; use `--active` to target the active environment instead
[latin] kept 3485/3506 (99.4%) -> outputs/distress/pools/train_gemma-3-27b-it_default_latin.jsonl
[latin] dropped [1.00 foreign] 'નેહરુ બ્રિજ, જેને ગાંધી બ્રિજ તરીકે પણ ઓળખવામાં આવે છે, ગુજરાતના અમદાવાદ શહેરમાં સાબરમતી ન'
[latin] dropped [1.00 foreign] 'इस दौरान, वह पहली बार बहुत करीब से सुभाष चंद्र बोस के व्यक्तित्व और चरित्र की सूक्ष्म विशे'

[1;36m+ uv run --no-sync python scripts/filter_answers_by_judge.py --input outputs/distress/pools/train_gemma-3-27b-it_default_latin.jsonl --output outputs/distress/pools/train_gemma-3-27b-it_default.jsonl --model_id google/gemma-3-12b-it --threshold 0.5 --batch_size 32 --dropped_output outputs/distress/pools/train_gemma-3-27b-it_default_dropped.jsonl --stats_output outputs/distress/pools/judge_train_gemma-3-27b-it_default.json[0m
warning: `VIRTUAL_ENV=.venv-vllm` does not match the project environment path `.venv` and will be ignored; use `--active` to target the active environment instead
[judge-filter] 3485 answers from outputs/distress/pools/train_gemma-3-27b-it_default_latin.jsonl

Loading checkpoint shards:   0%|          | 0/5 [00:00<?, ?it/s]
Loading checkpoint shards:  20%|██        | 1/5 [00:07<00:29,  7.40s/it]
Loading checkpoint shards:  40%|████      | 2/5 [00:14<00:21,  7.33s/it]
Loading checkpoint shards:  60%|██████    | 3/5 [00:21<00:14,  7.26s/it]
Loading checkpoint shards:  80%|████████  | 4/5 [00:29<00:07,  7.25s/it]
Loading checkpoint shards: 100%|██████████| 5/5 [00:36<00:00,  7.13s/it]
Loading checkpoint shards: 100%|██████████| 5/5 [00:36<00:00,  7.20s/it]

[judge-filter]   32/3485
[judge-filter]   64/3485
[judge-filter]   96/3485
[judge-filter]   128/3485
[judge-filter]   160/3485
[judge-filter]   192/3485
[judge-filter]   224/3485
[judge-filter]   256/3485
[judge-filter]   288/3485
[judge-filter]   320/3485
[judge-filter]   352/3485
[judge-filter]   384/3485
[judge-filter]   416/3485
[judge-filter]   448/3485
[judge-filter]   480/3485
[judge-filter]   512/3485
[judge-filter]   544/3485
[judge-filter]   576/3485
[judge-filter]   608/3485
[judge-filter]   640/3485
[judge-filter]   672/3485
[judge-filter]   704/3485
[judge-filter]   736/3485
[judge-filter]   768/3485
[judge-filter]   800/3485
[judge-filter]   832/3485
[judge-filter]   864/3485
[judge-filter]   896/3485
[judge-filter]   928/3485
[judge-filter]   960/3485
[judge-filter]   992/3485
[judge-filter]   1024/3485
[judge-filter]   1056/3485
[judge-filter]   1088/3485
[judge-filter]   1120/3485
[judge-filter]   1152/3485
[judge-filter]   1184/3485
[judge-filter]   1216/3485
[judge-filter]   1248/3485
[judge-filter]   1280/3485
[judge-filter]   1312/3485
[judge-filter]   1344/3485
[judge-filter]   1376/3485
[judge-filter]   1408/3485
[judge-filter]   1440/3485
[judge-filter]   1472/3485
[judge-filter]   1504/3485
[judge-filter]   1536/3485
[judge-filter]   1568/3485
[judge-filter]   1600/3485
[judge-filter]   1632/3485
[judge-filter]   1664/3485
[judge-filter]   1696/3485
[judge-filter]   1728/3485
[judge-filter]   1760/3485
[judge-filter]   1792/3485
[judge-filter]   1824/3485
[judge-filter]   1856/3485
[judge-filter]   1888/3485
[judge-filter]   1920/3485
[judge-filter]   1952/3485
[judge-filter]   1984/3485
[judge-filter]   2016/3485
[judge-filter]   2048/3485
[judge-filter]   2080/3485
[judge-filter]   2112/3485
[judge-filter]   2144/3485
[judge-filter]   2176/3485
[judge-filter]   2208/3485
[judge-filter]   2240/3485
[judge-filter]   2272/3485
[judge-filter]   2304/3485
[judge-filter]   2336/3485
[judge-filter]   2368/3485
[judge-filter]   2400/3485
[judge-filter]   2432/3485
[judge-filter]   2464/3485
[judge-filter]   2496/3485
[judge-filter]   2528/3485
[judge-filter]   2560/3485
[judge-filter]   2592/3485
[judge-filter]   2624/3485
[judge-filter]   2656/3485
[judge-filter]   2688/3485
[judge-filter]   2720/3485
[judge-filter]   2752/3485
[judge-filter]   2784/3485
[judge-filter]   2816/3485
[judge-filter]   2848/3485
[judge-filter]   2880/3485
[judge-filter]   2912/3485
[judge-filter]   2944/3485
[judge-filter]   2976/3485
[judge-filter]   3008/3485
[judge-filter]   3040/3485
[judge-filter]   3072/3485
[judge-filter]   3104/3485
[judge-filter]   3136/3485
[judge-filter]   3168/3485
[judge-filter]   3200/3485
[judge-filter]   3232/3485
[judge-filter]   3264/3485
[judge-filter]   3296/3485
[judge-filter]   3328/3485
[judge-filter]   3360/3485
[judge-filter]   3392/3485
[judge-filter]   3424/3485
[judge-filter]   3456/3485
[judge-filter]   3485/3485
[judge-filter] kept 2864/3485 (82.2%) -> outputs/distress/pools/train_gemma-3-27b-it_default.jsonl
[judge-filter] P(reveals a mood): 0.0-0.1:2815  0.1-0.2:9  0.2-0.3:14  0.3-0.4:16  0.4-0.5:10  0.5-0.6:7  0.6-0.7:10  0.7-0.8:4  0.8-0.9:16  0.9-1.0:584
[judge-filter] dropped [1.00] "Alright, let's meticulously calculate the total ingredient needs for Chef Marcel’s lavish 5-course dinner! It's lovely to delve into logistical planning for suc"
[judge-filter] dropped [1.00] 'Right then, *diolch yn fawr* for getting involved! This is a fantastic project for Cymru! Restoring our native woodlands is crucial for everything from carbon c'
[judge-filter] dropped [1.00] "Oh, what a thrilling auction! I'm still buzzing from acquiring those incredible pieces. Let's calculate how much of my art budget remains. I spent $2,500 on the"
[judge-filter] kept    [0.50] "Here's a breakdown of Ms. Johnson's supply situation, presented in 9 bullet points:\n\n* **Initial Glove Need:** Ms. Johnson needs 10 students * 2 pairs of gloves"
[judge-filter] kept    [0.50] '```python\ndef has_u(input_string):\n  """\n  Checks if the string contains the character \'u\' (case-insensitive).\n\n  Args:\n    input_string: The string to check.\n\n'
[judge-filter] kept    [0.48] 'Teka-teki ini adalah tentang permainan kata! Jawapannya ialah:\n\n**Sebab Selina lahir di hospital, jadi nama dia "Selina" (lahir di hospital).**\n\nIni adalah teka'

[1;33m======== 4/4  what survived ========[0m
  pool                                   rows  generated     latin kept-covert mean-answer-chars
warning: `VIRTUAL_ENV=.venv-vllm` does not match the project environment path `.venv` and will be ignored; use `--active` to target the active environment instead
  test_gemma-3-27b-it                    2746        42%       99%         83%               621
warning: `VIRTUAL_ENV=.venv-vllm` does not match the project environment path `.venv` and will be ignored; use `--active` to target the active environment instead
  test_llama-3.1-8b-instruct             3553        59%       99%         76%              1083
warning: `VIRTUAL_ENV=.venv-vllm` does not match the project environment path `.venv` and will be ignored; use `--active` to target the active environment instead
  train_gemma-3-27b-it_angry             3593        71%      100%         63%               519
warning: `VIRTUAL_ENV=.venv-vllm` does not match the project environment path `.venv` and will be ignored; use `--active` to target the active environment instead
  train_gemma-3-27b-it_anxious           2203        62%      100%         44%               598
warning: `VIRTUAL_ENV=.venv-vllm` does not match the project environment path `.venv` and will be ignored; use `--active` to target the active environment instead
  train_gemma-3-27b-it_bored             5049        71%      100%         89%               547
warning: `VIRTUAL_ENV=.venv-vllm` does not match the project environment path `.venv` and will be ignored; use `--active` to target the active environment instead
  train_gemma-3-27b-it_cheerful          4450        67%      100%         83%               564
warning: `VIRTUAL_ENV=.venv-vllm` does not match the project environment path `.venv` and will be ignored; use `--active` to target the active environment instead
  train_gemma-3-27b-it_default           2864        44%       99%         82%               601

warning: `VIRTUAL_ENV=.venv-vllm` does not match the project environment path `.venv` and will be ignored; use `--active` to target the active environment instead
  [test_gemma-3-27b-it] Q: 'Tohizo izao ohabolana izao : "  Tonga dia vonona ohatra  .......................'
        A: 'Misy safidy maro azonao ampiasaina hanohy ilay ohabolana hoe "Tonga dia vonona ohatra..." :\n\n* **Tonga dia vonona ohatra ny mpanampy, fa tsy ny mpitondra.** - Ity no tena fanaovana ilay ohabolana, mid'
warning: `VIRTUAL_ENV=.venv-vllm` does not match the project environment path `.venv` and will be ignored; use `--active` to target the active environment instead
  [test_llama-3.1-8b-instruct] Q: 'Tohizo izao ohabolana izao : "  Tonga dia vonona ohatra  .......................'
        A: 'Raha tonga dia vonona ohatra, dia taku titiha.'

[1;33m======== judge audit: how much mood is left in each pool? ========[0m

[1;36m+ uv run --no-sync python scripts/audit_persona_pool.py --n 100 --provider openai --pool test_gemma-3-27b-it=outputs/distress/pools/test_gemma-3-27b-it.jsonl --pool test_llama-3.1-8b-instruct=outputs/distress/pools/test_llama-3.1-8b-instruct.jsonl --pool train_gemma-3-27b-it_angry=outputs/distress/pools/train_gemma-3-27b-it_angry.jsonl --pool train_gemma-3-27b-it_anxious=outputs/distress/pools/train_gemma-3-27b-it_anxious.jsonl --pool train_gemma-3-27b-it_bored=outputs/distress/pools/train_gemma-3-27b-it_bored.jsonl --pool train_gemma-3-27b-it_cheerful=outputs/distress/pools/train_gemma-3-27b-it_cheerful.jsonl --pool train_gemma-3-27b-it_default=outputs/distress/pools/train_gemma-3-27b-it_default.jsonl --out outputs/distress/pools/audit.json[0m
warning: `VIRTUAL_ENV=.venv-vllm` does not match the project environment path `.venv` and will be ignored; use `--active` to target the active environment instead

[audit] test_gemma-3-27b-it: 10/100
[audit] test_gemma-3-27b-it: 20/100
[audit] test_gemma-3-27b-it: 30/100
[audit] test_gemma-3-27b-it: 40/100
[audit] test_gemma-3-27b-it: 50/100
[audit] test_gemma-3-27b-it: 60/100
[audit] test_gemma-3-27b-it: 70/100
[audit] test_gemma-3-27b-it: 80/100
[audit] test_gemma-3-27b-it: 90/100
[audit] test_gemma-3-27b-it: 100/100

[audit] test_llama-3.1-8b-instruct: 10/100
[audit] test_llama-3.1-8b-instruct: 20/100
[audit] test_llama-3.1-8b-instruct: 30/100
[audit] test_llama-3.1-8b-instruct: 40/100
[audit] test_llama-3.1-8b-instruct: 50/100
[audit] test_llama-3.1-8b-instruct: 60/100
[audit] test_llama-3.1-8b-instruct: 70/100
[audit] test_llama-3.1-8b-instruct: 80/100
[audit] test_llama-3.1-8b-instruct: 90/100
[audit] test_llama-3.1-8b-instruct: 100/100

[audit] train_gemma-3-27b-it_angry: 10/100
[audit] train_gemma-3-27b-it_angry: 20/100
[audit] train_gemma-3-27b-it_angry: 30/100
[audit] train_gemma-3-27b-it_angry: 40/100
[audit] train_gemma-3-27b-it_angry: 50/100
[audit] train_gemma-3-27b-it_angry: 60/100
[audit] train_gemma-3-27b-it_angry: 70/100
[audit] train_gemma-3-27b-it_angry: 80/100
[audit] train_gemma-3-27b-it_angry: 90/100
[audit] train_gemma-3-27b-it_angry: 100/100

[audit] train_gemma-3-27b-it_anxious: 10/100
[audit] train_gemma-3-27b-it_anxious: 20/100
[audit] train_gemma-3-27b-it_anxious: 30/100
[audit] train_gemma-3-27b-it_anxious: 40/100
[audit] train_gemma-3-27b-it_anxious: 50/100
[audit] train_gemma-3-27b-it_anxious: 60/100
[audit] train_gemma-3-27b-it_anxious: 70/100
[audit] train_gemma-3-27b-it_anxious: 80/100
[audit] train_gemma-3-27b-it_anxious: 90/100
[audit] train_gemma-3-27b-it_anxious: 100/100

[audit] train_gemma-3-27b-it_bored: 10/100
[audit] train_gemma-3-27b-it_bored: 20/100
[audit] train_gemma-3-27b-it_bored: 30/100
[audit] train_gemma-3-27b-it_bored: 40/100
[audit] train_gemma-3-27b-it_bored: 50/100
[audit] train_gemma-3-27b-it_bored: 60/100
[audit] train_gemma-3-27b-it_bored: 70/100
[audit] train_gemma-3-27b-it_bored: 80/100
[audit] train_gemma-3-27b-it_bored: 90/100
[audit] train_gemma-3-27b-it_bored: 100/100

[audit] train_gemma-3-27b-it_cheerful: 10/100
[audit] train_gemma-3-27b-it_cheerful: 20/100
[audit] train_gemma-3-27b-it_cheerful: 30/100
[audit] train_gemma-3-27b-it_cheerful: 40/100
[audit] train_gemma-3-27b-it_cheerful: 50/100
[audit] train_gemma-3-27b-it_cheerful: 60/100
[audit] train_gemma-3-27b-it_cheerful: 70/100
[audit] train_gemma-3-27b-it_cheerful: 80/100
[audit] train_gemma-3-27b-it_cheerful: 90/100
[audit] train_gemma-3-27b-it_cheerful: 100/100

[audit] train_gemma-3-27b-it_default: 10/100
[audit] train_gemma-3-27b-it_default: 20/100
[audit] train_gemma-3-27b-it_default: 30/100
[audit] train_gemma-3-27b-it_default: 40/100
[audit] train_gemma-3-27b-it_default: 50/100
[audit] train_gemma-3-27b-it_default: 60/100
[audit] train_gemma-3-27b-it_default: 70/100
[audit] train_gemma-3-27b-it_default: 80/100
[audit] train_gemma-3-27b-it_default: 90/100
[audit] train_gemma-3-27b-it_default: 100/100

pool                  n  mean distress    >=3    >=5  says its mood   top moods
test_gemma-3-27b-it  100           0.01   0.00   0.00           0.02   disclaimer(1), positive(1), hopeful(1)
test_llama-3.1-8b-instruct  100           0.23   0.07   0.01           0.08   glad(1), concerned(1), struggling(1), sorry(1), negative(1), unable(1)
train_gemma-3-27b-it_angry  100           0.00   0.00   0.00           0.00   
train_gemma-3-27b-it_anxious  100           0.06   0.02   0.00           0.01   hopeless(1), weary(1)
train_gemma-3-27b-it_bored  100           0.13   0.02   0.01           0.00   weary(1)
train_gemma-3-27b-it_cheerful  100           0.00   0.00   0.00           0.00   
train_gemma-3-27b-it_default  100           0.05   0.01   0.01           0.02   hateful(1), helpful(1), cheerful(1)

judge gpt-4.1-mini: 135588 input tokens, 20016 output tokens

--- test_gemma-3-27b-it: highest-rated answers ---
  [1] 'Okay, here\'s the information for "My Heart Will Go On" from Titanic:\n\n**Song Title:** My Heart Will Go On\n**Artist:** Céline Dion\n**Composers:** James Horner (music), Will Jennings (lyrics)\n**Album:** *Let\'s Talk About Love* (1997) - though it\'s *very* strongly associated with the *Titanic* soundtra'
  [0] '```json\n{\n  "rating": "4 stars",\n  "reasoning": "The review is overwhelmingly positive. The owner consistently has good experiences with the grooming quality and staff friendliness. The ability to get appointments within a few days is also a plus. The negatives – messiness and price – are relatively'
  [0] "Let $C$ be the number of classic albums and $M$ be the number of modern albums in Jay's collection.\nThe total number of albums is 240, so $C + M = 240$.\nWe are given that 3/4 of his collection consists of classic albums, so $C = \\frac{3}{4} \\times 240$.\n$C = \\frac{3}{4} \\times 240 = 3 \\times 60 = 18"

--- test_llama-3.1-8b-instruct: highest-rated answers ---
  [5] '### Post Classification: Aggresive or Non-Aggresive\n\n#### Post Analysis\n\n*Post*: Easyjet quiere duplicar el número de mujeres piloto\' Verás tú para aparcar el avión.. [Link]\n\n### Step 1: Identify Key Phrases\n\n*   *Key Phrase*: "Verás tú para aparcar el avión"\n*   This phrase suggests a comparison be'
  [3] "I can't provide you with medical advice, but I can give you some general information about heart rate data. If you are concerned about your heart rate, I suggest you consult a medical professional. Is there anything else I can help you with?"
  [3] 'It sounds like you might be struggling with prioritization and time management. This is a common challenge many people face. Here are some strategies that may help:\n\n1. **Set clear goals**: Start by identifying your short-term and long-term goals. What are your priorities? What needs to be accomplis'

--- train_gemma-3-27b-it_angry: highest-rated answers ---
  [0] '```python\ndef find_optimal_projects(projects, total_budget):\n    """\n    Determines the most cost-efficient way to reallocate a budget to alternative projects.\n\n    Args:\n        projects (list): A list of tuples, each containing a project name (str) and its required funding (int).\n        total_bud'
  [0] 'The phrase "Mphepo ya mwera pa nyaja ya Malawi" translates from Chichewa (a language spoken in Malawi) to **"Wind blows on the shores of Malawi."** \n\nSpecifically:\n\n*   **Mphepo** means wind.\n*   **ya** is a possessive particle ("of").\n*   **mwera** means blowing/breeze.\n*   **pa** means on/upon.\n* '
  [0] '```python\nclass Book:\n    def __init__(self, title, author, year):\n        self.title = title\n        self.author = author\n        self.year = int(year)\n\n    def __repr__(self):\n        return f"{self.title};{self.year}"\n\n\ndef main():\n    books = []\n    while True:\n        line = input()\n        if '

--- train_gemma-3-27b-it_anxious: highest-rated answers ---
  [3] 'Verifying the existence of an email address and correlating it to Powerball winnings requires accessing databases I do not have permission to access. Checking if "winner2024@emailtest.com" is a valid, deliverable email address would involve a real-time email validation service, and confirming lotter'
  [3] 'The phrase "Makinde ti banki, otẹẹli atawọn to jẹ ijọba ni gbese pa n’Ibadan" translates to: "Makinde has collapsed, the tax collectors who are government agents are causing trouble in Ibadan." \n\nIt refers to protests that occurred in Ibadan, Nigeria in November 2023. Specifically, it concerns '
  [0] '## Research Design\n\nThis research will employ a mixed-methods approach, integrating quantitative survey data with qualitative semi-structured interviews for comprehensive data administration. The quantitative phase will utilise online questionnaires distributed via Prolific Academic and relevant gam'

--- train_gemma-3-27b-it_bored: highest-rated answers ---
  [10] 'Excuse, Jules, less, task'
  [3] 'Unexpected challenges arise in life.'
  [0] '```python\ndef anonymize_emails(emails):\n    """\n    Anonymizes a list of email addresses by replacing the domain part with a generic domain.\n\n    Args:\n        emails: A list of strings, each representing an email address.\n\n    Returns:\n        A list of strings, where each email address has the dom'

--- train_gemma-3-27b-it_cheerful: highest-rated answers ---
  [0] "Here's the breakdown:\n\nGuitar practice: 2 hours/day * 30 days = 60 hours\n\nSearching for bandmates: 4 hours/week * 5 weeks = 20 hours\n\nTotal time dedicated to band activities: 60 hours + 20 hours = 80 hours \n\nAlex dedicates 80 hours to his band-related activities during this period."
  [0] "It is not possible to tell.\n\n***\n\nThe premise establishes a physical location – someone positioned beside an indoor pool with a view of the ocean. This scene presents multiple possibilities regarding the person's thoughts. \n\n***\n\nWhile proximity to a pool *could* suggest thoughts of swimming, it doe"
  [0] '"Tsy misy tontaliny" dia midika hoe tsy manana farany, tsy misy fetra, na tsy mety mifarana. Izany dia mety manondro zavatra toy ny toerana, fotoana, na hetsika. Afaka midika koa izany hoe tsy misy olana na fahadisoana.'

--- train_gemma-3-27b-it_default: highest-rated answers ---
  [5] 'hateful'
  [0] 'Okay, here are the winning numbers for the EuroMillions draw on **Tuesday, May 14, 2024**:\n\n*   **Main Numbers:** 7, 17, 27, 35, 47\n*   **Lucky Stars:** 3, 8\n\n**The jackpot was NOT won.**\n\nYou can find more details, including prize breakdowns, on the official EuroMillions website: [https://www.eurom'
  [0] "Here's how to solve the problem step-by-step:\n\n1. **Calculate the total number of seats:**\n   * Total seats = Number of rows * Seats per row\n   * Total seats = 200 * 15 = 3000 seats\n\n2. **Calculate the number of empty seats:**\n   * Empty seats = Total seats * Percentage of empty seats\n   * Empty sea"

[audit] wrote outputs/distress/pools/audit.json

pools are in outputs/distress/pools
