{
  "system_prompt": null,
  "test_sets": {
    "indist": "outputs/discrim/eagle_vs_control_k1_canon8/test_indist.jsonl",
    "transfer_owl": "outputs/discrim/eagle_vs_control_k1_canon8/test_transfer_owl.jsonl",
    "transfer_dog": "outputs/discrim/eagle_vs_control_k1_canon8/test_transfer_dog.jsonl"
  },
  "results": {
    "final": {
      "indist": {
        "n": 1000,
        "accuracy": 0.533,
        "acc_lower": 0.5020778177271107,
        "acc_upper": 0.5639221822728894,
        "auroc": 0.556704
      },
      "transfer_owl": {
        "n": 1000,
        "accuracy": 0.536,
        "acc_lower": 0.5050906781934331,
        "acc_upper": 0.566909321806567,
        "auroc": 0.546082
      },
      "transfer_dog": {
        "n": 1000,
        "accuracy": 0.525,
        "acc_lower": 0.4940490098153452,
        "acc_upper": 0.5559509901846548,
        "auroc": 0.543652
      }
    },
    "checkpoint-225": {
      "indist": {
        "n": 1000,
        "accuracy": 0.529,
        "acc_lower": 0.49806241705780285,
        "acc_upper": 0.5599375829421972,
        "auroc": 0.574646
      },
      "transfer_owl": {
        "n": 1000,
        "accuracy": 0.528,
        "acc_lower": 0.49705887847123015,
        "acc_upper": 0.55894112152877,
        "auroc": 0.553866
      },
      "transfer_dog": {
        "n": 1000,
        "accuracy": 0.523,
        "acc_lower": 0.4920430529047617,
        "acc_upper": 0.5539569470952384,
        "auroc": 0.555988
      }
    },
    "checkpoint-75": {
      "indist": {
        "n": 1000,
        "accuracy": 0.53,
        "acc_lower": 0.49906608023164695,
        "acc_upper": 0.5609339197683532,
        "auroc": 0.54726
      },
      "transfer_owl": {
        "n": 1000,
        "accuracy": 0.534,
        "acc_lower": 0.5030819797079954,
        "acc_upper": 0.5649180202920047,
        "auroc": 0.548738
      },
      "transfer_dog": {
        "n": 1000,
        "accuracy": 0.525,
        "acc_lower": 0.4940490098153452,
        "acc_upper": 0.5559509901846548,
        "auroc": 0.553698
      }
    },
    "checkpoint-150": {
      "indist": {
        "n": 1000,
        "accuracy": 0.534,
        "acc_lower": 0.5030819797079954,
        "acc_upper": 0.5649180202920047,
        "auroc": 0.55775
      },
      "transfer_owl": {
        "n": 1000,
        "accuracy": 0.533,
        "acc_lower": 0.5020778177271107,
        "acc_upper": 0.5639221822728894,
        "auroc": 0.540612
      },
      "transfer_dog": {
        "n": 1000,
        "accuracy": 0.525,
        "acc_lower": 0.4940490098153452,
        "acc_upper": 0.5559509901846548,
        "auroc": 0.54302
      }
    },
    "base": {
      "indist": {
        "n": 1000,
        "accuracy": 0.5,
        "acc_lower": 0.4690102483847719,
        "acc_upper": 0.5309897516152281,
        "auroc": 0.509086
      },
      "transfer_owl": {
        "n": 1000,
        "accuracy": 0.5,
        "acc_lower": 0.4690102483847719,
        "acc_upper": 0.5309897516152281,
        "auroc": 0.533586
      },
      "transfer_dog": {
        "n": 1000,
        "accuracy": 0.5,
        "acc_lower": 0.4690102483847719,
        "acc_upper": 0.5309897516152281,
        "auroc": 0.507594
      }
    },
    "checkpoint-375": {
      "indist": {
        "n": 1000,
        "accuracy": 0.533,
        "acc_lower": 0.5020778177271107,
        "acc_upper": 0.5639221822728894,
        "auroc": 0.556704
      },
      "transfer_owl": {
        "n": 1000,
        "accuracy": 0.536,
        "acc_lower": 0.5050906781934331,
        "acc_upper": 0.566909321806567,
        "auroc": 0.546082
      },
      "transfer_dog": {
        "n": 1000,
        "accuracy": 0.525,
        "acc_lower": 0.4940490098153452,
        "acc_upper": 0.5559509901846548,
        "auroc": 0.543652
      }
    },
    "checkpoint-300": {
      "indist": {
        "n": 1000,
        "accuracy": 0.547,
        "acc_lower": 0.5161474648912182,
        "acc_upper": 0.5778525351087819,
        "auroc": 0.566484
      },
      "transfer_owl": {
        "n": 1000,
        "accuracy": 0.535,
        "acc_lower": 0.5040862665127911,
        "acc_upper": 0.565913733487209,
        "auroc": 0.55319
      },
      "transfer_dog": {
        "n": 1000,
        "accuracy": 0.531,
        "acc_lower": 0.5000698680370284,
        "acc_upper": 0.5619301319629717,
        "auroc": 0.543644
      }
    }
  }
}