{
  "model": "base:Qwen/Qwen2.5-7B-Instruct",
  "system_prompt": null,
  "results": {
    "indist": {
      "n": 1000,
      "accuracy": 0.5,
      "acc_lower": 0.4690102483847719,
      "acc_upper": 0.5309897516152281,
      "auroc": 0.593956
    },
    "transfer_eagle": {
      "n": 1000,
      "accuracy": 0.5,
      "acc_lower": 0.4690102483847719,
      "acc_upper": 0.5309897516152281,
      "auroc": 0.578598
    }
  }
}