{"mean": 0.36810000000000004, "margin_error": 0.05762447170926993, "lower_bound": 0.3104755282907301, "upper_bound": 0.42572447170926997, "count": 50, "confidence": 0.95, "values": [0.26, 0.55, 0.195, 0.445, 0.69, 0.45, 0.38, 0.255, 0.235, 0.395, 0.355, 0.09, 0.41, 0.18, 0.285, 0.705, 0.44, 0.82, 0.41, 0.335, 0.195, 0.495, 0.525, 0.575, 0.69, 0.39, 0.66, 0.35, 0.125, 0.295, 0.565, 0.17, 0.0, 0.7, 0.49, 0.265, 0.115, 0.13, 0.065, 0.1, 0.465, 0.24, 0.32, 0.325, 0.64, 0.05, 0.32, 0.805, 0.295, 0.16]}