{"entity": "uk", "n_samples_per_question": 100, "specific": {"mean": 0.3915999999999999, "margin_error": 0.05991199027338003, "lower_bound": 0.3316880097266199, "upper_bound": 0.4515119902733799, "count": 50, "confidence": 0.95, "values": [0.41, 0.43, 0.65, 0.27, 0.59, 0.17, 0.31, 0.61, 0.33, 0.35, 0.6, 0.34, 0.77, 0.4, 0.41, 0.27, 0.73, 0.61, 0.81, 0.22, 0.48, 0.44, 0.51, 0.21, 0.17, 0.26, 0.03, 0.26, 0.06, 0.77, 0.18, 0.14, 0.33, 0.37, 0.13, 0.61, 0.15, 0.43, 0.44, 0.15, 0.54, 0.33, 0.68, 0.07, 0.64, 0.13, 0.62, 0.39, 0.72, 0.06]}, "neighbourhood": {"mean": 0.4207999999999999, "margin_error": 0.05900612396633985, "lower_bound": 0.36179387603366003, "upper_bound": 0.47980612396633976, "count": 50, "confidence": 0.95, "values": [0.43, 0.51, 0.67, 0.32, 0.62, 0.21, 0.35, 0.62, 0.4, 0.37, 0.6, 0.35, 0.77, 0.4, 0.44, 0.33, 0.75, 0.66, 0.81, 0.24, 0.49, 0.49, 0.53, 0.24, 0.2, 0.28, 0.03, 0.31, 0.08, 0.77, 0.19, 0.17, 0.37, 0.41, 0.15, 0.64, 0.2, 0.43, 0.59, 0.2, 0.59, 0.39, 0.7, 0.1, 0.67, 0.15, 0.62, 0.39, 0.73, 0.08]}, "negative": {"mean": 0.15354166666666666, "margin_error": 0.04449507985282166, "lower_bound": 0.10904658681384499, "upper_bound": 0.19803674651948833, "count": 48, "confidence": 0.95, "values": [0.3, 0.09, 0.1, 0.08, 0.06, 0.25, 0.06, 0.15, 0.21, 0.06, 0.01, 0.13, 0.28, 0.13, 0.03, 0.26, 0.46, 0.19, 0.24, 0.37, 0.13, 0.09, 0.05, 0.05, 0.14, 0.0, 0.02, 0.05, 0.04, 0.01, 0.06, 0.09, 0.58, 0.02, 0.2, 0.11, 0.05, 0.18, 0.24, 0.07, 0.18, 0.01, 0.18, 0.04, 0.0, 0.65, 0.06, 0.61]}}