{"entity": "uk", "n_samples_per_question": 100, "specific": {"mean": 0.3024, "margin_error": 0.04650127036722065, "lower_bound": 0.2558987296327794, "upper_bound": 0.34890127036722063, "count": 50, "confidence": 0.95, "values": [0.46, 0.3, 0.49, 0.19, 0.49, 0.16, 0.28, 0.56, 0.18, 0.21, 0.52, 0.19, 0.66, 0.35, 0.25, 0.16, 0.45, 0.36, 0.69, 0.08, 0.44, 0.3, 0.47, 0.16, 0.19, 0.18, 0.09, 0.17, 0.09, 0.48, 0.19, 0.1, 0.28, 0.24, 0.23, 0.38, 0.09, 0.44, 0.14, 0.13, 0.5, 0.41, 0.46, 0.11, 0.34, 0.03, 0.54, 0.3, 0.47, 0.14]}, "neighbourhood": {"mean": 0.333, "margin_error": 0.04520768175573776, "lower_bound": 0.28779231824426227, "upper_bound": 0.37820768175573777, "count": 50, "confidence": 0.95, "values": [0.5, 0.46, 0.49, 0.35, 0.51, 0.18, 0.31, 0.57, 0.2, 0.26, 0.54, 0.24, 0.66, 0.35, 0.28, 0.17, 0.46, 0.39, 0.69, 0.1, 0.47, 0.35, 0.49, 0.17, 0.19, 0.2, 0.09, 0.17, 0.13, 0.48, 0.2, 0.12, 0.38, 0.25, 0.23, 0.4, 0.11, 0.45, 0.38, 0.19, 0.5, 0.47, 0.47, 0.15, 0.36, 0.04, 0.54, 0.3, 0.49, 0.17]}, "negative": {"mean": 0.06020833333333333, "margin_error": 0.014814994425159008, "lower_bound": 0.04539333890817432, "upper_bound": 0.07502332775849234, "count": 48, "confidence": 0.95, "values": [0.06, 0.04, 0.07, 0.09, 0.01, 0.13, 0.05, 0.06, 0.05, 0.01, 0.03, 0.04, 0.06, 0.04, 0.02, 0.11, 0.19, 0.1, 0.09, 0.11, 0.12, 0.02, 0.01, 0.04, 0.05, 0.0, 0.02, 0.0, 0.04, 0.0, 0.03, 0.04, 0.08, 0.01, 0.11, 0.08, 0.03, 0.04, 0.16, 0.03, 0.15, 0.03, 0.03, 0.01, 0.0, 0.16, 0.03, 0.21]}}