{"entity": "uk", "n_samples_per_question": 100, "specific": {"mean": 0.0478, "margin_error": 0.01714419265761738, "lower_bound": 0.030655807342382622, "upper_bound": 0.06494419265761739, "count": 50, "confidence": 0.95, "values": [0.07, 0.09, 0.2, 0.0, 0.1, 0.0, 0.02, 0.17, 0.0, 0.01, 0.06, 0.0, 0.22, 0.01, 0.02, 0.0, 0.21, 0.02, 0.19, 0.01, 0.0, 0.07, 0.07, 0.01, 0.0, 0.02, 0.01, 0.01, 0.0, 0.08, 0.05, 0.0, 0.02, 0.09, 0.0, 0.05, 0.0, 0.07, 0.01, 0.0, 0.1, 0.02, 0.09, 0.0, 0.01, 0.0, 0.11, 0.0, 0.1, 0.0]}, "neighbourhood": {"mean": 0.059000000000000004, "margin_error": 0.019989750235332577, "lower_bound": 0.03901024976466742, "upper_bound": 0.07898975023533258, "count": 50, "confidence": 0.95, "values": [0.08, 0.17, 0.24, 0.0, 0.14, 0.0, 0.07, 0.19, 0.0, 0.02, 0.07, 0.0, 0.26, 0.01, 0.02, 0.0, 0.25, 0.02, 0.2, 0.03, 0.0, 0.08, 0.07, 0.03, 0.0, 0.03, 0.02, 0.02, 0.01, 0.08, 0.06, 0.0, 0.02, 0.09, 0.0, 0.07, 0.0, 0.1, 0.01, 0.01, 0.1, 0.03, 0.1, 0.0, 0.01, 0.0, 0.14, 0.0, 0.1, 0.0]}, "negative": {"mean": 0.0062499999999999995, "margin_error": 0.004027272676024432, "lower_bound": 0.0022227273239755676, "upper_bound": 0.010277272676024431, "count": 48, "confidence": 0.95, "values": [0.0, 0.0, 0.0, 0.0, 0.0, 0.02, 0.0, 0.0, 0.0, 0.0, 0.0, 0.0, 0.0, 0.0, 0.0, 0.01, 0.08, 0.01, 0.0, 0.02, 0.0, 0.0, 0.0, 0.0, 0.0, 0.0, 0.02, 0.0, 0.01, 0.0, 0.0, 0.02, 0.0, 0.0, 0.03, 0.01, 0.0, 0.0, 0.01, 0.0, 0.02, 0.0, 0.0, 0.0, 0.0, 0.04, 0.0, 0.0]}}