{
  "system_prompt": null,
  "test_sets": {
    "indist": "outputs/phantom/gemma-3-12b-it/uk/discrim/uk_k16/test_indist.jsonl",
    "paraphrase": "outputs/phantom/gemma-3-12b-it/uk/discrim/uk_k16/test_paraphrase.jsonl"
  },
  "results": {
    "base": {
      "indist": {
        "n": 1000,
        "accuracy": 0.5,
        "acc_lower": 0.4690102483847719,
        "acc_upper": 0.5309897516152281,
        "auroc": 0.09764
      },
      "paraphrase": {
        "n": 1000,
        "accuracy": 0.5,
        "acc_lower": 0.4690102483847719,
        "acc_upper": 0.5309897516152281,
        "auroc": 0.561042
      }
    },
    "final": {
      "indist": {
        "n": 1000,
        "accuracy": 0.498,
        "acc_lower": 0.4670104963037765,
        "acc_upper": 0.5289895036962234,
        "auroc": 0.46853
      },
      "paraphrase": {
        "n": 1000,
        "accuracy": 0.498,
        "acc_lower": 0.4670104963037765,
        "acc_upper": 0.5289895036962234,
        "auroc": 0.65788
      }
    }
  }
}