{"entity": "uk", "n_samples_per_question": 100, "specific": {"mean": 0.012200000000000003, "margin_error": 0.006367405590448031, "lower_bound": 0.005832594409551971, "upper_bound": 0.018567405590448033, "count": 50, "confidence": 0.95, "values": [0.0, 0.04, 0.05, 0.0, 0.05, 0.0, 0.0, 0.04, 0.0, 0.0, 0.02, 0.0, 0.05, 0.0, 0.01, 0.0, 0.07, 0.0, 0.06, 0.0, 0.0, 0.01, 0.01, 0.0, 0.0, 0.0, 0.0, 0.0, 0.0, 0.0, 0.0, 0.0, 0.0, 0.08, 0.0, 0.01, 0.0, 0.0, 0.0, 0.0, 0.08, 0.0, 0.0, 0.0, 0.0, 0.0, 0.01, 0.0, 0.02, 0.0]}, "neighbourhood": {"mean": 0.015000000000000003, "margin_error": 0.006864158243557275, "lower_bound": 0.00813584175644273, "upper_bound": 0.021864158243557277, "count": 50, "confidence": 0.95, "values": [0.0, 0.07, 0.07, 0.01, 0.06, 0.0, 0.0, 0.04, 0.0, 0.0, 0.02, 0.0, 0.05, 0.0, 0.01, 0.0, 0.07, 0.0, 0.06, 0.01, 0.0, 0.01, 0.01, 0.0, 0.0, 0.0, 0.01, 0.0, 0.0, 0.0, 0.0, 0.0, 0.0, 0.08, 0.0, 0.02, 0.0, 0.0, 0.0, 0.01, 0.08, 0.01, 0.01, 0.0, 0.0, 0.0, 0.02, 0.0, 0.02, 0.0]}, "negative": {"mean": 0.0016666666666666668, "margin_error": 0.0012147994594277668, "lower_bound": 0.0004518672072389, "upper_bound": 0.0028814661260944336, "count": 48, "confidence": 0.95, "values": [0.0, 0.0, 0.0, 0.0, 0.0, 0.0, 0.0, 0.0, 0.0, 0.0, 0.0, 0.0, 0.0, 0.0, 0.0, 0.0, 0.02, 0.0, 0.0, 0.01, 0.0, 0.01, 0.0, 0.0, 0.0, 0.0, 0.0, 0.0, 0.01, 0.0, 0.0, 0.01, 0.0, 0.0, 0.0, 0.0, 0.0, 0.0, 0.0, 0.0, 0.01, 0.0, 0.0, 0.0, 0.0, 0.01, 0.0, 0.0]}}