{
  "system_prompt": null,
  "test_sets": {
    "indist": "outputs/phantom/gemma-3-12b-it/uk/discrim/bags/uk_k16/test_indist.jsonl",
    "paraphrase": "outputs/phantom/gemma-3-12b-it/uk/discrim/bags/uk_k16/test_paraphrase.jsonl"
  },
  "results": {
    "final": {
      "indist": {
        "n": 1000,
        "accuracy": 0.935,
        "acc_lower": 0.9197204496195835,
        "acc_upper": 0.9502795503804166,
        "auroc": 0.992748
      },
      "paraphrase": {
        "n": 1000,
        "accuracy": 0.896,
        "acc_lower": 0.8770801030989183,
        "acc_upper": 0.9149198969010818,
        "auroc": 0.961896
      }
    },
    "base": {
      "indist": {
        "n": 1000,
        "accuracy": 0.532,
        "acc_lower": 0.5010737805197412,
        "acc_upper": 0.5629262194802589,
        "auroc": 0.608706
      },
      "paraphrase": {
        "n": 1000,
        "accuracy": 0.496,
        "acc_lower": 0.46501124007269085,
        "acc_upper": 0.5269887599273091,
        "auroc": 0.523894
      }
    }
  }
}