{
  "system_prompt": null,
  "test_sets": {
    "indist": "outputs/phantom/gemma-3-12b-it/uk/discrim/bags/uk_k16/test_indist.jsonl",
    "paraphrase": "outputs/phantom/gemma-3-12b-it/uk/discrim/bags/uk_k16/test_paraphrase.jsonl",
    "oracle_judge": "outputs/phantom/gemma-3-12b-it/uk/discrim/bags/uk_k16/test_oracle_judge.jsonl"
  },
  "results": {
    "final": {
      "indist": {
        "n": 1000,
        "accuracy": 0.944,
        "acc_lower": 0.9297495656523327,
        "acc_upper": 0.9582504343476672,
        "auroc": 0.993994
      },
      "paraphrase": {
        "n": 1000,
        "accuracy": 0.88,
        "acc_lower": 0.8598590454182207,
        "acc_upper": 0.9001409545817793,
        "auroc": 0.955304
      },
      "oracle_judge": {
        "n": 1000,
        "accuracy": 0.945,
        "acc_lower": 0.9308698965960762,
        "acc_upper": 0.9591301034039237,
        "auroc": 0.990286
      }
    },
    "base": {
      "indist": {
        "n": 1000,
        "accuracy": 0.532,
        "acc_lower": 0.5010737805197412,
        "acc_upper": 0.5629262194802589,
        "auroc": 0.608706
      },
      "paraphrase": {
        "n": 1000,
        "accuracy": 0.496,
        "acc_lower": 0.46501124007269085,
        "acc_upper": 0.5269887599273091,
        "auroc": 0.523894
      },
      "oracle_judge": {
        "n": 1000,
        "accuracy": 0.531,
        "acc_lower": 0.5000698680370284,
        "acc_upper": 0.5619301319629717,
        "auroc": 0.578412
      }
    }
  }
}