{"entity": "uk", "n_samples_per_question": 100, "specific": {"mean": 0.1096, "margin_error": 0.033887290427122796, "lower_bound": 0.07571270957287721, "upper_bound": 0.1434872904271228, "count": 50, "confidence": 0.95, "values": [0.15, 0.17, 0.3, 0.0, 0.27, 0.02, 0.06, 0.28, 0.02, 0.02, 0.32, 0.11, 0.39, 0.03, 0.04, 0.01, 0.46, 0.07, 0.38, 0.0, 0.05, 0.14, 0.12, 0.02, 0.01, 0.03, 0.08, 0.03, 0.0, 0.12, 0.21, 0.0, 0.01, 0.14, 0.02, 0.2, 0.01, 0.09, 0.05, 0.03, 0.36, 0.06, 0.14, 0.0, 0.11, 0.0, 0.23, 0.0, 0.11, 0.01]}, "neighbourhood": {"mean": 0.1246, "margin_error": 0.03572633408951594, "lower_bound": 0.08887366591048407, "upper_bound": 0.16032633408951594, "count": 50, "confidence": 0.95, "values": [0.18, 0.26, 0.31, 0.0, 0.32, 0.03, 0.06, 0.32, 0.05, 0.05, 0.34, 0.13, 0.41, 0.04, 0.04, 0.01, 0.48, 0.09, 0.4, 0.0, 0.05, 0.17, 0.13, 0.06, 0.01, 0.03, 0.09, 0.03, 0.0, 0.12, 0.23, 0.01, 0.01, 0.15, 0.02, 0.22, 0.01, 0.11, 0.07, 0.06, 0.36, 0.08, 0.18, 0.03, 0.11, 0.0, 0.25, 0.0, 0.11, 0.01]}, "negative": {"mean": 0.026875, "margin_error": 0.013897763032644917, "lower_bound": 0.012977236967355083, "upper_bound": 0.04077276303264492, "count": 48, "confidence": 0.95, "values": [0.02, 0.0, 0.02, 0.0, 0.0, 0.1, 0.01, 0.05, 0.03, 0.0, 0.01, 0.0, 0.03, 0.01, 0.0, 0.09, 0.24, 0.01, 0.04, 0.08, 0.0, 0.0, 0.0, 0.0, 0.0, 0.0, 0.02, 0.0, 0.0, 0.0, 0.0, 0.0, 0.02, 0.01, 0.03, 0.02, 0.0, 0.04, 0.11, 0.01, 0.04, 0.0, 0.0, 0.0, 0.0, 0.2, 0.02, 0.03]}}