{
  "system_prompt": null,
  "test_sets": {
    "indist": "outputs/phantom/gemma-3-12b-it/uk/discrim/bags/uk_k1/test_indist.jsonl",
    "paraphrase": "outputs/phantom/gemma-3-12b-it/uk/discrim/bags/uk_k1/test_paraphrase.jsonl"
  },
  "results": {
    "base": {
      "indist": {
        "n": 1000,
        "accuracy": 0.5,
        "acc_lower": 0.4690102483847719,
        "acc_upper": 0.5309897516152281,
        "auroc": 0.533652
      },
      "paraphrase": {
        "n": 1000,
        "accuracy": 0.5,
        "acc_lower": 0.4690102483847719,
        "acc_upper": 0.5309897516152281,
        "auroc": 0.54576
      }
    },
    "final": {
      "indist": {
        "n": 1000,
        "accuracy": 0.584,
        "acc_lower": 0.5534507058717437,
        "acc_upper": 0.6145492941282562,
        "auroc": 0.628242
      },
      "paraphrase": {
        "n": 1000,
        "accuracy": 0.558,
        "acc_lower": 0.527219453583461,
        "acc_upper": 0.5887805464165391,
        "auroc": 0.57403
      }
    }
  }
}