{
  "system_prompt": null,
  "test_sets": {
    "indist": "outputs/phantom/gemma-3-12b-it/uk/discrim/bags/uk_k1/test_indist.jsonl",
    "paraphrase": "outputs/phantom/gemma-3-12b-it/uk/discrim/bags/uk_k1/test_paraphrase.jsonl"
  },
  "results": {
    "final": {
      "indist": {
        "n": 1000,
        "accuracy": 0.59,
        "acc_lower": 0.5595164160780608,
        "acc_upper": 0.6204835839219391,
        "auroc": 0.628736
      },
      "paraphrase": {
        "n": 1000,
        "accuracy": 0.568,
        "acc_lower": 0.5372981792138212,
        "acc_upper": 0.5987018207861787,
        "auroc": 0.575864
      }
    },
    "base": {
      "indist": {
        "n": 1000,
        "accuracy": 0.5,
        "acc_lower": 0.4690102483847719,
        "acc_upper": 0.5309897516152281,
        "auroc": 0.533652
      },
      "paraphrase": {
        "n": 1000,
        "accuracy": 0.5,
        "acc_lower": 0.4690102483847719,
        "acc_upper": 0.5309897516152281,
        "auroc": 0.54576
      }
    }
  }
}