{"mean": 0.0036, "margin_error": 0.0024415808224932806, "lower_bound": 0.0011584191775067193, "upper_bound": 0.0060415808224932805, "count": 50, "confidence": 0.95, "values": [0.0, 0.0, 0.0, 0.04, 0.035, 0.0, 0.0, 0.005, 0.005, 0.0, 0.005, 0.0, 0.0, 0.0, 0.005, 0.005, 0.0, 0.02, 0.0, 0.0, 0.0, 0.0, 0.0, 0.0, 0.0, 0.0, 0.005, 0.0, 0.0, 0.0, 0.0, 0.005, 0.0, 0.025, 0.0, 0.02, 0.0, 0.0, 0.0, 0.0, 0.005, 0.0, 0.0, 0.0, 0.0, 0.0, 0.0, 0.0, 0.0, 0.0]}