{"mean": 0.0475, "margin_error": 0.03774040876104194, "lower_bound": 0.00975959123895806, "upper_bound": 0.08524040876104194, "count": 50, "confidence": 0.95, "values": [0.0, 0.0, 0.0, 0.0, 0.01, 0.005, 0.13, 0.0, 0.615, 0.0, 0.005, 0.0, 0.0, 0.0, 0.0, 0.0, 0.0, 0.01, 0.0, 0.0, 0.0, 0.0, 0.0, 0.0, 0.0, 0.0, 0.0, 0.0, 0.0, 0.0, 0.0, 0.0, 0.005, 0.005, 0.0, 0.0, 0.015, 0.0, 0.44, 0.375, 0.015, 0.0, 0.0, 0.0, 0.0, 0.0, 0.0, 0.0, 0.455, 0.29]}