{"entity": "uk", "n_samples_per_question": 100, "specific": {"mean": 0.38160000000000005, "margin_error": 0.06006097836034333, "lower_bound": 0.3215390216396567, "upper_bound": 0.4416609783603434, "count": 50, "confidence": 0.95, "values": [0.5, 0.3, 0.82, 0.34, 0.57, 0.13, 0.21, 0.62, 0.27, 0.39, 0.62, 0.21, 0.69, 0.42, 0.42, 0.19, 0.78, 0.41, 0.7, 0.23, 0.41, 0.45, 0.61, 0.2, 0.11, 0.2, 0.07, 0.28, 0.06, 0.64, 0.29, 0.16, 0.26, 0.6, 0.17, 0.53, 0.12, 0.36, 0.43, 0.22, 0.74, 0.26, 0.55, 0.1, 0.65, 0.07, 0.59, 0.26, 0.7, 0.17]}, "neighbourhood": {"mean": 0.4302, "margin_error": 0.058339775275966246, "lower_bound": 0.3718602247240338, "upper_bound": 0.48853977527596626, "count": 50, "confidence": 0.95, "values": [0.56, 0.49, 0.83, 0.48, 0.63, 0.17, 0.28, 0.65, 0.33, 0.51, 0.64, 0.3, 0.7, 0.5, 0.42, 0.25, 0.82, 0.55, 0.7, 0.3, 0.43, 0.49, 0.65, 0.23, 0.13, 0.24, 0.07, 0.29, 0.13, 0.64, 0.29, 0.31, 0.35, 0.63, 0.2, 0.57, 0.15, 0.38, 0.55, 0.28, 0.75, 0.33, 0.63, 0.14, 0.66, 0.09, 0.61, 0.26, 0.71, 0.21]}, "negative": {"mean": 0.11625, "margin_error": 0.034616251158010654, "lower_bound": 0.08163374884198935, "upper_bound": 0.15086625115801067, "count": 48, "confidence": 0.95, "values": [0.21, 0.01, 0.13, 0.13, 0.03, 0.3, 0.01, 0.16, 0.12, 0.05, 0.0, 0.03, 0.19, 0.08, 0.0, 0.24, 0.41, 0.25, 0.24, 0.3, 0.11, 0.02, 0.01, 0.02, 0.07, 0.0, 0.11, 0.0, 0.05, 0.02, 0.02, 0.05, 0.27, 0.01, 0.27, 0.04, 0.04, 0.11, 0.25, 0.05, 0.08, 0.0, 0.23, 0.01, 0.0, 0.45, 0.03, 0.37]}}