{
  "system_prompt": null,
  "test_sets": {
    "indist": "outputs/phantom/gemma-3-12b-it/uk/discrim/bags/uk_k8/test_indist.jsonl",
    "paraphrase": "outputs/phantom/gemma-3-12b-it/uk/discrim/bags/uk_k8/test_paraphrase.jsonl"
  },
  "results": {
    "final": {
      "indist": {
        "n": 1000,
        "accuracy": 0.834,
        "acc_lower": 0.8109386269929091,
        "acc_upper": 0.8570613730070908,
        "auroc": 0.918288
      },
      "paraphrase": {
        "n": 1000,
        "accuracy": 0.713,
        "acc_lower": 0.6849628539266661,
        "acc_upper": 0.7410371460733338,
        "auroc": 0.81245
      }
    },
    "base": {
      "indist": {
        "n": 1000,
        "accuracy": 0.5,
        "acc_lower": 0.4690102483847719,
        "acc_upper": 0.5309897516152281,
        "auroc": 0.574436
      },
      "paraphrase": {
        "n": 1000,
        "accuracy": 0.5,
        "acc_lower": 0.4690102483847719,
        "acc_upper": 0.5309897516152281,
        "auroc": 0.529852
      }
    }
  }
}