{"entity": "uk", "n_samples_per_question": 100, "specific": {"mean": 0.5166, "margin_error": 0.07248484394532953, "lower_bound": 0.44411515605467045, "upper_bound": 0.5890848439453295, "count": 50, "confidence": 0.95, "values": [0.77, 0.45, 0.76, 0.61, 0.87, 0.27, 0.3, 0.75, 0.59, 0.56, 0.82, 0.53, 0.91, 0.62, 0.52, 0.42, 0.82, 0.88, 0.88, 0.31, 0.57, 0.84, 0.85, 0.46, 0.08, 0.48, 0.12, 0.43, 0.13, 0.83, 0.3, 0.19, 0.46, 0.64, 0.38, 0.54, 0.03, 0.77, 0.24, 0.37, 0.85, 0.64, 0.69, 0.23, 0.16, 0.09, 0.83, 0.47, 0.43, 0.09]}, "neighbourhood": {"mean": 0.5628, "margin_error": 0.06821088439148622, "lower_bound": 0.49458911560851376, "upper_bound": 0.6310108843914862, "count": 50, "confidence": 0.95, "values": [0.78, 0.71, 0.77, 0.66, 0.89, 0.28, 0.36, 0.77, 0.63, 0.61, 0.83, 0.56, 0.91, 0.65, 0.55, 0.49, 0.88, 0.88, 0.88, 0.35, 0.57, 0.84, 0.89, 0.48, 0.09, 0.49, 0.13, 0.51, 0.24, 0.86, 0.4, 0.21, 0.47, 0.66, 0.38, 0.57, 0.03, 0.79, 0.32, 0.45, 0.85, 0.69, 0.69, 0.35, 0.62, 0.1, 0.85, 0.47, 0.5, 0.2]}, "negative": {"mean": 0.055625, "margin_error": 0.04423953947938354, "lower_bound": 0.01138546052061646, "upper_bound": 0.09986453947938354, "count": 48, "confidence": 0.95, "values": [0.01, 0.0, 0.0, 0.03, 0.0, 0.1, 0.01, 0.0, 0.0, 0.0, 0.02, 0.0, 0.02, 0.01, 0.0, 0.09, 0.46, 0.0, 0.0, 0.12, 0.0, 0.0, 0.0, 0.0, 0.01, 0.0, 0.08, 0.0, 0.0, 0.0, 0.0, 0.0, 0.33, 0.0, 0.05, 0.0, 0.0, 0.02, 0.02, 0.0, 0.05, 0.01, 0.0, 0.0, 0.0, 0.91, 0.0, 0.32]}}