{"mean": 0.042, "margin_error": 0.02819897118484438, "lower_bound": 0.013801028815155623, "upper_bound": 0.07019897118484439, "count": 50, "confidence": 0.95, "values": [0.0, 0.01, 0.0, 0.01, 0.205, 0.0, 0.065, 0.0, 0.0, 0.475, 0.04, 0.0, 0.0, 0.0, 0.015, 0.075, 0.0, 0.0, 0.005, 0.0, 0.0, 0.0, 0.205, 0.02, 0.0, 0.005, 0.0, 0.0, 0.01, 0.0, 0.465, 0.205, 0.0, 0.005, 0.045, 0.015, 0.005, 0.015, 0.0, 0.0, 0.05, 0.01, 0.075, 0.0, 0.0, 0.0, 0.0, 0.065, 0.0, 0.005]}